2019 07 01       21.989700       63.404202     1.00             NaN             NaN   18.3000000000             NaN  334.5090000000
2019 07 01       21.989700       63.404202     5.00             NaN             NaN   18.3000000000             NaN  318.8780000000
2019 07 01       21.989700       63.404202    10.00             NaN             NaN   20.0000000000             NaN  331.3830000000
2019 07 01       21.989700       63.404202    15.00             NaN             NaN   20.0000000000             NaN  331.3830000000
2019 07 01       21.989700       63.404202    23.40             NaN             NaN   28.3000000000             NaN  303.2470000000
2019 07 01       22.989000       63.878201     1.00             NaN    0.4000000000             NaN    0.0600000000             NaN
2019 07 01       22.928200       63.961201     1.00             NaN    0.4000000000             NaN    0.0600000000             NaN
2019 07 01       23.120501       63.902302     1.00             NaN    0.4000000000             NaN    0.0600000000             NaN
2019 07 01       22.830000       63.910198     1.00             NaN    0.4000000000             NaN    0.0600000000             NaN
2019 07 01       22.980200       63.918999     1.00             NaN             NaN   13.5000000000             NaN  312.6260000000
2019 07 01       22.980200       63.918999     5.00             NaN             NaN   13.3000000000             NaN  306.3730000000
2019 07 01       22.980200       63.918999    10.00             NaN             NaN   13.3000000000             NaN  315.7520000000
2019 07 01       22.980200       63.918999    17.30             NaN             NaN   16.6000000000             NaN  318.8780000000
2019 07 01       24.855000       60.134300     0.00    4.2000000000             NaN             NaN             NaN             NaN
2019 07 01       24.848499       60.195499     0.00   11.0000000000             NaN             NaN             NaN             NaN
2019 07 01       22.045799       60.312199     1.00             NaN    0.4000000000             NaN    0.1300000000  293.8680000000
2019 07 01       22.045799       60.312199    10.00             NaN    0.4000000000             NaN    0.1600000000  284.4890000000
2019 07 01       22.045799       60.312199    20.00             NaN    0.4000000000             NaN    0.2600000000  268.8580000000
2019 07 01       22.045799       60.312199    40.00             NaN    0.6000000000             NaN    0.2900000000  290.7420000000
2019 07 01       22.045799       60.312199    59.00             NaN    0.6000000000             NaN    0.2900000000  284.4890000000
2019 07 01       22.045799       60.312199    78.00             NaN    1.6000000000             NaN    0.3900000000  271.9840000000
2019 07 01       22.102301       60.377701     1.00             NaN    0.4000000000             NaN    0.1000000000  284.4890000000
2019 07 01       22.102301       60.377701    10.00             NaN    0.4000000000             NaN    0.1000000000  284.4890000000
2019 07 01       22.102301       60.377701    20.00             NaN    0.4000000000             NaN    0.2600000000  246.9740000000
2019 07 01       22.102301       60.377701    40.00             NaN    0.8000000000             NaN    0.2900000000  275.1110000000
2019 07 01       22.102301       60.377701    51.00             NaN    0.8000000000             NaN    0.3900000000  275.1110000000
2019 07 01       22.090700       60.439499     1.00             NaN    0.4000000000             NaN    0.1300000000  271.9840000000
2019 07 01       22.090700       60.439499     9.00             NaN    0.4000000000             NaN    0.1600000000  256.3530000000
2019 07 01       22.072001       60.446201     1.00             NaN    0.4000000000             NaN    0.1000000000  290.7420000000
2019 07 01       21.969000       60.487301     1.00             NaN    0.4000000000             NaN    0.1000000000  259.4790000000
2019 07 01       21.969000       60.487301    10.00             NaN    1.2000000000             NaN    0.2300000000  200.0800000000
2019 07 01       21.969000       60.487301    17.00             NaN    1.9000000000             NaN    0.3200000000  187.5750000000
2019 07 01       26.951200       60.403000     1.00             NaN    0.4000000000             NaN    0.1300000000  293.8680000000
2019 07 01       26.951200       60.403000    20.00             NaN    1.7000000000             NaN    1.5800000000  193.8280000000
2019 07 01       26.964001       60.448299     1.00             NaN    0.4000000000             NaN    0.0600000000  293.8680000000
2019 07 01       26.964001       60.448299    15.00             NaN    1.1000000000             NaN    0.7400000000  234.4690000000
2019 07 01       27.141701       60.493198     1.00             NaN    0.4000000000             NaN    0.3200000000  293.8680000000
2019 07 01       27.141701       60.493198    16.00             NaN    1.6000000000             NaN    1.4500000000  240.7220000000
2019 07 01       27.153799       60.514301     1.00             NaN    0.4000000000             NaN    0.3900000000  293.8680000000
2019 07 01       27.153799       60.514301    12.00             NaN    1.4000000000             NaN    2.0000000000  212.5850000000
2019 07 01       21.304501       63.293701     1.00             NaN             NaN    1.3000000000             NaN  318.8780000000
2019 07 01       21.304501       63.293701     5.70             NaN             NaN    1.1000000000             NaN  312.6260000000
2019 07 01       21.033001       62.985199     1.00             NaN             NaN   14.0000000000             NaN  322.0040000000
2019 07 01       21.033001       62.985199     5.00             NaN             NaN   14.6000000000             NaN  334.5090000000
2019 07 01       21.033001       62.985199    10.00             NaN             NaN   14.8000000000             NaN  303.2470000000
2019 07 01       21.033001       62.985199    16.30             NaN             NaN   15.8000000000             NaN  312.6260000000
2019 07 01       25.198500       60.196201     0.00    5.0000000000             NaN             NaN             NaN             NaN
2019 07 01       25.083799       60.195000     0.00    8.6000000000             NaN             NaN             NaN             NaN
2019 07 01       22.320200       60.360199     1.00             NaN    0.4000000000             NaN    0.1000000000  253.2270000000
2019 07 01       22.320200       60.360199    10.00             NaN    0.4000000000             NaN    0.1000000000             NaN
2019 07 01       22.320200       60.360199    20.00             NaN    1.5000000000             NaN    0.4500000000  146.9340000000
2019 07 01       22.174200       60.422001     1.00             NaN    0.4000000000             NaN    0.1000000000  265.7320000000
2019 07 01       22.197800       60.384499     1.00             NaN    0.4000000000             NaN    0.1000000000  246.9740000000
2019 07 01       24.993799       60.195801     0.00   22.0000000000             NaN             NaN             NaN             NaN
2019 07 01       22.552500       63.740002     1.00             NaN    0.4000000000             NaN    0.0600000000             NaN
2019 07 01       24.467300       60.054501     0.00    4.8000000000             NaN             NaN             NaN             NaN
2019 07 01       23.263201       59.855999     0.00    4.1000000000             NaN             NaN             NaN             NaN
2019 07 01       23.332199       59.920300     0.00    6.5000000000             NaN             NaN             NaN             NaN
2019 07 01       23.474501       60.021999     0.00    7.7000000000             NaN             NaN             NaN             NaN
2019 07 01       23.402800       59.968498     0.00    3.5000000000             NaN             NaN             NaN             NaN
2019 07 01       21.341801       59.805199     1.00             NaN    0.4000000000   12.3000000000    0.2300000000  303.2470000000
2019 07 01       21.341801       59.805199     5.00             NaN    0.4000000000   12.3000000000    0.2600000000  303.2470000000
2019 07 01       21.341801       59.805199    10.00             NaN    0.4000000000   12.6000000000    0.2600000000  296.9940000000
2019 07 01       21.341801       59.805199    20.00             NaN    0.4000000000   16.5000000000    0.4500000000  293.8680000000
2019 07 01       21.341801       59.805199    40.00             NaN    1.4000000000   21.6000000000    0.9700000000  265.7320000000
2019 07 01       21.341801       59.805199    65.00             NaN    3.8000000000   30.0000000000    1.5200000000  193.8280000000
2019 07 01       -6.149000       53.342999     0.00    0.5000000000    0.7000000000    0.9000000000    1.2900000000  254.5670000000
2019 07 01       -6.149000       53.342999     6.00    0.5000000000    3.2000000000    0.4000000000    0.4200000000  267.9650000000
2019 07 01       -6.174200       53.343201     0.00    3.4000000000    0.8000000000    1.8000000000    2.3200000000  259.0330000000
2019 07 01       -6.174200       53.343201     6.50    1.4000000000    2.5000000000    0.4000000000    0.8400000000  241.1680000000
2019 07 01       -6.210300       53.357300     0.00    3.0000000000    4.9000000000    2.0000000000    1.8400000000  267.9650000000
2019 07 01       -6.210300       53.357300     2.60    4.0000000000    6.6000000000    1.5000000000    1.5800000000  263.4990000000
2019 07 01       -6.191200       53.353500     0.00    4.9000000000    2.0000000000    1.0000000000    1.4900000000  272.4310000000
2019 07 01       -6.191200       53.353500     3.10    4.0000000000    3.4000000000    0.4000000000    1.2300000000  263.4990000000
2019 07 01       -6.179700       53.359299     0.00    2.3000000000    1.4000000000    0.4000000000    1.5500000000  267.9650000000
2019 07 01       -6.179700       53.359299     1.90    2.3000000000    1.4000000000    0.4000000000    1.5500000000  267.9650000000
2019 07 01       -6.195200       53.343800     0.00    7.3000000000    0.9000000000    1.3000000000    1.1900000000  267.9650000000
2019 07 01       -6.195200       53.343800     4.60    1.4000000000    8.6000000000    0.4000000000    0.7400000000  259.0330000000
2019 07 01       -6.224800       53.345501     0.00    3.3000000000    2.6000000000   21.6000000000    1.6500000000  267.9650000000
2019 07 01       -6.224800       53.345501     7.80    5.9000000000   29.3000000000    0.9000000000    1.2300000000  259.0330000000
2019 07 01       -6.273200       53.345200     0.00    1.1000000000    2.1000000000   19.1000000000    1.7100000000  245.6340000000
2019 07 01       -6.273200       53.345200     1.60    8.1000000000             NaN    0.4000000000    2.2000000000  227.7700000000
2019 07 01       -6.251700       53.347801     0.00    0.5000000000    4.9000000000    0.4000000000    1.8100000000  245.6340000000
2019 07 01       -6.251700       53.347801     3.00    3.0000000000             NaN    1.7000000000    2.1000000000  227.7700000000
2019 07 01       -6.174200       53.343201     0.00    1.5000000000    3.0000000000   14.0000000000   11.0000000000  272.4310000000
2019 07 01       -6.174200       53.343201     4.60    2.4000000000   12.1000000000    0.4000000000    0.7100000000  254.5670000000
2019 07 01       -6.149000       53.342999     0.00    4.5000000000    1.5000000000    0.8000000000    1.2900000000             NaN
2019 07 01       -6.141000       53.452202     0.00    1.3000000000    2.4000000000    0.4000000000    0.6100000000  267.9650000000
2019 07 01       -6.141000       53.452202     5.90    0.5000000000    1.8000000000    0.4000000000    0.3100000000  267.9650000000
2019 07 01       -6.115200       53.303299     0.00    0.5000000000    0.4000000000    0.4000000000    0.1900000000  276.8970000000
2019 07 01       -6.115200       53.303299    11.20    0.5000000000    0.4000000000    0.4000000000    0.1900000000  276.8970000000
2019 07 01       -6.080200       53.324699     0.00    0.5000000000    1.4000000000    0.4000000000    0.1900000000  276.8970000000
2019 07 01       -6.080200       53.324699    13.60    0.5000000000    1.4000000000    0.4000000000    0.1900000000  276.8970000000
2019 07 01       -6.116200       53.331699     0.00    1.2000000000    0.4000000000    0.4000000000    0.0800000000  276.8970000000
2019 07 01       -6.116200       53.331699    10.70    1.2000000000    0.4000000000    0.4000000000    0.0800000000  276.8970000000
2019 07 01       -6.076700       53.356499     0.00    0.5000000000    0.4000000000    0.4000000000    0.1900000000  281.3630000000
2019 07 01       -6.076700       53.356499    10.20    0.5000000000    0.4000000000    0.4000000000    0.1900000000  276.8970000000
2019 07 01       -6.110800       53.351700     0.00    1.0000000000    0.4000000000    0.4000000000    0.1600000000  276.8970000000
2019 07 01       -6.110800       53.351700     8.90    1.2000000000    0.4000000000    0.4000000000    0.1900000000  276.8970000000
2019 07 01       -6.136700       53.349998     0.00    1.7000000000    0.4000000000    0.4000000000    0.1900000000  285.8290000000
2019 07 01       -6.136700       53.349998     6.00    1.7000000000    0.4000000000    0.4000000000    0.1900000000  285.8290000000
2019 07 01       -6.149000       53.342999     0.00    2.4000000000    2.5000000000    5.0000000000    4.2000000000  254.5670000000
2019 07 01       -6.149000       53.342999     5.70    1.7000000000    9.3000000000    0.4000000000    0.3200000000  276.8970000000
2019 07 01       -6.174200       53.343201     0.00    1.5000000000    1.0000000000   12.0000000000    7.8000000000  250.1000000000
2019 07 01       -6.174200       53.343201     5.50    0.5000000000   18.6000000000    0.4000000000    0.7700000000  254.5670000000
2019 07 01       -6.195200       53.343800     0.00    1.0000000000    1.4000000000    1.2000000000    1.0300000000  254.5670000000
2019 07 01       -6.195200       53.343800    11.60    0.5000000000    5.1000000000    0.4000000000    0.3900000000  272.4310000000
2019 07 01       -6.224800       53.345501     0.00    3.5000000000    4.6000000000    3.7000000000    1.0300000000  267.9650000000
2019 07 01       -6.224800       53.345501     9.20    2.5000000000   17.9000000000    3.7000000000    1.1600000000  254.5670000000
2019 07 01       -6.137000       53.333302     0.00    2.5000000000    0.4000000000    5.2000000000    0.1600000000  285.8290000000
2019 07 01       -6.137000       53.333302     7.70    2.5000000000    0.4000000000    5.2000000000    0.1600000000  281.3630000000
2019 07 01       -6.138700       53.318501     0.00    2.4000000000    0.4000000000    0.4000000000    0.1600000000  281.3630000000
2019 07 01       -6.138700       53.318501     9.40    1.5000000000    1.6000000000    0.4000000000    0.2600000000  281.3630000000
2019 07 01       18.669001       54.668999     0.00    3.4000000000             NaN             NaN             NaN             NaN
2019 07 01       18.669001       54.668999     1.00             NaN    3.8000000000    5.7000000000    0.3200000000  310.3930000000
2019 07 01       18.669001       54.668999     2.00             NaN    2.9000000000    5.4000000000    0.2600000000  310.3930000000
2019 07 01       18.558001       54.618999     0.00    2.5000000000             NaN             NaN             NaN             NaN
2019 07 01       18.558001       54.618999     1.00             NaN    1.4000000000    5.5000000000    0.2600000000  313.5190000000
2019 07 01       18.558001       54.618999    10.50             NaN    3.1000000000    5.7000000000    0.2400000000  297.4410000000
2019 07 01       18.577000       54.483002     0.00    3.2000000000             NaN             NaN             NaN             NaN
2019 07 01       18.577000       54.483002     1.00             NaN    3.4000000000    7.4000000000    0.3600000000  304.1400000000
2019 07 01       18.577000       54.483002     5.50             NaN    3.5000000000    5.8000000000    0.3400000000  313.5190000000
2019 07 01       18.683001       54.567001     0.00    3.7000000000             NaN             NaN             NaN             NaN
2019 07 01       18.683001       54.567001     1.00             NaN    4.0000000000    8.8000000000    0.4100000000  310.3930000000
2019 07 01       18.683001       54.567001    10.00    3.2000000000             NaN             NaN             NaN             NaN
2019 07 01       18.683001       54.567001    36.00             NaN    3.4000000000    7.2000000000    0.4600000000  304.1400000000
2019 07 01       18.572001       54.516998     0.00    3.4000000000             NaN             NaN             NaN             NaN
2019 07 01       18.572001       54.516998     1.00             NaN    4.0000000000    7.5000000000    0.7000000000  291.1880000000
2019 07 01       18.572001       54.516998     9.00             NaN    4.1000000000    7.2000000000    0.7400000000  275.1110000000
2019 07 01       19.496000       54.416000     0.00   14.0000000000             NaN             NaN             NaN             NaN
2019 07 01       19.496000       54.416000     1.00             NaN    3.5000000000    6.2000000000    0.5500000000  301.0140000000
2019 07 01       19.496000       54.416000     4.50             NaN    3.5000000000    6.9000000000    0.6100000000  304.1400000000
2019 07 01       23.466700       58.583302     0.00    3.1600000000             NaN             NaN             NaN             NaN
2019 07 01        4.404700       52.260700     1.00    6.1000000000    0.7000000000    0.7000000000    0.1000000000  233.1290000000
2019 07 01        6.308700       53.953300     1.00    3.2000000000    0.7000000000    0.9000000000    0.1300000000  223.7510000000
2019 07 01        6.212700       54.117500     1.00    2.1000000000    0.7000000000    1.1000000000    0.0300000000  222.4110000000
2019 07 01        4.765500       53.766800     1.00    0.4300000000    0.7000000000    1.3000000000    0.1100000000  229.5570000000
2019 07 01        5.099300       53.460499     1.00    2.4000000000    0.7000000000    0.7000000000    0.0900000000  234.0230000000
2019 07 01        3.530000       52.585499     1.00    0.9300000000    0.7000000000    0.8000000000    0.1100000000  235.3620000000
2019 07 01        4.173500       52.341000     1.00    3.9000000000    0.7000000000    0.4000000000    0.1300000000  233.1290000000
2019 07 01        4.301200       52.301498     1.00    3.3000000000    0.7000000000    0.4000000000    0.0300000000  238.0420000000
2019 07 01        4.127000       51.515301     1.00    1.3200000000    0.7000000000    5.3000000000    1.0600000000  224.6440000000
2019 07 01        3.720500       51.601501     1.00    0.9500000000    0.8000000000    2.8000000000    0.3200000000  231.3430000000
2019 07 01        4.097000       51.644699     1.00    4.3000000000    0.7000000000    0.9000000000    0.1700000000  305.4800000000
2019 07 01        4.750000       52.982498     1.00    2.2000000000    0.7000000000    1.0000000000    0.1500000000  258.5860000000
2019 07 01        5.032300       53.052799     1.00    7.2000000000    0.9000000000    1.8000000000    0.1200000000  257.2460000000
2019 07 01     -142.869003       50.174000     3.85    1.6340000000             NaN             NaN             NaN  296.3960000000
2019 07 01     -142.869003       50.174000     5.85    1.7090000000             NaN             NaN             NaN  296.3750000000
2019 07 01     -142.869003       50.174000     7.85    1.6830000000             NaN             NaN             NaN  296.3880000000
2019 07 01     -142.869003       50.174000     9.75    1.7340000000             NaN             NaN             NaN  298.7660000000
2019 07 01     -142.869003       50.174000    11.85    1.9720000000             NaN             NaN             NaN  302.2260000000
2019 07 01     -142.869003       50.174000    13.85    2.2240000000             NaN             NaN             NaN  301.6780000000
2019 07 01     -142.869003       50.174000    15.85    2.3850000000             NaN             NaN             NaN  300.4110000000
2019 07 01     -142.869003       50.174000    17.85    2.6150000000             NaN             NaN             NaN  299.6030000000
2019 07 01     -142.869003       50.174000    19.85    2.5800000000             NaN             NaN             NaN  298.5650000000
2019 07 01     -142.869003       50.174000    21.85    2.6430000000             NaN             NaN             NaN  297.7610000000
2019 07 01     -142.869003       50.174000    23.85    2.6200000000             NaN             NaN             NaN  296.4450000000
2019 07 01     -142.869003       50.174000    26.33    2.4340000000             NaN             NaN             NaN  295.0610000000
2019 07 01     -142.869003       50.174000    28.15    2.1660000000             NaN             NaN             NaN  294.0660000000
2019 07 01     -142.869003       50.174000    29.65    1.8780000000             NaN             NaN             NaN  292.4440000000
2019 07 01     -142.869003       50.174000    31.85    1.5010000000             NaN             NaN             NaN  293.1240000000
2019 07 01     -142.869003       50.174000    33.75    1.3640000000             NaN             NaN             NaN  294.9410000000
2019 07 01     -142.869003       50.174000    35.85    1.0410000000             NaN             NaN             NaN  297.6810000000
2019 07 01     -142.869003       50.174000    37.85    0.7820000000             NaN             NaN             NaN  303.2990000000
2019 07 01     -142.869003       50.174000    39.85    0.6890000000             NaN             NaN             NaN  304.1890000000
2019 07 01     -142.869003       50.174000    41.85    0.6290000000             NaN             NaN             NaN  304.3370000000
2019 07 01     -142.869003       50.174000    43.85    0.5500000000             NaN             NaN             NaN  303.5320000000
2019 07 01     -142.869003       50.174000    45.85    0.4680000000             NaN             NaN             NaN  303.0720000000
2019 07 01     -142.869003       50.174000    47.85    0.4410000000             NaN             NaN             NaN  303.1790000000
2019 07 01     -142.869003       50.174000    49.95    0.3610000000             NaN             NaN             NaN  303.4410000000
2019 07 01     -142.869003       50.174000    51.85    0.3070000000             NaN             NaN             NaN  303.1380000000
2019 07 01     -142.869003       50.174000    53.85    0.2950000000             NaN             NaN             NaN  302.5610000000
2019 07 01     -142.869003       50.174000    55.85    0.2700000000             NaN             NaN             NaN  302.1980000000
2019 07 01     -142.869003       50.174000    57.85    0.2490000000             NaN             NaN             NaN  301.8380000000
2019 07 01     -142.869003       50.174000    59.85    0.2020000000             NaN             NaN             NaN  301.4360000000
2019 07 01     -142.869003       50.174000    61.85    0.1920000000             NaN             NaN             NaN  301.1320000000
2019 07 01     -142.869003       50.174000    63.85    0.1670000000             NaN             NaN             NaN  300.8310000000
2019 07 01     -142.869003       50.174000    65.75    0.1500000000             NaN             NaN             NaN  300.4720000000
2019 07 01     -142.869003       50.174000    67.85    0.1460000000             NaN             NaN             NaN  300.4620000000
2019 07 01     -142.869003       50.174000    69.85    0.1300000000             NaN             NaN             NaN  300.4920000000
2019 07 01     -142.869003       50.174000    71.85    0.2240000000             NaN             NaN             NaN  300.5400000000
2019 07 01     -142.869003       50.174000    73.85    0.1140000000             NaN             NaN             NaN  300.8350000000
2019 07 01     -142.869003       50.174000    75.95    0.1160000000             NaN             NaN             NaN  300.7020000000
2019 07 01     -142.869003       50.174000    77.85    0.1180000000             NaN             NaN             NaN  300.1020000000
2019 07 01     -142.869003       50.174000    79.85    0.1080000000             NaN             NaN             NaN  298.5660000000
2019 07 01     -142.869003       50.174000    81.85    0.0990000000             NaN             NaN             NaN  296.0540000000
2019 07 01     -142.869003       50.174000    83.75    0.1020000000             NaN             NaN             NaN  294.2050000000
2019 07 01     -142.869003       50.174000    85.85    0.0780000000             NaN             NaN             NaN  291.9380000000
2019 07 01     -142.869003       50.174000    87.85    0.0790000000             NaN             NaN             NaN  290.6510000000
2019 07 01     -142.869003       50.174000    89.85    0.0790000000             NaN             NaN             NaN  288.8360000000
2019 07 01     -142.869003       50.174000    91.85    0.0710000000             NaN             NaN             NaN  286.8660000000
2019 07 01     -142.869003       50.174000    93.85    0.0730000000             NaN             NaN             NaN  284.6250000000
2019 07 01     -142.869003       50.174000    95.85    0.0610000000             NaN             NaN             NaN  282.0270000000
2019 07 01     -142.869003       50.174000    97.95    0.0730000000             NaN             NaN             NaN  279.2640000000
2019 07 01     -142.869003       50.174000    99.85    0.0960000000             NaN             NaN             NaN  275.5530000000
2019 07 01     -142.869003       50.174000   101.85    0.0430000000             NaN             NaN             NaN  270.8350000000
2019 07 01     -142.869003       50.174000   103.85    0.0480000000             NaN             NaN             NaN  269.3650000000
2019 07 01     -142.869003       50.174000   105.85    0.0450000000             NaN             NaN             NaN  268.3270000000
2019 07 01     -142.869003       50.174000   107.95    0.0510000000             NaN             NaN             NaN  266.2070000000
2019 07 01     -142.869003       50.174000   110.04    0.0490000000             NaN             NaN             NaN  260.1970000000
2019 07 01     -142.869003       50.174000   111.73    0.0410000000             NaN             NaN             NaN  257.4160000000
2019 07 01     -142.869003       50.174000   113.95    0.0340000000             NaN             NaN             NaN  253.1990000000
2019 07 01     -142.869003       50.174000   115.20    0.0330000000             NaN             NaN             NaN  250.9180000000
2019 07 01     -142.869003       50.174000   116.50    0.0310000000             NaN             NaN             NaN  248.5890000000
2019 07 01     -142.869003       50.174000   117.85    0.0270000000             NaN             NaN             NaN  246.2130000000
2019 07 01     -142.869003       50.174000   119.22    0.0260000000             NaN             NaN             NaN  243.5140000000
2019 07 01     -142.869003       50.174000   122.34    0.0320000000             NaN             NaN             NaN  237.1100000000
2019 07 01     -142.869003       50.174000   124.08    0.0240000000             NaN             NaN             NaN  234.9910000000
2019 07 01     -142.869003       50.174000   125.85    0.0220000000             NaN             NaN             NaN  233.6680000000
2019 07 01     -142.869003       50.174000   127.85    0.0200000000             NaN             NaN             NaN  231.0770000000
2019 07 01     -142.869003       50.174000   129.85    0.0160000000             NaN             NaN             NaN  226.7280000000
2019 07 01     -142.869003       50.174000   131.85    0.0260000000             NaN             NaN             NaN  221.6940000000
2019 07 01     -142.869003       50.174000   133.85    0.0150000000             NaN             NaN             NaN  216.0590000000
2019 07 01     -142.869003       50.174000   135.85    0.0190000000             NaN             NaN             NaN  210.6900000000
2019 07 01     -142.869003       50.174000   137.85    0.0140000000             NaN             NaN             NaN  204.0100000000
2019 07 01     -142.869003       50.174000   139.85    0.0230000000             NaN             NaN             NaN  198.4520000000
2019 07 01     -142.869003       50.174000   141.85    0.0140000000             NaN             NaN             NaN  195.8790000000
2019 07 01     -142.869003       50.174000   143.85    0.0140000000             NaN             NaN             NaN  192.7040000000
2019 07 01     -142.869003       50.174000   145.85    0.0220000000             NaN             NaN             NaN  189.4960000000
2019 07 01     -142.869003       50.174000   147.85    0.0160000000             NaN             NaN             NaN  187.1840000000
2019 07 01     -142.869003       50.174000   149.85    0.0230000000             NaN             NaN             NaN  183.6740000000
2019 07 01     -142.869003       50.174000   153.85    0.0210000000             NaN             NaN             NaN  177.6520000000
2019 07 01     -142.869003       50.174000   163.85    0.0110000000             NaN             NaN             NaN  169.9380000000
2019 07 01     -142.869003       50.174000   181.85    0.0700000000             NaN             NaN             NaN  156.4270000000
2019 07 01     -142.869003       50.174000   249.85    0.0560000000             NaN             NaN             NaN  109.6320000000
2019 07 01     -142.869003       50.174000   261.85    0.0120000000             NaN             NaN             NaN  101.8380000000
2019 07 01     -142.869003       50.174000   267.85    0.0110000000             NaN             NaN             NaN   99.7660000000
2019 07 01     -142.869003       50.174000   275.85    0.0170000000             NaN             NaN             NaN   96.8450000000
2019 07 01     -142.869003       50.174000   287.85    0.0110000000             NaN             NaN             NaN   90.9160000000
2019 07 01     -142.869003       50.174000   291.85    0.0110000000             NaN             NaN             NaN   89.8230000000
2019 07 01     -142.869003       50.174000   293.85    0.0110000000             NaN             NaN             NaN   89.2600000000
2019 07 01     -142.869003       50.174000   297.85    0.0120000000             NaN             NaN             NaN   88.3130000000
2019 07 01     -142.869003       50.174000   303.85    0.0110000000             NaN             NaN             NaN   86.0540000000
2019 07 01     -142.869003       50.174000   307.85    0.0140000000             NaN             NaN             NaN   84.2070000000
2019 07 01     -142.869003       50.174000   309.85    0.0120000000             NaN             NaN             NaN   83.3450000000
2019 07 01     -142.869003       50.174000   311.85    0.0140000000             NaN             NaN             NaN   82.6040000000
2019 07 01     -142.869003       50.174000   321.85    0.0110000000             NaN             NaN             NaN   78.8610000000
2019 07 01     -142.869003       50.174000   325.85    0.0110000000             NaN             NaN             NaN   77.6450000000
2019 07 01     -142.869003       50.174000   379.85    0.0130000000             NaN             NaN             NaN   62.4700000000
2019 07 01     -142.869003       50.174000   387.85    0.0110000000             NaN             NaN             NaN   60.6730000000
2019 07 01     -142.869003       50.174000   407.85    0.0210000000             NaN             NaN             NaN   56.4250000000
2019 07 01     -142.869003       50.174000   535.85    0.0520000000             NaN             NaN             NaN   38.4460000000
2019 07 01     -142.869003       50.174000   599.85    0.0110000000             NaN             NaN             NaN   32.3330000000
2019 07 01        2.561000       67.504997    11.85    3.1750000000             NaN             NaN             NaN  310.8270000000
2019 07 01        2.561000       67.504997    16.39    3.1320000000             NaN             NaN             NaN  309.1670000000
2019 07 01        2.561000       67.504997    21.94    3.0400000000             NaN             NaN             NaN  307.6710000000
2019 07 01        2.561000       67.504997    26.92    3.0590000000             NaN             NaN             NaN  306.4120000000
2019 07 01        2.561000       67.504997    31.82    2.6640000000             NaN             NaN             NaN  302.5870000000
2019 07 01        2.561000       67.504997    36.59    1.1210000000             NaN             NaN             NaN  297.1750000000
2019 07 01        2.561000       67.504997    41.47    0.3070000000             NaN             NaN             NaN  299.4920000000
2019 07 01        2.561000       67.504997    46.36    0.2260000000             NaN             NaN             NaN  299.8540000000
2019 07 01        2.561000       67.504997    51.37    0.1750000000             NaN             NaN             NaN  300.3550000000
2019 07 01        2.561000       67.504997    56.44    0.1530000000             NaN             NaN             NaN  300.6290000000
2019 07 01        2.561000       67.504997    61.67    0.1090000000             NaN             NaN             NaN  299.0920000000
2019 07 01        2.561000       67.504997    66.26    0.0950000000             NaN             NaN             NaN  296.0570000000
2019 07 01        2.561000       67.504997    71.65    0.0800000000             NaN             NaN             NaN  293.5900000000
2019 07 01        2.561000       67.504997    76.12    0.0580000000             NaN             NaN             NaN  291.7720000000
2019 07 01        2.561000       67.504997    81.61    0.0510000000             NaN             NaN             NaN  290.6920000000
2019 07 01        2.561000       67.504997    86.13    0.0440000000             NaN             NaN             NaN  290.3820000000
2019 07 01        2.561000       67.504997    91.75    0.0360000000             NaN             NaN             NaN  291.4480000000
2019 07 01        2.561000       67.504997    96.58    0.0400000000             NaN             NaN             NaN  291.6420000000
2019 07 01        2.561000       67.504997   101.31    0.0330000000             NaN             NaN             NaN  291.6330000000
2019 07 01        2.561000       67.504997   106.02    0.0290000000             NaN             NaN             NaN  291.0720000000
2019 07 01        2.561000       67.504997   111.88    0.0260000000             NaN             NaN             NaN  291.2170000000
2019 07 01        2.561000       67.504997   116.63    0.0180000000             NaN             NaN             NaN  291.3720000000
2019 07 01        2.561000       67.504997   121.36    0.0220000000             NaN             NaN             NaN  291.9440000000
2019 07 01        2.561000       67.504997   126.26    0.0220000000             NaN             NaN             NaN  291.1440000000
2019 07 01        2.561000       67.504997   130.96    0.0260000000             NaN             NaN             NaN  291.3430000000
2019 07 01        2.561000       67.504997   136.81    0.0180000000             NaN             NaN             NaN  291.9740000000
2019 07 01        2.561000       67.504997   141.57    0.0220000000             NaN             NaN             NaN  291.2400000000
2019 07 01        2.561000       67.504997   146.33    0.0180000000             NaN             NaN             NaN  292.0270000000
2019 07 01        2.561000       67.504997   151.11    0.0220000000             NaN             NaN             NaN  291.5560000000
2019 07 01        2.561000       67.504997   160.97    0.0110000000             NaN             NaN             NaN  291.6810000000
2019 07 01        2.561000       67.504997   166.92    0.0110000000             NaN             NaN             NaN  291.3390000000
2019 07 01        2.561000       67.504997   176.65    0.0110000000             NaN             NaN             NaN  293.1560000000
2019 07 01        2.561000       67.504997  1401.35    0.0110000000             NaN             NaN             NaN  312.1440000000
2019 07 01        2.561000       67.504997  1451.66    0.0110000000             NaN             NaN             NaN  312.0200000000
2019 07 01       -7.522000       66.682999    21.21    1.2710000000             NaN             NaN             NaN  329.5430000000
2019 07 01       -7.522000       66.682999    26.27    1.6490000000             NaN             NaN             NaN  333.5900000000
2019 07 01       -7.522000       66.682999    31.62    1.5620000000             NaN             NaN             NaN  332.4880000000
2019 07 01       -7.522000       66.682999    36.02    1.4870000000             NaN             NaN             NaN  334.0490000000
2019 07 01       -7.522000       66.682999    41.09    1.3720000000             NaN             NaN             NaN  332.3260000000
2019 07 01       -7.522000       66.682999    46.44    1.2240000000             NaN             NaN             NaN  329.8160000000
2019 07 01       -7.522000       66.682999    51.49    0.8170000000             NaN             NaN             NaN  326.8070000000
2019 07 01       -7.522000       66.682999    56.55    0.6050000000             NaN             NaN             NaN  324.9190000000
2019 07 01       -7.522000       66.682999    61.62    0.4280000000             NaN             NaN             NaN  325.2200000000
2019 07 01       -7.522000       66.682999    66.68    0.3960000000             NaN             NaN             NaN  324.1700000000
2019 07 01       -7.522000       66.682999    71.34    0.3170000000             NaN             NaN             NaN  324.9060000000
2019 07 01       -7.522000       66.682999    76.71    0.2300000000             NaN             NaN             NaN  324.7070000000
2019 07 01       -7.522000       66.682999    81.40    0.2020000000             NaN             NaN             NaN  325.1460000000
2019 07 01       -7.522000       66.682999    86.02    0.1760000000             NaN             NaN             NaN  324.8570000000
2019 07 01       -7.522000       66.682999    90.97    0.1190000000             NaN             NaN             NaN  325.2630000000
2019 07 01       -7.522000       66.682999    96.13    0.0940000000             NaN             NaN             NaN  325.5520000000
2019 07 01       -7.522000       66.682999   101.14    0.0760000000             NaN             NaN             NaN  325.8360000000
2019 07 01       -7.522000       66.682999   106.29    0.0580000000             NaN             NaN             NaN  326.3300000000
2019 07 01       -7.522000       66.682999   111.55    0.0610000000             NaN             NaN             NaN  325.6770000000
2019 07 01       -7.522000       66.682999   115.82    0.0500000000             NaN             NaN             NaN  325.2360000000
2019 07 01       -7.522000       66.682999   121.07    0.0400000000             NaN             NaN             NaN  323.8370000000
2019 07 01       -7.522000       66.682999   125.76    0.0500000000             NaN             NaN             NaN  322.9690000000
2019 07 01       -7.522000       66.682999   131.19    0.0290000000             NaN             NaN             NaN  321.5960000000
2019 07 01       -7.522000       66.682999   136.60    0.0220000000             NaN             NaN             NaN  319.7430000000
2019 07 01       -7.522000       66.682999   141.04    0.0320000000             NaN             NaN             NaN  319.1930000000
2019 07 01       -7.522000       66.682999   146.58    0.0180000000             NaN             NaN             NaN  318.6860000000
2019 07 01       -7.522000       66.682999   151.19    0.0180000000             NaN             NaN             NaN  315.7880000000
2019 07 01       -7.522000       66.682999   156.04    0.0180000000             NaN             NaN             NaN  313.1200000000
2019 07 01       -7.522000       66.682999   161.63    0.0140000000             NaN             NaN             NaN  309.8690000000
2019 07 01       -7.522000       66.682999   166.20    0.0140000000             NaN             NaN             NaN  307.9080000000
2019 07 01       -7.522000       66.682999   178.24    0.0110000000             NaN             NaN             NaN  307.4930000000
2019 07 01       -7.522000       66.682999   186.41    0.0110000000             NaN             NaN             NaN  308.4690000000
2019 07 01       -7.522000       66.682999   251.63    0.0110000000             NaN             NaN             NaN  307.9530000000
2019 07 01       -7.522000       66.682999   261.57    0.0110000000             NaN             NaN             NaN  308.5540000000
2019 07 01       -7.522000       66.682999   341.29    0.0110000000             NaN             NaN             NaN  309.9190000000
2019 07 01       -7.522000       66.682999   349.40    0.0110000000             NaN             NaN             NaN  310.1610000000
2019 07 01       -7.522000       66.682999   361.06    0.0110000000             NaN             NaN             NaN  310.2820000000
2019 07 01       -7.522000       66.682999   421.69    0.0110000000             NaN             NaN             NaN  310.4590000000
2019 07 01       -7.522000       66.682999   440.89    0.0110000000             NaN             NaN             NaN  310.6720000000
2019 07 01       -7.522000       66.682999   501.02    0.0110000000             NaN             NaN             NaN  311.3920000000
2019 07 01       -7.522000       66.682999   751.75    0.0140000000             NaN             NaN             NaN  308.7400000000
2019 07 01       -7.522000       66.682999  1101.22    0.0110000000             NaN             NaN             NaN  309.4150000000
2019 07 01       -7.522000       66.682999  1351.54    0.0110000000             NaN             NaN             NaN  306.5320000000
2019 07 01       -7.522000       66.682999  1450.96    0.0110000000             NaN             NaN             NaN  302.3490000000
2019 07 01       -7.522000       66.682999  1551.49    0.0140000000             NaN             NaN             NaN  302.1040000000
2019 07 01       -7.522000       66.682999  1651.67    0.0140000000             NaN             NaN             NaN  301.7360000000
2019 07 01       -7.522000       66.682999  1801.23    0.0110000000             NaN             NaN             NaN  300.4020000000
2019 07 01       -7.522000       66.682999  1851.61    0.0110000000             NaN             NaN             NaN  300.0730000000
2019 07 01       -7.522000       66.682999  1951.69    0.0110000000             NaN             NaN             NaN  297.8890000000
2019 07 01        0.571780       67.494957    12.10    1.4550000000             NaN             NaN             NaN  301.6020000000
2019 07 01        0.571780       67.494957    13.60    1.4540000000             NaN             NaN             NaN  301.4730000000
2019 07 01        0.571780       67.494957    15.10    1.6180000000             NaN             NaN             NaN  301.1500000000
2019 07 01        0.571780       67.494957    16.50    1.4230000000             NaN             NaN             NaN  300.6680000000
2019 07 01        0.571780       67.494957    18.10    1.2610000000             NaN             NaN             NaN  300.7010000000
2019 07 01        0.571780       67.494957    19.70    1.2880000000             NaN             NaN             NaN  301.8360000000
2019 07 01        0.571780       67.494957    21.50    0.7460000000             NaN             NaN             NaN  302.4790000000
2019 07 01        0.571780       67.494957    23.20    0.8750000000             NaN             NaN             NaN  301.5420000000
2019 07 01        0.571780       67.494957    25.00    0.6090000000             NaN             NaN             NaN  301.3490000000
2019 07 01        0.571780       67.494957    27.00    0.6000000000             NaN             NaN             NaN  301.0770000000
2019 07 01        0.571780       67.494957    29.00    0.5530000000             NaN             NaN             NaN  300.6650000000
2019 07 01        0.571780       67.494957    31.10    0.5040000000             NaN             NaN             NaN  299.8890000000
2019 07 01        0.571780       67.494957    33.30    0.4250000000             NaN             NaN             NaN  298.9630000000
2019 07 01        0.571780       67.494957    35.50    0.3690000000             NaN             NaN             NaN  297.5460000000
2019 07 01        0.571780       67.494957    37.70    0.2920000000             NaN             NaN             NaN  296.2690000000
2019 07 01        0.571780       67.494957    40.00    0.2120000000             NaN             NaN             NaN  296.4680000000
2019 07 01        0.571780       67.494957    42.30    0.2100000000             NaN             NaN             NaN  295.6820000000
2019 07 01        0.571780       67.494957    44.70    0.1670000000             NaN             NaN             NaN  295.4510000000
2019 07 01        0.571780       67.494957    47.00    0.1560000000             NaN             NaN             NaN  295.6290000000
2019 07 01        0.571780       67.494957    49.40    0.1240000000             NaN             NaN             NaN  295.5640000000
2019 07 01        0.571780       67.494957    51.80    0.1270000000             NaN             NaN             NaN  295.4080000000
2019 07 01        0.571780       67.494957    54.20    0.1090000000             NaN             NaN             NaN  294.8960000000
2019 07 01        0.571780       67.494957    56.60    0.1010000000             NaN             NaN             NaN  295.0790000000
2019 07 01        0.571780       67.494957    59.10    0.0820000000             NaN             NaN             NaN  294.7470000000
2019 07 01        0.571780       67.494957    61.60    0.0590000000             NaN             NaN             NaN  295.2350000000
2019 07 01        0.571780       67.494957    64.00    0.0690000000             NaN             NaN             NaN  294.5120000000
2019 07 01        0.571780       67.494957    66.60    0.0580000000             NaN             NaN             NaN  294.8260000000
2019 07 01        0.571780       67.494957    69.00    0.0540000000             NaN             NaN             NaN  294.8800000000
2019 07 01        0.571780       67.494957    71.50    0.0410000000             NaN             NaN             NaN  295.3230000000
2019 07 01        0.571780       67.494957    74.00    0.0500000000             NaN             NaN             NaN  295.7580000000
2019 07 01        0.571780       67.494957    76.50    0.0330000000             NaN             NaN             NaN  295.7710000000
2019 07 01        0.571780       67.494957    79.10    0.0290000000             NaN             NaN             NaN  296.0700000000
2019 07 01        0.571780       67.494957    81.60    0.0290000000             NaN             NaN             NaN  296.7190000000
2019 07 01        0.571780       67.494957    84.10    0.0290000000             NaN             NaN             NaN  297.1330000000
2019 07 01        0.571780       67.494957    86.60    0.0220000000             NaN             NaN             NaN  297.3820000000
2019 07 01        0.571780       67.494957    89.10    0.0230000000             NaN             NaN             NaN  297.5970000000
2019 07 01        0.571780       67.494957    91.60    0.0310000000             NaN             NaN             NaN  297.8730000000
2019 07 01        0.571780       67.494957    94.10    0.0150000000             NaN             NaN             NaN  298.4270000000
2019 07 01        0.571780       67.494957    96.60    0.0220000000             NaN             NaN             NaN  298.6440000000
2019 07 01        0.571780       67.494957    99.00    0.0220000000             NaN             NaN             NaN  298.5670000000
2019 07 01        0.571780       67.494957   101.50    0.0220000000             NaN             NaN             NaN  298.5210000000
2019 07 01        0.571780       67.494957   104.00    0.0220000000             NaN             NaN             NaN  298.0970000000
2019 07 01        0.571780       67.494957   106.40    0.0180000000             NaN             NaN             NaN  297.5770000000
2019 07 01        0.571780       67.494957   108.90    0.0150000000             NaN             NaN             NaN  296.8170000000
2019 07 01        0.571780       67.494957   111.20    0.0180000000             NaN             NaN             NaN  296.0910000000
2019 07 01        0.571780       67.494957   113.60    0.0110000000             NaN             NaN             NaN  295.5390000000
2019 07 01        0.571780       67.494957   116.00    0.0150000000             NaN             NaN             NaN  295.9800000000
2019 07 01        0.571780       67.494957   118.50    0.0150000000             NaN             NaN             NaN  295.5410000000
2019 07 01        0.571780       67.494957   120.90    0.0170000000             NaN             NaN             NaN  296.0310000000
2019 07 01        0.571780       67.494957   125.60    0.0150000000             NaN             NaN             NaN  296.1020000000
2019 07 01        0.571780       67.494957   127.90    0.0150000000             NaN             NaN             NaN  296.2420000000
2019 07 01        0.571780       67.494957   130.30    0.0140000000             NaN             NaN             NaN  296.1250000000
2019 07 01        0.571780       67.494957   134.90    0.0110000000             NaN             NaN             NaN  295.4160000000
2019 07 01        0.571780       67.494957   137.20    0.0110000000             NaN             NaN             NaN  294.7850000000
2019 07 01        0.571780       67.494957   139.50    0.0110000000             NaN             NaN             NaN  294.0050000000
2019 07 01        0.571780       67.494957   141.80    0.0140000000             NaN             NaN             NaN  292.9600000000
2019 07 01        0.571780       67.494957   146.30    0.0110000000             NaN             NaN             NaN  291.6330000000
2019 07 01        0.571780       67.494957   148.50    0.0110000000             NaN             NaN             NaN  290.7800000000
2019 07 01        0.571780       67.494957   150.80    0.0110000000             NaN             NaN             NaN  290.6500000000
2019 07 01        0.571780       67.494957   153.20    0.0180000000             NaN             NaN             NaN  290.3820000000
2019 07 01        0.571780       67.494957   155.50    0.0110000000             NaN             NaN             NaN  290.4000000000
2019 07 01        0.571780       67.494957   165.00    0.0110000000             NaN             NaN             NaN  291.8680000000
2019 07 01        0.571780       67.494957   177.50    0.0110000000             NaN             NaN             NaN  295.7370000000
2019 07 01        0.571780       67.494957   201.60    0.0110000000             NaN             NaN             NaN  292.4750000000
2019 07 01        0.571780       67.494957   203.50    0.0100000000             NaN             NaN             NaN  292.4190000000
2019 07 01        0.571780       67.494957   224.20    0.0110000000             NaN             NaN             NaN  289.6170000000
2019 07 01        0.571780       67.494957   233.80    0.0100000000             NaN             NaN             NaN  290.3240000000
2019 07 01        0.571780       67.494957   243.60    0.0110000000             NaN             NaN             NaN  291.1070000000
2019 07 01        0.571780       67.494957   249.80    0.0140000000             NaN             NaN             NaN  291.1720000000
2019 07 01        0.571780       67.494957   260.10    0.0140000000             NaN             NaN             NaN  291.9470000000
2019 07 01        0.571780       67.494957   262.20    0.0110000000             NaN             NaN             NaN  292.3700000000
2019 07 01        0.571780       67.494957   264.20    0.0110000000             NaN             NaN             NaN  292.7070000000
2019 07 01        0.571780       67.494957   270.30    0.0110000000             NaN             NaN             NaN  292.6170000000
2019 07 01        0.571780       67.494957   289.10    0.0110000000             NaN             NaN             NaN  292.6330000000
2019 07 01        0.571780       67.494957   503.40    0.0110000000             NaN             NaN             NaN  301.2780000000
2019 07 01        0.571780       67.494957   558.60    0.0110000000             NaN             NaN             NaN  300.6650000000
2019 07 01        0.571780       67.494957   570.10    0.0110000000             NaN             NaN             NaN  301.2440000000
2019 07 01        0.571780       67.494957   593.40    0.0110000000             NaN             NaN             NaN  301.1570000000
2019 07 01        0.571780       67.494957   616.40    0.0140000000             NaN             NaN             NaN  301.0190000000
2019 07 01        0.571780       67.494957   652.40    0.0110000000             NaN             NaN             NaN  300.8930000000
2019 07 01        0.571780       67.494957   722.60    0.0110000000             NaN             NaN             NaN  300.0030000000
2019 07 01        0.571780       67.494957   792.50    0.0110000000             NaN             NaN             NaN  300.5350000000
2019 07 01        0.571780       67.494957   802.10    0.0110000000             NaN             NaN             NaN  300.4630000000
2019 07 01        0.571780       67.494957   874.50    0.0110000000             NaN             NaN             NaN  300.7070000000
2019 07 01        0.571780       67.494957   896.80    0.0140000000             NaN             NaN             NaN  300.7890000000
2019 07 01        0.571780       67.494957   994.90    0.0110000000             NaN             NaN             NaN  300.8440000000
2019 07 01        0.571780       67.494957  1106.10    0.0110000000             NaN             NaN             NaN  300.1360000000
2019 07 01        0.571780       67.494957  1354.20    0.0150000000             NaN             NaN             NaN  296.3820000000
2019 07 01        0.571780       67.494957  1442.40    0.0110000000             NaN             NaN             NaN  295.6470000000
2019 07 01        0.571780       67.494957  1700.20    0.0150000000             NaN             NaN             NaN  293.0030000000
2019 07 01        0.571780       67.494957  1734.50    0.0110000000             NaN             NaN             NaN  293.4330000000
2019 07 01        0.571780       67.494957  1835.90    0.0110000000             NaN             NaN             NaN  292.2340000000
2019 07 01        0.571780       67.494957  1899.80    0.0150000000             NaN             NaN             NaN  291.9490000000
2019 07 01        0.571780       67.494957  1915.80    0.0110000000             NaN             NaN             NaN  292.4760000000
2019 07 01        0.571780       67.494957  1932.80    0.0110000000             NaN             NaN             NaN  291.7610000000
2019 07 01        0.571780       67.494957  1969.80    0.0110000000             NaN             NaN             NaN  292.3770000000
2019 07 01        0.072520       67.775772    22.12    2.1970000000             NaN             NaN             NaN  299.6870000000
2019 07 01        0.072520       67.775772    23.82    2.2380000000             NaN             NaN             NaN  298.7440000000
2019 07 01        0.072520       67.775772    25.52    2.2240000000             NaN             NaN             NaN  298.1020000000
2019 07 01        0.072520       67.775772    27.12    2.0760000000             NaN             NaN             NaN  297.2060000000
2019 07 01        0.072520       67.775772    28.62    1.9170000000             NaN             NaN             NaN  296.6020000000
2019 07 01        0.072520       67.775772    30.12    1.6630000000             NaN             NaN             NaN  296.1970000000
2019 07 01        0.072520       67.775772    31.62    1.0460000000             NaN             NaN             NaN  296.9970000000
2019 07 01        0.072520       67.775772    33.42    0.7700000000             NaN             NaN             NaN  299.0840000000
2019 07 01        0.072520       67.775772    35.22    0.6540000000             NaN             NaN             NaN  298.6340000000
2019 07 01        0.072520       67.775772    37.12    0.5590000000             NaN             NaN             NaN  298.2410000000
2019 07 01        0.072520       67.775772    39.12    0.4350000000             NaN             NaN             NaN  298.1620000000
2019 07 01        0.072520       67.775772    41.22    0.3720000000             NaN             NaN             NaN  297.6280000000
2019 07 01        0.072520       67.775772    43.22    0.3060000000             NaN             NaN             NaN  297.5740000000
2019 07 01        0.072520       67.775772    45.32    0.2640000000             NaN             NaN             NaN  297.0660000000
2019 07 01        0.072520       67.775772    47.42    0.2410000000             NaN             NaN             NaN  296.2000000000
2019 07 01        0.072520       67.775772    49.52    0.1720000000             NaN             NaN             NaN  295.7780000000
2019 07 01        0.072520       67.775772    51.62    0.1410000000             NaN             NaN             NaN  295.1360000000
2019 07 01        0.072520       67.775772    53.72    0.1300000000             NaN             NaN             NaN  294.5320000000
2019 07 01        0.072520       67.775772    55.82    0.1170000000             NaN             NaN             NaN  293.7610000000
2019 07 01        0.072520       67.775772    57.92    0.1150000000             NaN             NaN             NaN  293.0450000000
2019 07 01        0.072520       67.775772    60.12    0.1000000000             NaN             NaN             NaN  292.9050000000
2019 07 01        0.072520       67.775772    62.32    0.1050000000             NaN             NaN             NaN  292.3970000000
2019 07 01        0.072520       67.775772    64.52    0.0760000000             NaN             NaN             NaN  291.9170000000
2019 07 01        0.072520       67.775772    66.72    0.0650000000             NaN             NaN             NaN  291.4160000000
2019 07 01        0.072520       67.775772    69.02    0.0540000000             NaN             NaN             NaN  290.6300000000
2019 07 01        0.072520       67.775772    71.42    0.0430000000             NaN             NaN             NaN  290.5130000000
2019 07 01        0.072520       67.775772    73.72    0.0360000000             NaN             NaN             NaN  290.6630000000
2019 07 01        0.072520       67.775772    76.02    0.0370000000             NaN             NaN             NaN  291.3580000000
2019 07 01        0.072520       67.775772    78.42    0.0420000000             NaN             NaN             NaN  291.5690000000
2019 07 01        0.072520       67.775772    80.72    0.0330000000             NaN             NaN             NaN  291.7060000000
2019 07 01        0.072520       67.775772    83.02    0.0330000000             NaN             NaN             NaN  291.7120000000
2019 07 01        0.072520       67.775772    85.32    0.0360000000             NaN             NaN             NaN  292.1320000000
2019 07 01        0.072520       67.775772    87.72    0.0310000000             NaN             NaN             NaN  292.7260000000
2019 07 01        0.072520       67.775772    90.02    0.0220000000             NaN             NaN             NaN  293.0580000000
2019 07 01        0.072520       67.775772    92.42    0.0220000000             NaN             NaN             NaN  293.5050000000
2019 07 01        0.072520       67.775772    94.72    0.0220000000             NaN             NaN             NaN  293.5970000000
2019 07 01        0.072520       67.775772    97.02    0.0240000000             NaN             NaN             NaN  294.1810000000
2019 07 01        0.072520       67.775772    99.42    0.0150000000             NaN             NaN             NaN  294.1590000000
2019 07 01        0.072520       67.775772   101.72    0.0180000000             NaN             NaN             NaN  294.1880000000
2019 07 01        0.072520       67.775772   104.12    0.0150000000             NaN             NaN             NaN  294.6590000000
2019 07 01        0.072520       67.775772   106.52    0.0150000000             NaN             NaN             NaN  295.1180000000
2019 07 01        0.072520       67.775772   108.82    0.0150000000             NaN             NaN             NaN  295.3890000000
2019 07 01        0.072520       67.775772   111.22    0.0220000000             NaN             NaN             NaN  295.7430000000
2019 07 01        0.072520       67.775772   113.52    0.0250000000             NaN             NaN             NaN  295.9080000000
2019 07 01        0.072520       67.775772   115.82    0.0200000000             NaN             NaN             NaN  295.9330000000
2019 07 01        0.072520       67.775772   118.12    0.0120000000             NaN             NaN             NaN  295.9180000000
2019 07 01        0.072520       67.775772   120.42    0.0190000000             NaN             NaN             NaN  296.0240000000
2019 07 01        0.072520       67.775772   122.62    0.0200000000             NaN             NaN             NaN  296.0770000000
2019 07 01        0.072520       67.775772   131.72    0.0150000000             NaN             NaN             NaN  296.7470000000
2019 07 01        0.072520       67.775772   133.92    0.0150000000             NaN             NaN             NaN  296.7110000000
2019 07 01        0.072520       67.775772   136.22    0.0150000000             NaN             NaN             NaN  295.9820000000
2019 07 01        0.072520       67.775772   138.42    0.0180000000             NaN             NaN             NaN  295.9140000000
2019 07 01        0.072520       67.775772   140.82    0.0140000000             NaN             NaN             NaN  296.6130000000
2019 07 01        0.072520       67.775772   143.12    0.0100000000             NaN             NaN             NaN  296.7080000000
2019 07 01        0.072520       67.775772   150.02    0.0140000000             NaN             NaN             NaN  295.7690000000
2019 07 01        0.072520       67.775772   152.22    0.0110000000             NaN             NaN             NaN  295.4880000000
2019 07 01        0.072520       67.775772   154.52    0.0110000000             NaN             NaN             NaN  295.8560000000
2019 07 01        0.072520       67.775772   156.92    0.0140000000             NaN             NaN             NaN  296.0290000000
2019 07 01        0.072520       67.775772   168.52    0.0110000000             NaN             NaN             NaN  296.6470000000
2019 07 01        0.072520       67.775772   170.92    0.0140000000             NaN             NaN             NaN  296.6570000000
2019 07 01        0.072520       67.775772   177.82    0.0140000000             NaN             NaN             NaN  297.4380000000
2019 07 01        0.072520       67.775772   186.32    0.0140000000             NaN             NaN             NaN  297.0380000000
2019 07 01        0.072520       67.775772   206.40    0.0110000000             NaN             NaN             NaN  296.0230000000
2019 07 01        0.072520       67.775772   209.90    0.0110000000             NaN             NaN             NaN  295.3240000000
2019 07 01        0.072520       67.775772   215.20    0.0100000000             NaN             NaN             NaN  294.2120000000
2019 07 01        0.072520       67.775772   227.60    0.0110000000             NaN             NaN             NaN  288.9560000000
2019 07 01        0.072520       67.775772   231.30    0.0110000000             NaN             NaN             NaN  288.6130000000
2019 07 01        0.072520       67.775772   236.70    0.0140000000             NaN             NaN             NaN  288.7260000000
2019 07 01        0.072520       67.775772   240.50    0.0110000000             NaN             NaN             NaN  288.7920000000
2019 07 01        0.072520       67.775772   246.20    0.0110000000             NaN             NaN             NaN  289.4830000000
2019 07 01        0.072520       67.775772   250.10    0.0110000000             NaN             NaN             NaN  289.8190000000
2019 07 01        0.072520       67.775772   264.60    0.0100000000             NaN             NaN             NaN  289.4920000000
2019 07 01        0.072520       67.775772   268.80    0.0110000000             NaN             NaN             NaN  289.8100000000
2019 07 01        0.072520       67.775772   273.00    0.0110000000             NaN             NaN             NaN  289.9360000000
2019 07 01        0.072520       67.775772   322.10    0.0140000000             NaN             NaN             NaN  292.5510000000
2019 07 01        0.072520       67.775772   344.20    0.0140000000             NaN             NaN             NaN  293.6810000000
2019 07 01        0.072520       67.775772   415.30    0.0140000000             NaN             NaN             NaN  298.8260000000
2019 07 01        0.072520       67.775772   434.10    0.0110000000             NaN             NaN             NaN  299.0940000000
2019 07 01        0.072520       67.775772   513.10    0.0140000000             NaN             NaN             NaN  301.5630000000
2019 07 01        0.072520       67.775772   543.00    0.0110000000             NaN             NaN             NaN  302.1760000000
2019 07 01        0.072520       67.775772   563.60    0.0140000000             NaN             NaN             NaN  302.0580000000
2019 07 01        0.072520       67.775772   616.50    0.0140000000             NaN             NaN             NaN  300.8140000000
2019 07 01        0.072520       67.775772   689.40    0.0110000000             NaN             NaN             NaN  300.7190000000
2019 07 01        0.072520       67.775772   697.40    0.0140000000             NaN             NaN             NaN  300.1950000000
2019 07 01        0.072520       67.775772   722.50    0.0110000000             NaN             NaN             NaN  300.2520000000
2019 07 01        0.072520       67.775772   769.20    0.0110000000             NaN             NaN             NaN  299.8860000000
2019 07 01        0.072520       67.775772   822.60    0.0110000000             NaN             NaN             NaN  300.5080000000
2019 07 01        0.072520       67.775772   868.80    0.0110000000             NaN             NaN             NaN  300.6090000000
2019 07 01        0.072520       67.775772   967.40    0.0110000000             NaN             NaN             NaN  300.6600000000
2019 07 01        0.072520       67.775772  1083.20    0.0110000000             NaN             NaN             NaN  300.6270000000
2019 07 01        0.072520       67.775772  1094.30    0.0150000000             NaN             NaN             NaN  300.7590000000
2019 07 01        0.072520       67.775772  1140.80    0.0110000000             NaN             NaN             NaN  299.4060000000
2019 07 01        0.072520       67.775772  1422.40    0.0140000000             NaN             NaN             NaN  296.3190000000
2019 07 01        0.072520       67.775772  1483.50    0.0150000000             NaN             NaN             NaN  295.2080000000
2019 07 01        0.072520       67.775772  1501.80    0.0110000000             NaN             NaN             NaN  295.3760000000
2019 07 01        0.072520       67.775772  1585.60    0.0110000000             NaN             NaN             NaN  294.6760000000
2019 07 01        0.072520       67.775772  1608.80    0.0110000000             NaN             NaN             NaN  294.3360000000
2019 07 01        0.072520       67.775772  1742.70    0.0150000000             NaN             NaN             NaN  293.5420000000
2019 07 01        0.072520       67.775772  1784.80    0.0110000000             NaN             NaN             NaN  292.4720000000
2019 07 01        0.072520       67.775772  1872.30    0.0110000000             NaN             NaN             NaN  293.0840000000
2019 07 01        0.072520       67.775772  1907.60    0.0110000000             NaN             NaN             NaN  292.8680000000
2019 07 01        0.072520       67.775772  1946.30    0.0110000000             NaN             NaN             NaN  291.7710000000
2019 07 01        0.072520       67.775772  1966.40    0.0110000000             NaN             NaN             NaN  292.4910000000
2019 07 01        0.633210       69.641899     9.20    0.8240000000             NaN             NaN             NaN  319.0570000000
2019 07 01        0.633210       69.641899    11.00    0.8200000000             NaN             NaN             NaN  317.3140000000
2019 07 01        0.633210       69.641899    12.60    0.8010000000             NaN             NaN             NaN  316.0810000000
2019 07 01        0.633210       69.641899    14.40    0.6930000000             NaN             NaN             NaN  314.9950000000
2019 07 01        0.633210       69.641899    16.10    0.6840000000             NaN             NaN             NaN  313.6330000000
2019 07 01        0.633210       69.641899    17.80    0.6780000000             NaN             NaN             NaN  312.3790000000
2019 07 01        0.633210       69.641899    19.60    0.5750000000             NaN             NaN             NaN  310.7660000000
2019 07 01        0.633210       69.641899    21.40    0.4790000000             NaN             NaN             NaN  308.8670000000
2019 07 01        0.633210       69.641899    23.20    0.4070000000             NaN             NaN             NaN  307.0650000000
2019 07 01        0.633210       69.641899    25.10    0.2950000000             NaN             NaN             NaN  306.1560000000
2019 07 01        0.633210       69.641899    27.00    0.1960000000             NaN             NaN             NaN  305.7130000000
2019 07 01        0.633210       69.641899    28.80    0.1560000000             NaN             NaN             NaN  305.3090000000
2019 07 01        0.633210       69.641899    30.80    0.1410000000             NaN             NaN             NaN  304.9850000000
2019 07 01        0.633210       69.641899    32.80    0.1460000000             NaN             NaN             NaN  304.5580000000
2019 07 01        0.633210       69.641899    34.90    0.1380000000             NaN             NaN             NaN  304.0470000000
2019 07 01        0.633210       69.641899    37.00    0.1180000000             NaN             NaN             NaN  303.5640000000
2019 07 01        0.633210       69.641899    39.20    0.1180000000             NaN             NaN             NaN  303.0950000000
2019 07 01        0.633210       69.641899    41.40    0.1130000000             NaN             NaN             NaN  302.6870000000
2019 07 01        0.633210       69.641899    43.50    0.1060000000             NaN             NaN             NaN  302.1890000000
2019 07 01        0.633210       69.641899    45.90    0.1060000000             NaN             NaN             NaN  301.5450000000
2019 07 01        0.633210       69.641899    48.10    0.0780000000             NaN             NaN             NaN  301.2290000000
2019 07 01        0.633210       69.641899    50.30    0.0550000000             NaN             NaN             NaN  300.9040000000
2019 07 01        0.633210       69.641899    52.60    0.0460000000             NaN             NaN             NaN  300.6120000000
2019 07 01        0.633210       69.641899    54.80    0.0410000000             NaN             NaN             NaN  300.5220000000
2019 07 01        0.633210       69.641899    57.00    0.0400000000             NaN             NaN             NaN  300.4630000000
2019 07 01        0.633210       69.641899    59.20    0.0400000000             NaN             NaN             NaN  300.3740000000
2019 07 01        0.633210       69.641899    61.40    0.0310000000             NaN             NaN             NaN  300.3090000000
2019 07 01        0.633210       69.641899    63.70    0.0400000000             NaN             NaN             NaN  300.1940000000
2019 07 01        0.633210       69.641899    66.00    0.0330000000             NaN             NaN             NaN  300.1130000000
2019 07 01        0.633210       69.641899    68.20    0.0280000000             NaN             NaN             NaN  299.9960000000
2019 07 01        0.633210       69.641899    70.50    0.0220000000             NaN             NaN             NaN  299.9110000000
2019 07 01        0.633210       69.641899    72.80    0.0230000000             NaN             NaN             NaN  299.9110000000
2019 07 01        0.633210       69.641899    75.10    0.0190000000             NaN             NaN             NaN  299.8830000000
2019 07 01        0.633210       69.641899    77.40    0.0150000000             NaN             NaN             NaN  299.9300000000
2019 07 01        0.633210       69.641899    79.70    0.0170000000             NaN             NaN             NaN  299.8630000000
2019 07 01        0.633210       69.641899    82.00    0.0160000000             NaN             NaN             NaN  299.8490000000
2019 07 01        0.633210       69.641899    84.30    0.0150000000             NaN             NaN             NaN  299.8560000000
2019 07 01        0.633210       69.641899    86.60    0.0190000000             NaN             NaN             NaN  299.8460000000
2019 07 01        0.633210       69.641899    89.00    0.0150000000             NaN             NaN             NaN  299.8260000000
2019 07 01        0.633210       69.641899    91.30    0.0110000000             NaN             NaN             NaN  299.8200000000
2019 07 01        0.633210       69.641899    93.60    0.0110000000             NaN             NaN             NaN  299.7840000000
2019 07 01        0.633210       69.641899    96.00    0.0130000000             NaN             NaN             NaN  299.7610000000
2019 07 01        0.633210       69.641899    98.20    0.0150000000             NaN             NaN             NaN  299.8140000000
2019 07 01        0.633210       69.641899   101.22    0.0130000000             NaN             NaN             NaN  299.7890000000
2019 07 01        0.633210       69.641899   105.72    0.0120000000             NaN             NaN             NaN  299.8200000000
2019 07 01        0.633210       69.641899   107.32    0.0110000000             NaN             NaN             NaN  299.7840000000
2019 07 01        0.633210       69.641899   110.52    0.0150000000             NaN             NaN             NaN  299.7710000000
2019 07 01        0.633210       69.641899   112.12    0.0130000000             NaN             NaN             NaN  299.7870000000
2019 07 01        0.633210       69.641899   113.62    0.0140000000             NaN             NaN             NaN  299.7910000000
2019 07 01        0.633210       69.641899   115.32    0.0170000000             NaN             NaN             NaN  299.7830000000
2019 07 01        0.633210       69.641899   116.92    0.0150000000             NaN             NaN             NaN  299.7690000000
2019 07 01        0.633210       69.641899   118.52    0.0150000000             NaN             NaN             NaN  299.7850000000
2019 07 01        0.633210       69.641899   120.12    0.0120000000             NaN             NaN             NaN  299.8000000000
2019 07 01        0.633210       69.641899   123.42    0.0120000000             NaN             NaN             NaN  299.7830000000
2019 07 01        0.633210       69.641899   125.02    0.0120000000             NaN             NaN             NaN  299.8000000000
2019 07 01        0.633210       69.641899   135.02    0.0120000000             NaN             NaN             NaN  299.7000000000
2019 07 01        0.633210       69.641899   136.72    0.0140000000             NaN             NaN             NaN  299.6880000000
2019 07 01        0.633210       69.641899   140.12    0.0140000000             NaN             NaN             NaN  299.6630000000
2019 07 01        0.633210       69.641899   141.82    0.0170000000             NaN             NaN             NaN  299.6420000000
2019 07 01        0.633210       69.641899   143.52    0.0130000000             NaN             NaN             NaN  299.6550000000
2019 07 01        0.633210       69.641899   214.82    0.0120000000             NaN             NaN             NaN  299.0490000000
2019 07 01        0.633210       69.641899   216.62    0.0110000000             NaN             NaN             NaN  299.0190000000
2019 07 01        0.633210       69.641899   225.92    0.0100000000             NaN             NaN             NaN             NaN
2019 07 01        0.633210       69.641899   227.82    0.0100000000             NaN             NaN             NaN  298.9660000000
2019 07 01        0.633210       69.641899   237.32    0.0110000000             NaN             NaN             NaN  299.0350000000
2019 07 01        0.633210       69.641899   245.12    0.0110000000             NaN             NaN             NaN  299.0610000000
2019 07 01        0.633210       69.641899   275.80    0.0110000000             NaN             NaN             NaN  298.8910000000
2019 07 01        0.633210       69.641899   277.90    0.0120000000             NaN             NaN             NaN  298.9190000000
2019 07 01        0.633210       69.641899   414.12    0.0110000000             NaN             NaN             NaN  298.3480000000
2019 07 01        0.633210       69.641899   608.40    0.0110000000             NaN             NaN             NaN  297.9500000000
2019 07 01        0.633210       69.641899   869.20    0.0140000000             NaN             NaN             NaN  297.3460000000
2019 07 01        0.633210       69.641899  1141.60    0.0110000000             NaN             NaN             NaN  295.0330000000
2019 07 01        0.633210       69.641899  1158.00    0.0110000000             NaN             NaN             NaN  295.2910000000
2019 07 01        0.633210       69.641899  1210.30    0.0110000000             NaN             NaN             NaN  299.1030000000
2019 07 01        0.633210       69.641899  1229.70    0.0110000000             NaN             NaN             NaN  300.7790000000
2019 07 01        0.633210       69.641899  1292.50    0.0110000000             NaN             NaN             NaN  301.8970000000
2019 07 01        0.633210       69.641899  1591.20    0.0110000000             NaN             NaN             NaN  301.4440000000
2019 07 01        0.633210       69.641899  1636.10    0.0110000000             NaN             NaN             NaN  301.1990000000
2019 07 01        0.633210       69.641899  1773.10    0.0110000000             NaN             NaN             NaN  300.4890000000
2019 07 01        0.633210       69.641899  1815.10    0.0110000000             NaN             NaN             NaN  300.1340000000
2019 07 01        0.633210       69.641899  1837.20    0.0110000000             NaN             NaN             NaN  299.8400000000
2019 07 01        0.633210       69.641899  1860.20    0.0180000000             NaN             NaN             NaN  299.6830000000
2019 07 01        0.633210       69.641899  1883.70    0.0150000000             NaN             NaN             NaN  299.3650000000
2019 07 01        0.633210       69.641899  1908.37    0.0110000000             NaN             NaN             NaN  299.1000000000
2019 07 01        0.633210       69.641899  1946.90    0.0140000000             NaN             NaN             NaN  298.3040000000
2019 07 01       -2.028240       75.393692    24.70    0.1380000000             NaN             NaN             NaN  342.9310000000
2019 07 01       -2.028240       75.393692    27.10    0.2950000000             NaN             NaN             NaN  338.8530000000
2019 07 01       -2.028240       75.393692    29.70    0.5150000000             NaN             NaN             NaN  334.9750000000
2019 07 01       -2.028240       75.393692    32.90    1.3050000000             NaN             NaN             NaN  335.2530000000
2019 07 01       -2.028240       75.393692    36.30    1.7080000000             NaN             NaN             NaN  336.5240000000
2019 07 01       -2.028240       75.393692    39.90    1.6190000000             NaN             NaN             NaN  335.3820000000
2019 07 01       -2.028240       75.393692    43.50    1.9100000000             NaN             NaN             NaN  333.9550000000
2019 07 01       -2.028240       75.393692    47.10    1.7740000000             NaN             NaN             NaN  333.1010000000
2019 07 01       -2.028240       75.393692    50.70    1.8300000000             NaN             NaN             NaN  332.6610000000
2019 07 01       -2.028240       75.393692    54.40    0.6270000000             NaN             NaN             NaN  332.3470000000
2019 07 01       -2.028240       75.393692    58.00    0.4190000000             NaN             NaN             NaN  331.9560000000
2019 07 01       -2.028240       75.393692    61.50    0.2710000000             NaN             NaN             NaN  331.6320000000
2019 07 01       -2.028240       75.393692    64.90    0.1650000000             NaN             NaN             NaN  331.6950000000
2019 07 01       -2.028240       75.393692    68.40    0.1430000000             NaN             NaN             NaN  331.8160000000
2019 07 01       -2.028240       75.393692    71.60    0.3980000000             NaN             NaN             NaN  331.6170000000
2019 07 01       -2.028240       75.393692    74.80    0.2800000000             NaN             NaN             NaN  331.2470000000
2019 07 01       -2.028240       75.393692    78.00    0.1570000000             NaN             NaN             NaN  330.5520000000
2019 07 01       -2.028240       75.393692    80.90    0.1660000000             NaN             NaN             NaN  329.5110000000
2019 07 01       -2.028240       75.393692    83.90    0.1850000000             NaN             NaN             NaN  328.7980000000
2019 07 01       -2.028240       75.393692    86.70    0.1250000000             NaN             NaN             NaN  328.3210000000
2019 07 01       -2.028240       75.393692    89.50    0.1300000000             NaN             NaN             NaN  328.3690000000
2019 07 01       -2.028240       75.393692    92.10    0.1260000000             NaN             NaN             NaN  327.6910000000
2019 07 01       -2.028240       75.393692    94.70    0.2320000000             NaN             NaN             NaN  326.7990000000
2019 07 01       -2.028240       75.393692    97.30    0.1170000000             NaN             NaN             NaN  325.9150000000
2019 07 01       -2.028240       75.393692    99.70    0.1240000000             NaN             NaN             NaN  326.0190000000
2019 07 01       -2.028240       75.393692   102.20    0.1210000000             NaN             NaN             NaN  326.0480000000
2019 07 01       -2.028240       75.393692   104.60    0.1280000000             NaN             NaN             NaN  325.8610000000
2019 07 01       -2.028240       75.393692   107.00    0.2120000000             NaN             NaN             NaN  325.5970000000
2019 07 01       -2.028240       75.393692   109.40    0.2080000000             NaN             NaN             NaN  325.0590000000
2019 07 01       -2.028240       75.393692   111.80    0.1130000000             NaN             NaN             NaN  325.0050000000
2019 07 01       -2.028240       75.393692   114.10    0.1150000000             NaN             NaN             NaN  324.7980000000
2019 07 01       -2.028240       75.393692   116.50    0.1430000000             NaN             NaN             NaN  324.4070000000
2019 07 01       -2.028240       75.393692   118.80    0.1130000000             NaN             NaN             NaN  323.9370000000
2019 07 01       -2.028240       75.393692   121.20    0.1140000000             NaN             NaN             NaN  323.7230000000
2019 07 01       -2.028240       75.393692   123.60    0.1230000000             NaN             NaN             NaN  323.6190000000
2019 07 01       -2.028240       75.393692   125.90    0.1170000000             NaN             NaN             NaN  323.5470000000
2019 07 01       -2.028240       75.393692   128.20    0.1170000000             NaN             NaN             NaN  323.5560000000
2019 07 01       -2.028240       75.393692   129.90    0.1170000000             NaN             NaN             NaN  323.7540000000
2019 07 01       -2.028240       75.393692   131.30    0.1130000000             NaN             NaN             NaN  324.1530000000
2019 07 01       -2.028240       75.393692   132.90    0.1130000000             NaN             NaN             NaN  324.2440000000
2019 07 01       -2.028240       75.393692   134.40    0.1090000000             NaN             NaN             NaN  324.4940000000
2019 07 01       -2.028240       75.393692   135.90    0.1090000000             NaN             NaN             NaN  324.6390000000
2019 07 01       -2.028240       75.393692   137.50    0.4640000000             NaN             NaN             NaN  324.8040000000
2019 07 01       -2.028240       75.393692   139.10    0.1060000000             NaN             NaN             NaN  325.1220000000
2019 07 01       -2.028240       75.393692   140.70    0.1090000000             NaN             NaN             NaN  325.1740000000
2019 07 01       -2.028240       75.393692   142.30    0.1090000000             NaN             NaN             NaN  325.2440000000
2019 07 01       -2.028240       75.393692   144.00    0.0990000000             NaN             NaN             NaN  325.0540000000
2019 07 01       -2.028240       75.393692   145.60    0.1060000000             NaN             NaN             NaN  324.7860000000
2019 07 01       -2.028240       75.393692   147.30    0.1060000000             NaN             NaN             NaN  324.8820000000
2019 07 01       -2.028240       75.393692   149.00    0.1100000000             NaN             NaN             NaN  325.2300000000
2019 07 01       -2.028240       75.393692   150.70    0.1240000000             NaN             NaN             NaN  325.4790000000
2019 07 01       -2.028240       75.393692   152.40    0.1500000000             NaN             NaN             NaN  325.6860000000
2019 07 01       -2.028240       75.393692   154.20    0.1130000000             NaN             NaN             NaN  326.0270000000
2019 07 01       -2.028240       75.393692   156.00    0.1120000000             NaN             NaN             NaN  326.1570000000
2019 07 01       -2.028240       75.393692   157.70    0.1460000000             NaN             NaN             NaN  326.4230000000
2019 07 01       -2.028240       75.393692   159.60    0.1090000000             NaN             NaN             NaN  326.6980000000
2019 07 01       -2.028240       75.393692   161.40    0.1030000000             NaN             NaN             NaN  327.0430000000
2019 07 01       -2.028240       75.393692   163.30    0.1130000000             NaN             NaN             NaN  327.3260000000
2019 07 01       -2.028240       75.393692   165.00    0.1090000000             NaN             NaN             NaN  327.4950000000
2019 07 01       -2.028240       75.393692   167.00    0.1030000000             NaN             NaN             NaN  327.8030000000
2019 07 01       -2.028240       75.393692   168.80    0.1050000000             NaN             NaN             NaN  327.7730000000
2019 07 01       -2.028240       75.393692   170.70    0.0980000000             NaN             NaN             NaN  327.8640000000
2019 07 01       -2.028240       75.393692   172.50    0.0950000000             NaN             NaN             NaN  328.1320000000
2019 07 01       -2.028240       75.393692   174.40    0.0950000000             NaN             NaN             NaN  328.1500000000
2019 07 01       -2.028240       75.393692   176.20    0.0920000000             NaN             NaN             NaN  328.0590000000
2019 07 01       -2.028240       75.393692   178.00    0.0980000000             NaN             NaN             NaN  327.9180000000
2019 07 01       -2.028240       75.393692   180.00    0.0960000000             NaN             NaN             NaN  327.7880000000
2019 07 01       -2.028240       75.393692   181.80    0.1020000000             NaN             NaN             NaN  327.5360000000
2019 07 01       -2.028240       75.393692   183.70    0.0910000000             NaN             NaN             NaN  327.3950000000
2019 07 01       -2.028240       75.393692   185.70    0.0780000000             NaN             NaN             NaN  327.5820000000
2019 07 01       -2.028240       75.393692   187.50    0.0870000000             NaN             NaN             NaN  328.0330000000
2019 07 01       -2.028240       75.393692   189.40    0.0800000000             NaN             NaN             NaN  327.7310000000
2019 07 01       -2.028240       75.393692   191.30    0.0840000000             NaN             NaN             NaN  327.4850000000
2019 07 01       -2.028240       75.393692   193.20    0.0870000000             NaN             NaN             NaN  326.9950000000
2019 07 01       -2.028240       75.393692   195.10    0.0800000000             NaN             NaN             NaN  326.4410000000
2019 07 01       -2.028240       75.393692   197.00    0.0770000000             NaN             NaN             NaN  326.2570000000
2019 07 01       -2.028240       75.393692   198.90    0.0770000000             NaN             NaN             NaN  326.2340000000
2019 07 01       -2.028240       75.393692   200.80    0.0800000000             NaN             NaN             NaN  326.1560000000
2019 07 01       -2.028240       75.393692   202.70    0.0840000000             NaN             NaN             NaN  326.3500000000
2019 07 01       -2.028240       75.393692   204.70    0.0800000000             NaN             NaN             NaN  326.3210000000
2019 07 01       -2.028240       75.393692   206.60    0.0770000000             NaN             NaN             NaN  326.0370000000
2019 07 01       -2.028240       75.393692   208.50    0.0760000000             NaN             NaN             NaN  325.6560000000
2019 07 01       -2.028240       75.393692   210.40    0.0690000000             NaN             NaN             NaN  325.7200000000
2019 07 01       -2.028240       75.393692   212.30    0.0590000000             NaN             NaN             NaN  325.9100000000
2019 07 01       -2.028240       75.393692   214.20    0.0660000000             NaN             NaN             NaN  326.5080000000
2019 07 01       -2.028240       75.393692   216.10    0.0730000000             NaN             NaN             NaN  326.8190000000
2019 07 01       -2.028240       75.393692   218.00    0.0660000000             NaN             NaN             NaN  326.5410000000
2019 07 01       -2.028240       75.393692   219.90    0.0660000000             NaN             NaN             NaN  326.0030000000
2019 07 01       -2.028240       75.393692   221.90    0.0660000000             NaN             NaN             NaN  326.0860000000
2019 07 01       -2.028240       75.393692   223.90    0.0650000000             NaN             NaN             NaN  327.1850000000
2019 07 01       -2.028240       75.393692   225.80    0.0550000000             NaN             NaN             NaN  327.9310000000
2019 07 01       -2.028240       75.393692   227.70    0.0580000000             NaN             NaN             NaN  328.0710000000
2019 07 01       -2.028240       75.393692   229.60    0.0520000000             NaN             NaN             NaN  328.0660000000
2019 07 01       -2.028240       75.393692   231.60    0.0620000000             NaN             NaN             NaN  327.9980000000
2019 07 01       -2.028240       75.393692   233.60    0.0580000000             NaN             NaN             NaN  327.9840000000
2019 07 01       -2.028240       75.393692   235.40    0.0510000000             NaN             NaN             NaN  328.0310000000
2019 07 01       -2.028240       75.393692   237.40    0.0550000000             NaN             NaN             NaN  328.0190000000
2019 07 01       -2.028240       75.393692   239.40    0.0550000000             NaN             NaN             NaN  327.8410000000
2019 07 01       -2.028240       75.393692   241.40    0.0510000000             NaN             NaN             NaN  327.8420000000
2019 07 01       -2.028240       75.393692   243.30    0.0510000000             NaN             NaN             NaN  327.8900000000
2019 07 01       -2.028240       75.393692   245.30    0.0580000000             NaN             NaN             NaN  327.7410000000
2019 07 01       -2.028240       75.393692   247.20    0.0510000000             NaN             NaN             NaN  327.5290000000
2019 07 01       -2.028240       75.393692   249.30    0.0540000000             NaN             NaN             NaN  327.3740000000
2019 07 01       -2.028240       75.393692   251.30    0.0480000000             NaN             NaN             NaN  327.0440000000
2019 07 01       -2.028240       75.393692   253.40    0.0540000000             NaN             NaN             NaN  326.8880000000
2019 07 01       -2.028240       75.393692   255.40    0.0470000000             NaN             NaN             NaN  326.8630000000
2019 07 01       -2.028240       75.393692   257.40    0.0440000000             NaN             NaN             NaN  326.8630000000
2019 07 01       -2.028240       75.393692   259.40    0.0470000000             NaN             NaN             NaN  327.0100000000
2019 07 01       -2.028240       75.393692   261.50    0.0520000000             NaN             NaN             NaN  326.9670000000
2019 07 01       -2.028240       75.393692   263.50    0.0580000000             NaN             NaN             NaN  327.0040000000
2019 07 01       -2.028240       75.393692   265.60    0.0580000000             NaN             NaN             NaN  327.0570000000
2019 07 01       -2.028240       75.393692   267.70    0.0550000000             NaN             NaN             NaN  326.9260000000
2019 07 01       -2.028240       75.393692   269.70    0.0580000000             NaN             NaN             NaN  326.9880000000
2019 07 01       -2.028240       75.393692   271.90    0.0540000000             NaN             NaN             NaN  326.9550000000
2019 07 01       -2.028240       75.393692   273.90    0.0470000000             NaN             NaN             NaN  326.7930000000
2019 07 01       -2.028240       75.393692   276.00    0.0480000000             NaN             NaN             NaN  326.7510000000
2019 07 01       -2.028240       75.393692   278.10    0.0550000000             NaN             NaN             NaN  326.4510000000
2019 07 01       -2.028240       75.393692   280.30    0.0470000000             NaN             NaN             NaN  326.0280000000
2019 07 01       -2.028240       75.393692   282.40    0.0470000000             NaN             NaN             NaN  325.7480000000
2019 07 01       -2.028240       75.393692   284.50    0.0470000000             NaN             NaN             NaN  325.5540000000
2019 07 01       -2.028240       75.393692   286.70    0.0480000000             NaN             NaN             NaN  325.6760000000
2019 07 01       -2.028240       75.393692   288.90    0.0510000000             NaN             NaN             NaN  325.9900000000
2019 07 01       -2.028240       75.393692   291.10    0.0510000000             NaN             NaN             NaN  326.0980000000
2019 07 01       -2.028240       75.393692   293.30    0.0540000000             NaN             NaN             NaN  325.9460000000
2019 07 01       -2.028240       75.393692   295.40    0.0480000000             NaN             NaN             NaN  325.8860000000
2019 07 01       -2.028240       75.393692   297.60    0.0510000000             NaN             NaN             NaN  326.1670000000
2019 07 01       -2.028240       75.393692   306.00    0.0440000000             NaN             NaN             NaN  325.7630000000
2019 07 01       -2.028240       75.393692   317.20    0.0370000000             NaN             NaN             NaN  325.9460000000
2019 07 01       -2.028240       75.393692   328.70    0.0470000000             NaN             NaN             NaN  326.4360000000
2019 07 01       -2.028240       75.393692   340.50    0.0440000000             NaN             NaN             NaN  326.0910000000
2019 07 01       -2.028240       75.393692   352.30    0.0510000000             NaN             NaN             NaN  326.1420000000
2019 07 01       -2.028240       75.393692   364.70    0.0370000000             NaN             NaN             NaN  325.4290000000
2019 07 01       -2.028240       75.393692   374.40    0.0400000000             NaN             NaN             NaN  325.2820000000
2019 07 01       -2.028240       75.393692   382.10    0.0330000000             NaN             NaN             NaN  325.7290000000
2019 07 01       -2.028240       75.393692   390.10    0.0330000000             NaN             NaN             NaN  326.6380000000
2019 07 01       -2.028240       75.393692   398.40    0.0440000000             NaN             NaN             NaN  326.9230000000
2019 07 01       -2.028240       75.393692   406.80    0.0330000000             NaN             NaN             NaN  326.4990000000
2019 07 01       -2.028240       75.393692   415.30    0.0440000000             NaN             NaN             NaN  326.1550000000
2019 07 01       -2.028240       75.393692   424.00    0.0360000000             NaN             NaN             NaN  325.9100000000
2019 07 01       -2.028240       75.393692   432.80    0.0470000000             NaN             NaN             NaN  326.0480000000
2019 07 01       -2.028240       75.393692   441.80    0.0330000000             NaN             NaN             NaN  325.9230000000
2019 07 01       -2.028240       75.393692   450.90    0.0330000000             NaN             NaN             NaN  325.9960000000
2019 07 01       -2.028240       75.393692   460.10    0.0400000000             NaN             NaN             NaN  326.2090000000
2019 07 01       -2.028240       75.393692   469.30    0.0330000000             NaN             NaN             NaN  326.0740000000
2019 07 01       -2.028240       75.393692   478.80    0.0220000000             NaN             NaN             NaN  326.2100000000
2019 07 01       -2.028240       75.393692   488.40    0.0260000000             NaN             NaN             NaN  326.5710000000
2019 07 01       -2.028240       75.393692   498.10    0.0290000000             NaN             NaN             NaN  326.5440000000
2019 07 01       -2.028240       75.393692   508.00    0.0250000000             NaN             NaN             NaN  326.5190000000
2019 07 01       -2.028240       75.393692   518.00    0.0220000000             NaN             NaN             NaN  326.1100000000
2019 07 01       -2.028240       75.393692   528.20    0.0330000000             NaN             NaN             NaN  325.5030000000
2019 07 01       -2.028240       75.393692   538.60    0.0260000000             NaN             NaN             NaN  325.4510000000
2019 07 01       -2.028240       75.393692   549.30    0.0260000000             NaN             NaN             NaN  325.7110000000
2019 07 01       -2.028240       75.393692   560.00    0.0290000000             NaN             NaN             NaN  325.6360000000
2019 07 01       -2.028240       75.393692   570.80    0.0290000000             NaN             NaN             NaN  325.8290000000
2019 07 01       -2.028240       75.393692   581.80    0.0220000000             NaN             NaN             NaN  325.5100000000
2019 07 01       -2.028240       75.393692   593.00    0.0180000000             NaN             NaN             NaN  325.3540000000
2019 07 01       -2.028240       75.393692   604.50    0.0220000000             NaN             NaN             NaN  325.7990000000
2019 07 01       -2.028240       75.393692   616.30    0.0220000000             NaN             NaN             NaN  325.9200000000
2019 07 01       -2.028240       75.393692   628.30    0.0250000000             NaN             NaN             NaN  326.5570000000
2019 07 01       -2.028240       75.393692   642.27    0.0180000000             NaN             NaN             NaN  326.9900000000
2019 07 01       -2.028240       75.393692   652.90    0.0180000000             NaN             NaN             NaN  326.9160000000
2019 07 01       -2.028240       75.393692   662.10    0.0220000000             NaN             NaN             NaN  327.0360000000
2019 07 01       -2.028240       75.393692   670.30    0.0220000000             NaN             NaN             NaN  327.0000000000
2019 07 01       -2.028240       75.393692   678.80    0.0250000000             NaN             NaN             NaN  327.0060000000
2019 07 01       -2.028240       75.393692   687.40    0.0220000000             NaN             NaN             NaN  326.7950000000
2019 07 01       -2.028240       75.393692   696.10    0.0180000000             NaN             NaN             NaN  326.7120000000
2019 07 01       -2.028240       75.393692   705.10    0.0150000000             NaN             NaN             NaN  326.6580000000
2019 07 01       -2.028240       75.393692   714.30    0.0180000000             NaN             NaN             NaN  326.5710000000
2019 07 01       -2.028240       75.393692   723.80    0.0180000000             NaN             NaN             NaN  326.5460000000
2019 07 01       -2.028240       75.393692   733.50    0.0250000000             NaN             NaN             NaN  326.4530000000
2019 07 01       -2.028240       75.393692   743.30    0.0220000000             NaN             NaN             NaN  326.1680000000
2019 07 01       -2.028240       75.393692   753.50    0.0180000000             NaN             NaN             NaN  326.0810000000
2019 07 01       -2.028240       75.393692   764.00    0.0180000000             NaN             NaN             NaN  326.0140000000
2019 07 01       -2.028240       75.393692   774.50    0.0150000000             NaN             NaN             NaN  325.6830000000
2019 07 01       -2.028240       75.393692   785.40    0.0110000000             NaN             NaN             NaN  325.6900000000
2019 07 01       -2.028240       75.393692   796.40    0.0180000000             NaN             NaN             NaN  325.6430000000
2019 07 01       -2.028240       75.393692   807.60    0.0120000000             NaN             NaN             NaN  325.5870000000
2019 07 01       -2.028240       75.393692   819.00    0.0440000000             NaN             NaN             NaN  325.5830000000
2019 07 01       -2.028240       75.393692   830.80    0.0180000000             NaN             NaN             NaN  325.3800000000
2019 07 01       -2.028240       75.393692   842.80    0.0220000000             NaN             NaN             NaN  325.3350000000
2019 07 01       -2.028240       75.393692   854.90    0.0110000000             NaN             NaN             NaN  325.3510000000
2019 07 01       -2.028240       75.393692   865.40    0.0180000000             NaN             NaN             NaN  325.2020000000
2019 07 01       -2.028240       75.393692   873.00    0.0180000000             NaN             NaN             NaN  324.9330000000
2019 07 01       -2.028240       75.393692   880.80    0.0110000000             NaN             NaN             NaN  324.5920000000
2019 07 01       -2.028240       75.393692   888.90    0.0150000000             NaN             NaN             NaN  324.4680000000
2019 07 01       -2.028240       75.393692   897.10    0.0110000000             NaN             NaN             NaN  324.4270000000
2019 07 01       -2.028240       75.393692   905.60    0.0150000000             NaN             NaN             NaN  324.4190000000
2019 07 01       -2.028240       75.393692   915.22    0.0140000000             NaN             NaN             NaN  324.4870000000
2019 07 01       -2.028240       75.393692   946.92    0.0130000000             NaN             NaN             NaN  324.1320000000
2019 07 01       -2.028240       75.393692   956.32    0.0120000000             NaN             NaN             NaN  323.7490000000
2019 07 01       -2.028240       75.393692   966.22    0.0110000000             NaN             NaN             NaN  323.3910000000
2019 07 01       -2.028240       75.393692   986.32    0.0120000000             NaN             NaN             NaN  323.1540000000
2019 07 01       -2.028240       75.393692   996.72    0.0150000000             NaN             NaN             NaN  323.3980000000
2019 07 01       -2.028240       75.393692  1007.32    0.0120000000             NaN             NaN             NaN  322.3290000000
2019 07 01       -2.028240       75.393692  1029.12    0.0120000000             NaN             NaN             NaN  324.9690000000
2019 07 01       -2.028240       75.393692  1040.22    0.0310000000             NaN             NaN             NaN  324.8450000000
2019 07 01       -2.028240       75.393692  1051.42    0.0240000000             NaN             NaN             NaN  324.3400000000
2019 07 01       -2.028240       75.393692  1063.22    0.0150000000             NaN             NaN             NaN  323.7780000000
2019 07 01       -2.028240       75.393692  1132.00    0.0110000000             NaN             NaN             NaN  320.0470000000
2019 07 01       -2.028240       75.393692  1148.90    0.0140000000             NaN             NaN             NaN  319.8640000000
2019 07 01       -2.028240       75.393692  1184.70    0.0220000000             NaN             NaN             NaN  320.2070000000
2019 07 01       -2.028240       75.393692  1204.00    0.1420000000             NaN             NaN             NaN  320.4350000000
2019 07 01       -2.028240       75.393692  1223.90    0.0110000000             NaN             NaN             NaN  320.5350000000
2019 07 01       -2.028240       75.393692  1266.20    0.0110000000             NaN             NaN             NaN  319.5990000000
2019 07 01       -2.028240       75.393692  1288.50    0.0110000000             NaN             NaN             NaN  319.8860000000
2019 07 01       -2.028240       75.393692  1311.50    0.0150000000             NaN             NaN             NaN  319.6280000000
2019 07 01       -2.028240       75.393692  1360.00    0.0150000000             NaN             NaN             NaN  317.3210000000
2019 07 01       -2.028240       75.393692  1380.60    0.0180000000             NaN             NaN             NaN  316.4640000000
2019 07 01       -2.028240       75.393692  1432.10    0.0180000000             NaN             NaN             NaN  315.7420000000
2019 07 01       -2.028240       75.393692  1489.70    0.0150000000             NaN             NaN             NaN  314.6150000000
2019 07 01       -2.028240       75.393692  1510.10    0.0180000000             NaN             NaN             NaN  314.1400000000
2019 07 01       -2.028240       75.393692  1531.60    0.0110000000             NaN             NaN             NaN  313.8840000000
2019 07 01       -2.028240       75.393692  1576.90    0.0110000000             NaN             NaN             NaN  313.4290000000
2019 07 01       -2.028240       75.393692  1602.60    0.0110000000             NaN             NaN             NaN  313.8520000000
2019 07 01       -2.028240       75.393692  1636.90    0.0110000000             NaN             NaN             NaN  313.7880000000
2019 07 01       -2.028240       75.393692  1708.80    0.0180000000             NaN             NaN             NaN  313.8360000000
2019 07 01       -2.028240       75.393692  1749.70    0.0110000000             NaN             NaN             NaN  312.3680000000
2019 07 01       -2.028240       75.393692  1899.00    0.0110000000             NaN             NaN             NaN  309.0940000000
2019 07 01       -2.028240       75.393692  1916.20    0.0150000000             NaN             NaN             NaN  308.5490000000
2019 07 01       -2.028240       75.393692  1934.10    0.0110000000             NaN             NaN             NaN  307.9680000000
2019 07 01       -2.028240       75.393692  1952.70    0.0150000000             NaN             NaN             NaN  307.1070000000
2019 07 01       -2.028240       75.393692  1989.64    0.0180000000             NaN             NaN             NaN  302.7720000000
2019 07 01       -0.926750       75.367844    24.40    0.2520000000             NaN             NaN             NaN  343.2870000000
2019 07 01       -0.926750       75.367844    26.60    0.2550000000             NaN             NaN             NaN  342.9630000000
2019 07 01       -0.926750       75.367844    28.80    0.3150000000             NaN             NaN             NaN  342.4830000000
2019 07 01       -0.926750       75.367844    31.00    0.3600000000             NaN             NaN             NaN  341.4520000000
2019 07 01       -0.926750       75.367844    33.30    0.6670000000             NaN             NaN             NaN  340.0460000000
2019 07 01       -0.926750       75.367844    35.50    0.8030000000             NaN             NaN             NaN  338.4320000000
2019 07 01       -0.926750       75.367844    37.80    1.0310000000             NaN             NaN             NaN  336.4180000000
2019 07 01       -0.926750       75.367844    39.90    0.7240000000             NaN             NaN             NaN  334.0110000000
2019 07 01       -0.926750       75.367844    41.90    0.8760000000             NaN             NaN             NaN  331.2380000000
2019 07 01       -0.926750       75.367844    44.00    0.6720000000             NaN             NaN             NaN  328.9100000000
2019 07 01       -0.926750       75.367844    46.00    0.7480000000             NaN             NaN             NaN  326.8870000000
2019 07 01       -0.926750       75.367844    48.40    1.1240000000             NaN             NaN             NaN  328.3460000000
2019 07 01       -0.926750       75.367844    50.70    0.8680000000             NaN             NaN             NaN  329.3630000000
2019 07 01       -0.926750       75.367844    52.90    1.0390000000             NaN             NaN             NaN  329.5170000000
2019 07 01       -0.926750       75.367844    55.20    0.6760000000             NaN             NaN             NaN  329.0150000000
2019 07 01       -0.926750       75.367844    57.50    0.3030000000             NaN             NaN             NaN  328.9270000000
2019 07 01       -0.926750       75.367844    59.80    0.1420000000             NaN             NaN             NaN  328.3670000000
2019 07 01       -0.926750       75.367844    62.00    0.1060000000             NaN             NaN             NaN  327.7660000000
2019 07 01       -0.926750       75.367844    64.20    0.1100000000             NaN             NaN             NaN  327.3630000000
2019 07 01       -0.926750       75.367844    66.50    0.1130000000             NaN             NaN             NaN  326.6720000000
2019 07 01       -0.926750       75.367844    68.80    0.1160000000             NaN             NaN             NaN  325.9450000000
2019 07 01       -0.926750       75.367844    71.00    0.1060000000             NaN             NaN             NaN  325.8950000000
2019 07 01       -0.926750       75.367844    73.30    0.1030000000             NaN             NaN             NaN  325.9510000000
2019 07 01       -0.926750       75.367844    75.60    0.1100000000             NaN             NaN             NaN  325.9520000000
2019 07 01       -0.926750       75.367844    77.70    0.1130000000             NaN             NaN             NaN  325.9550000000
2019 07 01       -0.926750       75.367844    80.00    0.1330000000             NaN             NaN             NaN  325.8860000000
2019 07 01       -0.926750       75.367844    82.20    0.1090000000             NaN             NaN             NaN  325.7210000000
2019 07 01       -0.926750       75.367844    84.40    0.1020000000             NaN             NaN             NaN  325.5280000000
2019 07 01       -0.926750       75.367844    86.70    0.1050000000             NaN             NaN             NaN  325.6700000000
2019 07 01       -0.926750       75.367844    89.00    0.1030000000             NaN             NaN             NaN  325.6120000000
2019 07 01       -0.926750       75.367844    91.20    0.1140000000             NaN             NaN             NaN  325.3760000000
2019 07 01       -0.926750       75.367844    93.50    0.1300000000             NaN             NaN             NaN  325.2730000000
2019 07 01       -0.926750       75.367844    95.70    0.1130000000             NaN             NaN             NaN  324.9950000000
2019 07 01       -0.926750       75.367844    98.00    0.1090000000             NaN             NaN             NaN  324.7800000000
2019 07 01       -0.926750       75.367844   100.30    0.1060000000             NaN             NaN             NaN  324.7430000000
2019 07 01       -0.926750       75.367844   102.70    0.1030000000             NaN             NaN             NaN  324.6810000000
2019 07 01       -0.926750       75.367844   105.00    0.1050000000             NaN             NaN             NaN  324.6160000000
2019 07 01       -0.926750       75.367844   107.30    0.1000000000             NaN             NaN             NaN  324.5560000000
2019 07 01       -0.926750       75.367844   109.60    0.1090000000             NaN             NaN             NaN  324.4520000000
2019 07 01       -0.926750       75.367844   112.00    0.1020000000             NaN             NaN             NaN  324.3270000000
2019 07 01       -0.926750       75.367844   114.20    0.1020000000             NaN             NaN             NaN  324.3400000000
2019 07 01       -0.926750       75.367844   116.60    0.0880000000             NaN             NaN             NaN  324.5080000000
2019 07 01       -0.926750       75.367844   119.00    0.0940000000             NaN             NaN             NaN  324.5720000000
2019 07 01       -0.926750       75.367844   121.20    0.0840000000             NaN             NaN             NaN  325.0240000000
2019 07 01       -0.926750       75.367844   123.10    0.0880000000             NaN             NaN             NaN  325.1550000000
2019 07 01       -0.926750       75.367844   124.60    0.0910000000             NaN             NaN             NaN  325.3360000000
2019 07 01       -0.926750       75.367844   126.10    0.0870000000             NaN             NaN             NaN  325.4080000000
2019 07 01       -0.926750       75.367844   127.50    0.0840000000             NaN             NaN             NaN  325.5100000000
2019 07 01       -0.926750       75.367844   129.00    0.0840000000             NaN             NaN             NaN  325.5550000000
2019 07 01       -0.926750       75.367844   130.60    0.0810000000             NaN             NaN             NaN  325.7450000000
2019 07 01       -0.926750       75.367844   132.20    0.0980000000             NaN             NaN             NaN  325.9680000000
2019 07 01       -0.926750       75.367844   133.70    0.0840000000             NaN             NaN             NaN  326.0700000000
2019 07 01       -0.926750       75.367844   135.20    0.0770000000             NaN             NaN             NaN  326.1910000000
2019 07 01       -0.926750       75.367844   136.90    0.0800000000             NaN             NaN             NaN  326.2200000000
2019 07 01       -0.926750       75.367844   138.50    0.0760000000             NaN             NaN             NaN  326.5810000000
2019 07 01       -0.926750       75.367844   140.10    0.0700000000             NaN             NaN             NaN  326.6590000000
2019 07 01       -0.926750       75.367844   141.70    0.0800000000             NaN             NaN             NaN  326.8510000000
2019 07 01       -0.926750       75.367844   143.30    0.0770000000             NaN             NaN             NaN  327.0170000000
2019 07 01       -0.926750       75.367844   145.00    0.0730000000             NaN             NaN             NaN  326.9860000000
2019 07 01       -0.926750       75.367844   146.70    0.0730000000             NaN             NaN             NaN  327.2470000000
2019 07 01       -0.926750       75.367844   148.40    0.0690000000             NaN             NaN             NaN  327.2750000000
2019 07 01       -0.926750       75.367844   150.10    0.0730000000             NaN             NaN             NaN  327.2780000000
2019 07 01       -0.926750       75.367844   151.90    0.0660000000             NaN             NaN             NaN  327.3280000000
2019 07 01       -0.926750       75.367844   153.60    0.0660000000             NaN             NaN             NaN  327.3100000000
2019 07 01       -0.926750       75.367844   155.50    0.0730000000             NaN             NaN             NaN  327.3300000000
2019 07 01       -0.926750       75.367844   157.30    0.0750000000             NaN             NaN             NaN  327.4620000000
2019 07 01       -0.926750       75.367844   159.00    0.0650000000             NaN             NaN             NaN  327.5310000000
2019 07 01       -0.926750       75.367844   160.80    0.0590000000             NaN             NaN             NaN  327.4730000000
2019 07 01       -0.926750       75.367844   162.50    0.0620000000             NaN             NaN             NaN  327.4630000000
2019 07 01       -0.926750       75.367844   164.40    0.0620000000             NaN             NaN             NaN  327.4660000000
2019 07 01       -0.926750       75.367844   166.20    0.0590000000             NaN             NaN             NaN  327.4300000000
2019 07 01       -0.926750       75.367844   168.10    0.0690000000             NaN             NaN             NaN  327.3850000000
2019 07 01       -0.926750       75.367844   170.00    0.0650000000             NaN             NaN             NaN  327.3360000000
2019 07 01       -0.926750       75.367844   171.70    0.0580000000             NaN             NaN             NaN  327.3600000000
2019 07 01       -0.926750       75.367844   173.60    0.0580000000             NaN             NaN             NaN  327.3290000000
2019 07 01       -0.926750       75.367844   175.50    0.0510000000             NaN             NaN             NaN  327.2950000000
2019 07 01       -0.926750       75.367844   177.50    0.0540000000             NaN             NaN             NaN  327.2710000000
2019 07 01       -0.926750       75.367844   179.30    0.0470000000             NaN             NaN             NaN  327.1530000000
2019 07 01       -0.926750       75.367844   181.20    0.0520000000             NaN             NaN             NaN  327.0940000000
2019 07 01       -0.926750       75.367844   183.20    0.0580000000             NaN             NaN             NaN  327.2100000000
2019 07 01       -0.926750       75.367844   185.00    0.0510000000             NaN             NaN             NaN  327.2550000000
2019 07 01       -0.926750       75.367844   187.10    0.0570000000             NaN             NaN             NaN  327.1400000000
2019 07 01       -0.926750       75.367844   189.00    0.0440000000             NaN             NaN             NaN  327.3830000000
2019 07 01       -0.926750       75.367844   190.90    0.0510000000             NaN             NaN             NaN  327.3860000000
2019 07 01       -0.926750       75.367844   192.90    0.0470000000             NaN             NaN             NaN  327.3660000000
2019 07 01       -0.926750       75.367844   195.00    0.0480000000             NaN             NaN             NaN  327.3210000000
2019 07 01       -0.926750       75.367844   196.90    0.0550000000             NaN             NaN             NaN  327.5710000000
2019 07 01       -0.926750       75.367844   199.00    0.0510000000             NaN             NaN             NaN  327.5980000000
2019 07 01       -0.926750       75.367844   201.00    0.0400000000             NaN             NaN             NaN  327.5730000000
2019 07 01       -0.926750       75.367844   203.00    0.0510000000             NaN             NaN             NaN  327.4560000000
2019 07 01       -0.926750       75.367844   205.10    0.0470000000             NaN             NaN             NaN  327.4570000000
2019 07 01       -0.926750       75.367844   207.20    0.0470000000             NaN             NaN             NaN  327.6040000000
2019 07 01       -0.926750       75.367844   209.20    0.0360000000             NaN             NaN             NaN  327.6310000000
2019 07 01       -0.926750       75.367844   211.30    0.0400000000             NaN             NaN             NaN  327.6100000000
2019 07 01       -0.926750       75.367844   213.50    0.0410000000             NaN             NaN             NaN  327.6310000000
2019 07 01       -0.926750       75.367844   215.50    0.0510000000             NaN             NaN             NaN  327.5730000000
2019 07 01       -0.926750       75.367844   217.70    0.0470000000             NaN             NaN             NaN  327.5780000000
2019 07 01       -0.926750       75.367844   219.70    0.0470000000             NaN             NaN             NaN  327.5400000000
2019 07 01       -0.926750       75.367844   221.90    0.0440000000             NaN             NaN             NaN  327.4620000000
2019 07 01       -0.926750       75.367844   224.00    0.0470000000             NaN             NaN             NaN  327.4580000000
2019 07 01       -0.926750       75.367844   226.20    0.0470000000             NaN             NaN             NaN  327.4600000000
2019 07 01       -0.926750       75.367844   228.30    0.0410000000             NaN             NaN             NaN  327.4990000000
2019 07 01       -0.926750       75.367844   230.40    0.0510000000             NaN             NaN             NaN  327.4700000000
2019 07 01       -0.926750       75.367844   232.60    0.0470000000             NaN             NaN             NaN  327.3910000000
2019 07 01       -0.926750       75.367844   234.70    0.0400000000             NaN             NaN             NaN  327.1650000000
2019 07 01       -0.926750       75.367844   236.80    0.0440000000             NaN             NaN             NaN  327.3790000000
2019 07 01       -0.926750       75.367844   239.00    0.0440000000             NaN             NaN             NaN  327.3750000000
2019 07 01       -0.926750       75.367844   241.20    0.0440000000             NaN             NaN             NaN  327.3340000000
2019 07 01       -0.926750       75.367844   243.30    0.0470000000             NaN             NaN             NaN  327.2280000000
2019 07 01       -0.926750       75.367844   245.50    0.0410000000             NaN             NaN             NaN  327.2910000000
2019 07 01       -0.926750       75.367844   247.70    0.0470000000             NaN             NaN             NaN  327.4720000000
2019 07 01       -0.926750       75.367844   249.80    0.0410000000             NaN             NaN             NaN  327.4960000000
2019 07 01       -0.926750       75.367844   252.10    0.0470000000             NaN             NaN             NaN  327.3940000000
2019 07 01       -0.926750       75.367844   254.20    0.0470000000             NaN             NaN             NaN  327.2680000000
2019 07 01       -0.926750       75.367844   256.40    0.0410000000             NaN             NaN             NaN  327.1050000000
2019 07 01       -0.926750       75.367844   258.60    0.0550000000             NaN             NaN             NaN  327.0680000000
2019 07 01       -0.926750       75.367844   260.90    0.0510000000             NaN             NaN             NaN  326.9630000000
2019 07 01       -0.926750       75.367844   263.10    0.0550000000             NaN             NaN             NaN  327.0060000000
2019 07 01       -0.926750       75.367844   265.30    0.0550000000             NaN             NaN             NaN  326.9790000000
2019 07 01       -0.926750       75.367844   267.60    0.0540000000             NaN             NaN             NaN  326.9770000000
2019 07 01       -0.926750       75.367844   269.80    0.0480000000             NaN             NaN             NaN  327.0430000000
2019 07 01       -0.926750       75.367844   272.10    0.0510000000             NaN             NaN             NaN  326.9700000000
2019 07 01       -0.926750       75.367844   274.30    0.0510000000             NaN             NaN             NaN  327.0150000000
2019 07 01       -0.926750       75.367844   276.60    0.0520000000             NaN             NaN             NaN  327.0710000000
2019 07 01       -0.926750       75.367844   278.90    0.0640000000             NaN             NaN             NaN  327.0800000000
2019 07 01       -0.926750       75.367844   281.10    0.0440000000             NaN             NaN             NaN  327.0650000000
2019 07 01       -0.926750       75.367844   283.50    0.0440000000             NaN             NaN             NaN  327.1870000000
2019 07 01       -0.926750       75.367844   285.70    0.0510000000             NaN             NaN             NaN  327.1050000000
2019 07 01       -0.926750       75.367844   288.00    0.0510000000             NaN             NaN             NaN  327.3530000000
2019 07 01       -0.926750       75.367844   290.40    0.0400000000             NaN             NaN             NaN  327.5360000000
2019 07 01       -0.926750       75.367844   292.60    0.0400000000             NaN             NaN             NaN  327.5040000000
2019 07 01       -0.926750       75.367844   295.00    0.0400000000             NaN             NaN             NaN  327.5410000000
2019 07 01       -0.926750       75.367844   297.40    0.0400000000             NaN             NaN             NaN  327.5730000000
2019 07 01       -0.926750       75.367844   302.80    0.0440000000             NaN             NaN             NaN  327.5240000000
2019 07 01       -0.926750       75.367844   314.60    0.0360000000             NaN             NaN             NaN  327.6980000000
2019 07 01       -0.926750       75.367844   326.60    0.0330000000             NaN             NaN             NaN  327.7290000000
2019 07 01       -0.926750       75.367844   338.80    0.0220000000             NaN             NaN             NaN  327.6870000000
2019 07 01       -0.926750       75.367844   350.90    0.0290000000             NaN             NaN             NaN  327.8330000000
2019 07 01       -0.926750       75.367844   363.20    0.0360000000             NaN             NaN             NaN  327.5430000000
2019 07 01       -0.926750       75.367844   374.70    0.0360000000             NaN             NaN             NaN  327.3870000000
2019 07 01       -0.926750       75.367844   382.60    0.0360000000             NaN             NaN             NaN  327.4120000000
2019 07 01       -0.926750       75.367844   390.60    0.0360000000             NaN             NaN             NaN  326.9740000000
2019 07 01       -0.926750       75.367844   398.90    0.0220000000             NaN             NaN             NaN  327.1090000000
2019 07 01       -0.926750       75.367844   407.50    0.0290000000             NaN             NaN             NaN  327.1430000000
2019 07 01       -0.926750       75.367844   416.40    0.0360000000             NaN             NaN             NaN  326.8890000000
2019 07 01       -0.926750       75.367844   425.70    0.0330000000             NaN             NaN             NaN  326.7030000000
2019 07 01       -0.926750       75.367844   435.30    0.0220000000             NaN             NaN             NaN  326.7620000000
2019 07 01       -0.926750       75.367844   445.10    0.0180000000             NaN             NaN             NaN  326.7470000000
2019 07 01       -0.926750       75.367844   455.00    0.0220000000             NaN             NaN             NaN  326.5710000000
2019 07 01       -0.926750       75.367844   465.10    0.0260000000             NaN             NaN             NaN  326.3520000000
2019 07 01       -0.926750       75.367844   475.40    0.0290000000             NaN             NaN             NaN  326.1510000000
2019 07 01       -0.926750       75.367844   485.90    0.0220000000             NaN             NaN             NaN  326.2640000000
2019 07 01       -0.926750       75.367844   496.60    0.0220000000             NaN             NaN             NaN  326.2740000000
2019 07 01       -0.926750       75.367844   507.70    0.0290000000             NaN             NaN             NaN  326.0390000000
2019 07 01       -0.926750       75.367844   519.10    0.0290000000             NaN             NaN             NaN  325.7150000000
2019 07 01       -0.926750       75.367844   530.70    0.0250000000             NaN             NaN             NaN  326.0740000000
2019 07 01       -0.926750       75.367844   542.40    0.0220000000             NaN             NaN             NaN  326.6540000000
2019 07 01       -0.926750       75.367844   554.30    0.0220000000             NaN             NaN             NaN  327.0260000000
2019 07 01       -0.926750       75.367844   566.60    0.0250000000             NaN             NaN             NaN  327.1900000000
2019 07 01       -0.926750       75.367844   579.00    0.0220000000             NaN             NaN             NaN  327.5030000000
2019 07 01       -0.926750       75.367844   591.50    0.0180000000             NaN             NaN             NaN  327.6700000000
2019 07 01       -0.926750       75.367844   604.20    0.0220000000             NaN             NaN             NaN  327.9810000000
2019 07 01       -0.926750       75.367844   615.10    0.0220000000             NaN             NaN             NaN  328.0670000000
2019 07 01       -0.926750       75.367844   623.10    0.0180000000             NaN             NaN             NaN  328.0480000000
2019 07 01       -0.926750       75.367844   631.40    0.0150000000             NaN             NaN             NaN  328.0500000000
2019 07 01       -0.926750       75.367844   639.90    0.0180000000             NaN             NaN             NaN  328.0590000000
2019 07 01       -0.926750       75.367844   648.60    0.0150000000             NaN             NaN             NaN  327.9340000000
2019 07 01       -0.926750       75.367844   657.40    0.0180000000             NaN             NaN             NaN  327.9660000000
2019 07 01       -0.926750       75.367844   666.40    0.0150000000             NaN             NaN             NaN  327.5920000000
2019 07 01       -0.926750       75.367844   675.80    0.0220000000             NaN             NaN             NaN  327.6580000000
2019 07 01       -0.926750       75.367844   685.40    0.0180000000             NaN             NaN             NaN  327.3790000000
2019 07 01       -0.926750       75.367844   695.30    0.0220000000             NaN             NaN             NaN  327.0850000000
2019 07 01       -0.926750       75.367844   705.50    0.0180000000             NaN             NaN             NaN  326.3810000000
2019 07 01       -0.926750       75.367844   715.70    0.0180000000             NaN             NaN             NaN  325.9010000000
2019 07 01       -0.926750       75.367844   726.10    0.0180000000             NaN             NaN             NaN  325.7340000000
2019 07 01       -0.926750       75.367844   736.60    0.0220000000             NaN             NaN             NaN  325.6860000000
2019 07 01       -0.926750       75.367844   747.30    0.0180000000             NaN             NaN             NaN  325.6960000000
2019 07 01       -0.926750       75.367844   758.10    0.0140000000             NaN             NaN             NaN  325.5730000000
2019 07 01       -0.926750       75.367844   780.30    0.0180000000             NaN             NaN             NaN  325.5580000000
2019 07 01       -0.926750       75.367844   791.80    0.0140000000             NaN             NaN             NaN  325.2960000000
2019 07 01       -0.926750       75.367844   803.40    0.0110000000             NaN             NaN             NaN  324.8890000000
2019 07 01       -0.926750       75.367844   815.30    0.0110000000             NaN             NaN             NaN  324.7500000000
2019 07 01       -0.926750       75.367844   827.30    0.0110000000             NaN             NaN             NaN  325.0720000000
2019 07 01       -0.926750       75.367844   839.60    0.0150000000             NaN             NaN             NaN  324.8770000000
2019 07 01       -0.926750       75.367844   851.90    0.0180000000             NaN             NaN             NaN  324.5400000000
2019 07 01       -0.926750       75.367844   864.40    0.0180000000             NaN             NaN             NaN  324.1930000000
2019 07 01       -0.926750       75.367844   876.20    0.0110000000             NaN             NaN             NaN  323.9460000000
2019 07 01       -0.926750       75.367844   884.10    0.0150000000             NaN             NaN             NaN  324.2260000000
2019 07 01       -0.926750       75.367844   892.10    0.0110000000             NaN             NaN             NaN  324.5100000000
2019 07 01       -0.926750       75.367844   900.30    0.0150000000             NaN             NaN             NaN  324.6570000000
2019 07 01       -0.926750       75.367844   908.70    0.0110000000             NaN             NaN             NaN  324.9920000000
2019 07 01       -0.926750       75.367844   926.10    0.0110000000             NaN             NaN             NaN  324.7970000000
2019 07 01       -0.926750       75.367844   935.10    0.0110000000             NaN             NaN             NaN  324.9150000000
2019 07 01       -0.926750       75.367844   944.20    0.0110000000             NaN             NaN             NaN  324.9120000000
2019 07 01       -0.926750       75.367844   953.60    0.0110000000             NaN             NaN             NaN  324.5810000000
2019 07 01       -0.926750       75.367844   963.00    0.0150000000             NaN             NaN             NaN  323.5840000000
2019 07 01       -0.926750       75.367844   972.60    0.0110000000             NaN             NaN             NaN  322.9110000000
2019 07 01       -0.926750       75.367844   982.60    0.0110000000             NaN             NaN             NaN  322.9990000000
2019 07 01       -0.926750       75.367844   992.80    0.0110000000             NaN             NaN             NaN  322.8030000000
2019 07 01       -0.926750       75.367844  1003.10    0.0140000000             NaN             NaN             NaN  321.8440000000
2019 07 01       -0.926750       75.367844  1024.00    0.0110000000             NaN             NaN             NaN  321.6450000000
2019 07 01       -0.926750       75.367844  1034.90    0.0180000000             NaN             NaN             NaN  320.7940000000
2019 07 01       -0.926750       75.367844  1045.80    0.0140000000             NaN             NaN             NaN  320.1070000000
2019 07 01       -0.926750       75.367844  1056.90    0.0110000000             NaN             NaN             NaN  319.5760000000
2019 07 01       -0.926750       75.367844  1068.10    0.0180000000             NaN             NaN             NaN  319.5850000000
2019 07 01       -0.926750       75.367844  1090.90    0.0180000000             NaN             NaN             NaN  319.1470000000
2019 07 01       -0.926750       75.367844  1114.50    0.0110000000             NaN             NaN             NaN  319.2880000000
2019 07 01       -0.926750       75.367844  1139.10    0.0180000000             NaN             NaN             NaN  320.5440000000
2019 07 01       -0.926750       75.367844  1156.00    0.0110000000             NaN             NaN             NaN  320.8090000000
2019 07 01       -0.926750       75.367844  1172.50    0.0110000000             NaN             NaN             NaN  320.9070000000
2019 07 01       -0.926750       75.367844  1189.70    0.0150000000             NaN             NaN             NaN  320.9070000000
2019 07 01       -0.926750       75.367844  1207.60    0.0110000000             NaN             NaN             NaN  320.7150000000
2019 07 01       -0.926750       75.367844  1226.10    0.0110000000             NaN             NaN             NaN  320.3250000000
2019 07 01       -0.926750       75.367844  1245.20    0.0110000000             NaN             NaN             NaN  319.6850000000
2019 07 01       -0.926750       75.367844  1265.00    0.0110000000             NaN             NaN             NaN  318.5030000000
2019 07 01       -0.926750       75.367844  1306.70    0.0150000000             NaN             NaN             NaN  316.5020000000
2019 07 01       -0.926750       75.367844  1328.50    0.0150000000             NaN             NaN             NaN  315.4790000000
2019 07 01       -0.926750       75.367844  1401.45    0.0110000000             NaN             NaN             NaN  314.0470000000
2019 07 01       -0.926750       75.367844  1451.10    0.0180000000             NaN             NaN             NaN  313.8290000000
2019 07 01       -0.926750       75.367844  1487.60    0.0110000000             NaN             NaN             NaN  313.8300000000
2019 07 01       -0.926750       75.367844  1527.10    0.0110000000             NaN             NaN             NaN  313.9360000000
2019 07 01       -0.926750       75.367844  1547.90    0.0110000000             NaN             NaN             NaN  313.5780000000
2019 07 01       -0.926750       75.367844  1569.70    0.0110000000             NaN             NaN             NaN  313.6180000000
2019 07 01       -0.926750       75.367844  1592.30    0.0110000000             NaN             NaN             NaN  313.6150000000
2019 07 01       -0.926750       75.367844  1659.10    0.0110000000             NaN             NaN             NaN  312.7160000000
2019 07 01       -0.926750       75.367844  1732.40    0.0110000000             NaN             NaN             NaN  310.4850000000
2019 07 01       -0.926750       75.367844  1752.70    0.0110000000             NaN             NaN             NaN  309.9600000000
2019 07 01       -0.926750       75.367844  1774.20    0.0110000000             NaN             NaN             NaN  308.9230000000
2019 07 01       -0.926750       75.367844  1819.80    0.0140000000             NaN             NaN             NaN  307.2150000000
2019 07 01       -0.926750       75.367844  1890.40    0.0150000000             NaN             NaN             NaN  305.0010000000
2019 07 01       -0.926750       75.367844  1906.90    0.0180000000             NaN             NaN             NaN  304.6220000000
2019 07 01       -0.926750       75.367844  1941.80    0.0110000000             NaN             NaN             NaN  303.4940000000
2019 07 01       -0.926750       75.367844  1960.30    0.0110000000             NaN             NaN             NaN  302.9660000000
2019 07 01       -0.926750       75.367844  1979.40    0.0180000000             NaN             NaN             NaN  302.4170000000
2019 07 01       -0.926750       75.367844  1996.47    0.0150000000             NaN             NaN             NaN  302.1980000000
2019 07 01        0.755050       69.545601    42.76    0.8890000000             NaN             NaN             NaN             NaN
2019 07 01        0.755050       69.545601    44.25    1.0310000000             NaN             NaN             NaN  323.7810000000
2019 07 01        0.755050       69.545601    46.73    0.8570000000             NaN             NaN             NaN             NaN
2019 07 01        0.755050       69.545601    48.18    0.8480000000             NaN             NaN             NaN  323.8010000000
2019 07 01        0.755050       69.545601    50.79    0.9020000000             NaN             NaN             NaN  323.7860000000
2019 07 01        0.755050       69.545601    53.14    0.9970000000             NaN             NaN             NaN             NaN
2019 07 01        0.755050       69.545601    54.51    0.9180000000             NaN             NaN             NaN  323.3760000000
2019 07 01        0.755050       69.545601    56.75    1.1590000000             NaN             NaN             NaN             NaN
2019 07 01        0.755050       69.545601    58.06    0.7830000000             NaN             NaN             NaN  323.1190000000
2019 07 01        0.755050       69.545601    62.92    0.8860000000             NaN             NaN             NaN             NaN
2019 07 01        0.755050       69.545601    63.94    0.9340000000             NaN             NaN             NaN  322.1070000000
2019 07 01        0.755050       69.545601    65.50    0.7980000000             NaN             NaN             NaN  320.5640000000
2019 07 01        0.755050       69.545601    67.01    0.7640000000             NaN             NaN             NaN  320.2530000000
2019 07 01        0.755050       69.545601    68.61    0.7240000000             NaN             NaN             NaN             NaN
2019 07 01        0.755050       69.545601    69.58    0.7160000000             NaN             NaN             NaN  319.7230000000
2019 07 01        0.755050       69.545601    71.36    0.7090000000             NaN             NaN             NaN  319.0060000000
2019 07 01        0.755050       69.545601    73.21    0.7200000000             NaN             NaN             NaN             NaN
2019 07 01        0.755050       69.545601    74.33    0.7680000000             NaN             NaN             NaN  317.0800000000
2019 07 01        0.755050       69.545601    76.25    0.7170000000             NaN             NaN             NaN  316.0950000000
2019 07 01        0.755050       69.545601    77.95    0.6340000000             NaN             NaN             NaN             NaN
2019 07 01        0.755050       69.545601    78.95    0.5270000000             NaN             NaN             NaN  314.8650000000
2019 07 01        0.755050       69.545601    82.28    0.3990000000             NaN             NaN             NaN  312.2080000000
2019 07 01        0.755050       69.545601    83.81    0.3960000000             NaN             NaN             NaN             NaN
2019 07 01        0.755050       69.545601    84.75    0.2820000000             NaN             NaN             NaN  309.8720000000
2019 07 01        0.755050       69.545601    86.23    0.1220000000             NaN             NaN             NaN             NaN
2019 07 01        0.755050       69.545601    87.16    0.0920000000             NaN             NaN             NaN  308.7090000000
2019 07 01        0.755050       69.545601    90.96    0.0470000000             NaN             NaN             NaN  307.3220000000
2019 07 01        0.755050       69.545601    92.48    0.0400000000             NaN             NaN             NaN  306.8650000000
2019 07 01        0.755050       69.545601    93.89    0.0360000000             NaN             NaN             NaN             NaN
2019 07 01        0.755050       69.545601    95.59    0.0270000000             NaN             NaN             NaN  306.8650000000
2019 07 01        0.755050       69.545601    99.17    0.0140000000             NaN             NaN             NaN             NaN
2019 07 01        0.755050       69.545601   100.01    0.0180000000             NaN             NaN             NaN  306.7140000000
2019 07 01        0.755050       69.545601   103.44    0.0140000000             NaN             NaN             NaN             NaN
2019 07 01        0.755050       69.545601   104.37    0.0180000000             NaN             NaN             NaN  306.6330000000
2019 07 01        0.755050       69.545601   108.33    0.0140000000             NaN             NaN             NaN             NaN
2019 07 01        0.755050       69.545601   109.37    0.0110000000             NaN             NaN             NaN  306.7320000000
2019 07 01        0.755050       69.545601   113.60    0.0140000000             NaN             NaN             NaN             NaN
2019 07 01        0.755050       69.545601   114.53    0.0140000000             NaN             NaN             NaN  306.7490000000
2019 07 01        0.755050       69.545601   118.87    0.0140000000             NaN             NaN             NaN             NaN
2019 07 01        0.755050       69.545601   119.85    0.0150000000             NaN             NaN             NaN  306.7160000000
2019 07 01        0.755050       69.545601   123.10    0.0180000000             NaN             NaN             NaN             NaN
2019 07 01        0.755050       69.545601   124.12    0.0140000000             NaN             NaN             NaN  306.6820000000
2019 07 01        0.755050       69.545601   128.62    0.0110000000             NaN             NaN             NaN             NaN
2019 07 01        0.755050       69.545601   129.68    0.0250000000             NaN             NaN             NaN  306.7310000000
2019 07 01        0.755050       69.545601   133.93    0.0220000000             NaN             NaN             NaN             NaN
2019 07 01        0.755050       69.545601   134.83    0.0170000000             NaN             NaN             NaN  306.6900000000
2019 07 01        0.755050       69.545601   138.90    0.0110000000             NaN             NaN             NaN             NaN
2019 07 01        0.755050       69.545601   139.88    0.0140000000             NaN             NaN             NaN  306.6990000000
2019 07 01        0.755050       69.545601   143.80    0.0110000000             NaN             NaN             NaN             NaN
2019 07 01        0.755050       69.545601   144.80    0.0140000000             NaN             NaN             NaN  306.6210000000
2019 07 01        0.755050       69.545601   148.91    0.0110000000             NaN             NaN             NaN             NaN
2019 07 01        0.755050       69.545601   149.96    0.0140000000             NaN             NaN             NaN  306.5950000000
2019 07 01        0.755050       69.545601   153.80    0.0110000000             NaN             NaN             NaN             NaN
2019 07 01        0.755050       69.545601   154.85    0.0110000000             NaN             NaN             NaN  306.4300000000
2019 07 01        0.755050       69.545601   158.53    0.0110000000             NaN             NaN             NaN             NaN
2019 07 01        0.755050       69.545601   159.63    0.0110000000             NaN             NaN             NaN  306.3490000000
2019 07 01        0.755050       69.545601   163.43    0.0110000000             NaN             NaN             NaN             NaN
2019 07 01        0.755050       69.545601   164.58    0.0140000000             NaN             NaN             NaN  306.5010000000
2019 07 01        0.755050       69.545601   168.72    0.0110000000             NaN             NaN             NaN             NaN
2019 07 01        0.755050       69.545601   169.83    0.0170000000             NaN             NaN             NaN  306.2310000000
2019 07 01        0.755050       69.545601   172.52    0.0110000000             NaN             NaN             NaN             NaN
2019 07 01        0.755050       69.545601   173.63    0.0110000000             NaN             NaN             NaN  306.4140000000
2019 07 01        0.755050       69.545601   177.53    0.0110000000             NaN             NaN             NaN             NaN
2019 07 01        0.755050       69.545601   178.76    0.0150000000             NaN             NaN             NaN  306.3750000000
2019 07 01        0.755050       69.545601   183.51    0.0180000000             NaN             NaN             NaN             NaN
2019 07 01        0.755050       69.545601   184.48    0.0110000000             NaN             NaN             NaN  306.1610000000
2019 07 01        0.755050       69.545601   188.58    0.0140000000             NaN             NaN             NaN             NaN
2019 07 01        0.755050       69.545601   189.58    0.0120000000             NaN             NaN             NaN  306.0590000000
2019 07 01        0.755050       69.545601   193.72    0.0180000000             NaN             NaN             NaN             NaN
2019 07 01        0.755050       69.545601   194.74    0.0140000000             NaN             NaN             NaN  305.9100000000
2019 07 01        0.755050       69.545601   198.30    0.0140000000             NaN             NaN             NaN             NaN
2019 07 01        0.755050       69.545601   199.43    0.0110000000             NaN             NaN             NaN  305.8640000000
2019 07 01        0.755050       69.545601   203.71    0.0140000000             NaN             NaN             NaN             NaN
2019 07 01        0.755050       69.545601   204.81    0.0220000000             NaN             NaN             NaN  306.1120000000
2019 07 01        0.755050       69.545601   208.80    0.0220000000             NaN             NaN             NaN             NaN
2019 07 01        0.755050       69.545601   209.88    0.0150000000             NaN             NaN             NaN  306.1120000000
2019 07 01        0.755050       69.545601   213.60    0.0180000000             NaN             NaN             NaN             NaN
2019 07 01        0.755050       69.545601   214.73    0.0150000000             NaN             NaN             NaN  305.7800000000
2019 07 01        0.755050       69.545601   218.25    0.0220000000             NaN             NaN             NaN             NaN
2019 07 01        0.755050       69.545601   219.39    0.0180000000             NaN             NaN             NaN  306.0120000000
2019 07 01        0.755050       69.545601   223.21    0.0140000000             NaN             NaN             NaN             NaN
2019 07 01        0.755050       69.545601   224.35    0.0150000000             NaN             NaN             NaN  305.9650000000
2019 07 01        0.755050       69.545601   228.64    0.0180000000             NaN             NaN             NaN             NaN
2019 07 01        0.755050       69.545601   229.74    0.0170000000             NaN             NaN             NaN  305.9950000000
2019 07 01        0.755050       69.545601   233.24    0.0110000000             NaN             NaN             NaN             NaN
2019 07 01        0.755050       69.545601   234.43    0.0140000000             NaN             NaN             NaN  306.0290000000
2019 07 01        0.755050       69.545601   237.49    0.0140000000             NaN             NaN             NaN             NaN
2019 07 01        0.755050       69.545601   238.73    0.0140000000             NaN             NaN             NaN  305.9640000000
2019 07 01        0.755050       69.545601   243.27    0.0110000000             NaN             NaN             NaN             NaN
2019 07 01        0.755050       69.545601   244.42    0.0140000000             NaN             NaN             NaN  305.9520000000
2019 07 01        0.755050       69.545601   248.85    0.0140000000             NaN             NaN             NaN             NaN
2019 07 01        0.755050       69.545601   249.82    0.0110000000             NaN             NaN             NaN  305.9140000000
2019 07 01        0.755050       69.545601   253.80    0.0140000000             NaN             NaN             NaN             NaN
2019 07 01        0.755050       69.545601   254.78    0.0150000000             NaN             NaN             NaN  305.6700000000
2019 07 01        0.755050       69.545601   258.72    0.0180000000             NaN             NaN             NaN             NaN
2019 07 01        0.755050       69.545601   259.74    0.0210000000             NaN             NaN             NaN  305.9750000000
2019 07 01        0.755050       69.545601   263.69    0.0180000000             NaN             NaN             NaN             NaN
2019 07 01        0.755050       69.545601   264.73    0.0140000000             NaN             NaN             NaN  305.9150000000
2019 07 01        0.755050       69.545601   268.53    0.0140000000             NaN             NaN             NaN             NaN
2019 07 01        0.755050       69.545601   269.56    0.0140000000             NaN             NaN             NaN  305.6100000000
2019 07 01        0.755050       69.545601   273.47    0.0110000000             NaN             NaN             NaN             NaN
2019 07 01        0.755050       69.545601   274.54    0.0110000000             NaN             NaN             NaN  305.8190000000
2019 07 01        0.755050       69.545601   278.67    0.0140000000             NaN             NaN             NaN             NaN
2019 07 01        0.755050       69.545601   279.72    0.0170000000             NaN             NaN             NaN  305.6920000000
2019 07 01        0.755050       69.545601   283.83    0.0110000000             NaN             NaN             NaN             NaN
2019 07 01        0.755050       69.545601   284.87    0.0140000000             NaN             NaN             NaN  305.8460000000
2019 07 01        0.755050       69.545601   288.78    0.0140000000             NaN             NaN             NaN             NaN
2019 07 01        0.755050       69.545601   289.82    0.0180000000             NaN             NaN             NaN  305.8760000000
2019 07 01        0.755050       69.545601   293.53    0.0140000000             NaN             NaN             NaN             NaN
2019 07 01        0.755050       69.545601   294.59    0.0140000000             NaN             NaN             NaN  305.5850000000
2019 07 01        0.755050       69.545601   298.53    0.0110000000             NaN             NaN             NaN             NaN
2019 07 01        0.755050       69.545601   299.61    0.0140000000             NaN             NaN             NaN  305.4350000000
2019 07 01        0.755050       69.545601   303.54    0.0140000000             NaN             NaN             NaN             NaN
2019 07 01        0.755050       69.545601   304.62    0.0150000000             NaN             NaN             NaN  305.5910000000
2019 07 01        0.755050       69.545601   308.54    0.0180000000             NaN             NaN             NaN             NaN
2019 07 01        0.755050       69.545601   309.62    0.0140000000             NaN             NaN             NaN  305.2500000000
2019 07 01        0.755050       69.545601   314.52    0.0170000000             NaN             NaN             NaN  305.1560000000
2019 07 01        0.755050       69.545601   318.69    0.0110000000             NaN             NaN             NaN             NaN
2019 07 01        0.755050       69.545601   319.78    0.0140000000             NaN             NaN             NaN  305.2930000000
2019 07 01        0.755050       69.545601   323.71    0.0110000000             NaN             NaN             NaN             NaN
2019 07 01        0.755050       69.545601   324.77    0.0110000000             NaN             NaN             NaN  305.4580000000
2019 07 01        0.755050       69.545601   328.58    0.0140000000             NaN             NaN             NaN             NaN
2019 07 01        0.755050       69.545601   329.65    0.0140000000             NaN             NaN             NaN  305.3960000000
2019 07 01        0.755050       69.545601   333.53    0.0140000000             NaN             NaN             NaN             NaN
2019 07 01        0.755050       69.545601   334.64    0.0110000000             NaN             NaN             NaN  305.3650000000
2019 07 01        0.755050       69.545601   338.56    0.0110000000             NaN             NaN             NaN             NaN
2019 07 01        0.755050       69.545601   339.68    0.0110000000             NaN             NaN             NaN  305.3710000000
2019 07 01        0.755050       69.545601   343.46    0.0140000000             NaN             NaN             NaN             NaN
2019 07 01        0.755050       69.545601   344.56    0.0180000000             NaN             NaN             NaN  305.0430000000
2019 07 01        0.755050       69.545601   348.35    0.0140000000             NaN             NaN             NaN             NaN
2019 07 01        0.755050       69.545601   349.48    0.0110000000             NaN             NaN             NaN  305.2590000000
2019 07 01        0.755050       69.545601   353.47    0.0110000000             NaN             NaN             NaN             NaN
2019 07 01        0.755050       69.545601   354.58    0.0110000000             NaN             NaN             NaN  305.2810000000
2019 07 01        0.755050       69.545601   358.57    0.0110000000             NaN             NaN             NaN             NaN
2019 07 01        0.755050       69.545601   359.67    0.0100000000             NaN             NaN             NaN  304.9760000000
2019 07 01        0.755050       69.545601   364.65    0.0110000000             NaN             NaN             NaN  305.0160000000
2019 07 01        0.755050       69.545601   368.59    0.0110000000             NaN             NaN             NaN             NaN
2019 07 01        0.755050       69.545601   369.69    0.0110000000             NaN             NaN             NaN  305.1490000000
2019 07 01        0.755050       69.545601   373.66    0.0110000000             NaN             NaN             NaN             NaN
2019 07 01        0.755050       69.545601   374.76    0.0140000000             NaN             NaN             NaN  304.9050000000
2019 07 01        0.755050       69.545601   379.67    0.0110000000             NaN             NaN             NaN  304.8990000000
2019 07 01        0.755050       69.545601   383.50    0.0110000000             NaN             NaN             NaN             NaN
2019 07 01        0.755050       69.545601   384.60    0.0110000000             NaN             NaN             NaN  305.1940000000
2019 07 01        0.755050       69.545601   388.45    0.0140000000             NaN             NaN             NaN             NaN
2019 07 01        0.755050       69.545601   394.67    0.0110000000             NaN             NaN             NaN  304.7940000000
2019 07 01        0.755050       69.545601   398.50    0.0110000000             NaN             NaN             NaN             NaN
2019 07 01        0.755050       69.545601   399.60    0.0100000000             NaN             NaN             NaN  305.1870000000
2019 07 01        0.755050       69.545601   404.59    0.0110000000             NaN             NaN             NaN  305.1430000000
2019 07 01        0.755050       69.545601   408.57    0.0110000000             NaN             NaN             NaN             NaN
2019 07 01        0.755050       69.545601   409.69    0.0140000000             NaN             NaN             NaN  305.1060000000
2019 07 01        0.755050       69.545601   413.54    0.0110000000             NaN             NaN             NaN             NaN
2019 07 01        0.755050       69.545601   418.42    0.0110000000             NaN             NaN             NaN             NaN
2019 07 01        0.755050       69.545601   419.55    0.0170000000             NaN             NaN             NaN  304.8360000000
2019 07 01        0.755050       69.545601   423.38    0.0110000000             NaN             NaN             NaN             NaN
2019 07 01        0.755050       69.545601   424.51    0.0110000000             NaN             NaN             NaN  305.2730000000
2019 07 01        0.755050       69.545601   428.68    0.0110000000             NaN             NaN             NaN             NaN
2019 07 01        0.755050       69.545601   429.80    0.0100000000             NaN             NaN             NaN  305.0730000000
2019 07 01        0.755050       69.545601   438.50    0.0140000000             NaN             NaN             NaN             NaN
2019 07 01        0.755050       69.545601   444.62    0.0110000000             NaN             NaN             NaN  305.0330000000
2019 07 01        0.755050       69.545601   448.46    0.0110000000             NaN             NaN             NaN             NaN
2019 07 01        0.755050       69.545601   449.60    0.0110000000             NaN             NaN             NaN  304.8730000000
2019 07 01        0.755050       69.545601   453.47    0.0110000000             NaN             NaN             NaN             NaN
2019 07 01        0.755050       69.545601   454.61    0.0100000000             NaN             NaN             NaN  304.5520000000
2019 07 01        0.755050       69.545601   459.64    0.0110000000             NaN             NaN             NaN  304.7880000000
2019 07 01        0.755050       69.545601   463.62    0.0110000000             NaN             NaN             NaN             NaN
2019 07 01        0.755050       69.545601   468.49    0.0140000000             NaN             NaN             NaN             NaN
2019 07 01        0.755050       69.545601   483.44    0.0110000000             NaN             NaN             NaN             NaN
2019 07 01        0.755050       69.545601   488.39    0.0110000000             NaN             NaN             NaN             NaN
2019 07 01        0.755050       69.545601   489.58    0.0110000000             NaN             NaN             NaN  304.5400000000
2019 07 01        0.755050       69.545601   492.88    0.0110000000             NaN             NaN             NaN             NaN
2019 07 01        0.755050       69.545601   494.08    0.0110000000             NaN             NaN             NaN  304.2840000000
2019 07 01        0.755050       69.545601   497.75    0.0110000000             NaN             NaN             NaN             NaN
2019 07 01        0.755050       69.545601   498.94    0.0100000000             NaN             NaN             NaN  304.4760000000
2019 07 01        0.755050       69.545601   509.66    0.0100000000             NaN             NaN             NaN  304.1640000000
2019 07 01        0.755050       69.545601   519.73    0.0100000000             NaN             NaN             NaN  304.1080000000
2019 07 01        0.755050       69.545601   529.65    0.0110000000             NaN             NaN             NaN  304.0710000000
2019 07 01        0.755050       69.545601   534.48    0.0110000000             NaN             NaN             NaN             NaN
2019 07 01        0.755050       69.545601   539.66    0.0110000000             NaN             NaN             NaN  304.0810000000
2019 07 01        0.755050       69.545601   544.49    0.0140000000             NaN             NaN             NaN             NaN
2019 07 01        0.755050       69.545601   559.15    0.0110000000             NaN             NaN             NaN  304.1560000000
2019 07 01        0.755050       69.545601   564.39    0.0110000000             NaN             NaN             NaN             NaN
2019 07 01        0.755050       69.545601   574.45    0.0110000000             NaN             NaN             NaN             NaN
2019 07 01        0.755050       69.545601   579.73    0.0110000000             NaN             NaN             NaN  303.9760000000
2019 07 01        0.755050       69.545601   584.43    0.0110000000             NaN             NaN             NaN             NaN
2019 07 01        0.755050       69.545601   589.67    0.0140000000             NaN             NaN             NaN  304.1440000000
2019 07 01        0.755050       69.545601   594.32    0.0110000000             NaN             NaN             NaN             NaN
2019 07 01        0.755050       69.545601   598.42    0.0110000000             NaN             NaN             NaN  304.2120000000
2019 07 01        0.755050       69.545601   603.77    0.0110000000             NaN             NaN             NaN             NaN
2019 07 01        0.755050       69.545601   609.31    0.0110000000             NaN             NaN             NaN  304.0690000000
2019 07 01        0.755050       69.545601   614.54    0.0110000000             NaN             NaN             NaN             NaN
2019 07 01        0.755050       69.545601   619.72    0.0110000000             NaN             NaN             NaN  303.9290000000
2019 07 01        0.755050       69.545601   624.48    0.0110000000             NaN             NaN             NaN             NaN
2019 07 01        0.755050       69.545601   629.23    0.0110000000             NaN             NaN             NaN  303.8950000000
2019 07 01        0.755050       69.545601   634.43    0.0110000000             NaN             NaN             NaN             NaN
2019 07 01        0.755050       69.545601   649.22    0.0110000000             NaN             NaN             NaN  304.1380000000
2019 07 01        0.755050       69.545601   654.42    0.0110000000             NaN             NaN             NaN             NaN
2019 07 01        0.755050       69.545601   659.66    0.0110000000             NaN             NaN             NaN  304.0940000000
2019 07 01        0.755050       69.545601   664.44    0.0110000000             NaN             NaN             NaN             NaN
2019 07 01        0.755050       69.545601   669.13    0.0140000000             NaN             NaN             NaN  303.9480000000
2019 07 01        0.755050       69.545601   679.66    0.0110000000             NaN             NaN             NaN  303.9440000000
2019 07 01        0.755050       69.545601   684.41    0.0110000000             NaN             NaN             NaN             NaN
2019 07 01        0.755050       69.545601   704.32    0.0110000000             NaN             NaN             NaN             NaN
2019 07 01        0.755050       69.545601   709.65    0.0110000000             NaN             NaN             NaN  304.1220000000
2019 07 01        0.755050       69.545601   714.45    0.0110000000             NaN             NaN             NaN             NaN
2019 07 01        0.755050       69.545601   719.01    0.0110000000             NaN             NaN             NaN  303.9600000000
2019 07 01        0.755050       69.545601   724.31    0.0110000000             NaN             NaN             NaN             NaN
2019 07 01        0.755050       69.545601   729.12    0.0110000000             NaN             NaN             NaN  303.8570000000
2019 07 01        0.755050       69.545601   744.46    0.0110000000             NaN             NaN             NaN             NaN
2019 07 01        0.755050       69.545601   749.67    0.0110000000             NaN             NaN             NaN  303.7840000000
2019 07 01        0.755050       69.545601   754.33    0.0140000000             NaN             NaN             NaN             NaN
2019 07 01        0.755050       69.545601   758.40    0.0110000000             NaN             NaN             NaN  303.8590000000
2019 07 01        0.755050       69.545601   763.69    0.0140000000             NaN             NaN             NaN             NaN
2019 07 01        0.755050       69.545601   784.45    0.0110000000             NaN             NaN             NaN             NaN
2019 07 01        0.755050       69.545601   789.20    0.0110000000             NaN             NaN             NaN  304.0260000000
2019 07 01        0.755050       69.545601   799.72    0.0110000000             NaN             NaN             NaN  303.9960000000
2019 07 01        0.755050       69.545601   804.43    0.0140000000             NaN             NaN             NaN             NaN
2019 07 01        0.755050       69.545601   809.68    0.0110000000             NaN             NaN             NaN  303.7790000000
2019 07 01        0.755050       69.545601   814.45    0.0140000000             NaN             NaN             NaN             NaN
2019 07 01        0.755050       69.545601   819.05    0.0110000000             NaN             NaN             NaN  303.7660000000
2019 07 01        0.755050       69.545601   824.33    0.0110000000             NaN             NaN             NaN             NaN
2019 07 01        0.755050       69.545601   829.74    0.0110000000             NaN             NaN             NaN  303.9330000000
2019 07 01        0.755050       69.545601   834.48    0.0110000000             NaN             NaN             NaN             NaN
2019 07 01        0.755050       69.545601   844.46    0.0110000000             NaN             NaN             NaN             NaN
2019 07 01        0.755050       69.545601   854.35    0.0110000000             NaN             NaN             NaN             NaN
2019 07 01        0.755050       69.545601   859.71    0.0110000000             NaN             NaN             NaN  303.7440000000
2019 07 01        0.755050       69.545601   864.42    0.0140000000             NaN             NaN             NaN             NaN
2019 07 01        0.755050       69.545601   869.63    0.0110000000             NaN             NaN             NaN  303.4140000000
2019 07 01        0.755050       69.545601   874.37    0.0110000000             NaN             NaN             NaN             NaN
2019 07 01        0.755050       69.545601   879.59    0.0110000000             NaN             NaN             NaN  303.5710000000
2019 07 01        0.755050       69.545601   884.31    0.0110000000             NaN             NaN             NaN             NaN
2019 07 01        0.755050       69.545601   894.24    0.0110000000             NaN             NaN             NaN             NaN
2019 07 01        0.755050       69.545601   899.23    0.0110000000             NaN             NaN             NaN  303.4450000000
2019 07 01        0.755050       69.545601   909.24    0.0140000000             NaN             NaN             NaN  303.3290000000
2019 07 01        0.755050       69.545601   914.41    0.0110000000             NaN             NaN             NaN             NaN
2019 07 01        0.755050       69.545601   919.22    0.0110000000             NaN             NaN             NaN  303.2870000000
2019 07 01        0.755050       69.545601   934.44    0.0110000000             NaN             NaN             NaN             NaN
2019 07 01        0.755050       69.545601   939.65    0.0110000000             NaN             NaN             NaN  302.9050000000
2019 07 01        0.755050       69.545601   944.51    0.0110000000             NaN             NaN             NaN             NaN
2019 07 01        0.755050       69.545601   949.66    0.0110000000             NaN             NaN             NaN  302.7260000000
2019 07 01        0.755050       69.545601   954.31    0.0140000000             NaN             NaN             NaN             NaN
2019 07 01        0.755050       69.545601   959.62    0.0110000000             NaN             NaN             NaN  302.5220000000
2019 07 01        0.755050       69.545601   964.31    0.0140000000             NaN             NaN             NaN             NaN
2019 07 01        0.755050       69.545601   974.27    0.0110000000             NaN             NaN             NaN             NaN
2019 07 01        0.755050       69.545601   984.14    0.0110000000             NaN             NaN             NaN             NaN
2019 07 01        0.755050       69.545601   988.83    0.0110000000             NaN             NaN             NaN  301.3470000000
2019 07 01        0.755050       69.545601   994.19    0.0110000000             NaN             NaN             NaN             NaN
2019 07 01        0.755050       69.545601   999.55    0.0100000000             NaN             NaN             NaN  301.0030000000
2019 07 01        0.755050       69.545601  1009.40    0.0100000000             NaN             NaN             NaN  300.6420000000
2019 07 01        0.755050       69.545601  1019.45    0.0110000000             NaN             NaN             NaN  300.0920000000
2019 07 01        0.755050       69.545601  1024.29    0.0110000000             NaN             NaN             NaN             NaN
2019 07 01        0.755050       69.545601  1029.59    0.0110000000             NaN             NaN             NaN  299.5190000000
2019 07 01        0.755050       69.545601  1034.35    0.0110000000             NaN             NaN             NaN             NaN
2019 07 01        0.755050       69.545601  1039.42    0.0110000000             NaN             NaN             NaN  299.4860000000
2019 07 01        0.755050       69.545601  1044.30    0.0140000000             NaN             NaN             NaN             NaN
2019 07 01        0.755050       69.545601  1049.31    0.0100000000             NaN             NaN             NaN  299.0230000000
2019 07 01        0.755050       69.545601  1058.81    0.0140000000             NaN             NaN             NaN  298.2880000000
2019 07 01        0.755050       69.545601  1063.96    0.0110000000             NaN             NaN             NaN             NaN
2019 07 01        0.755050       69.545601  1069.52    0.0110000000             NaN             NaN             NaN  297.2150000000
2019 07 01        0.755050       69.545601  1074.39    0.0110000000             NaN             NaN             NaN             NaN
2019 07 01        0.755050       69.545601  1079.65    0.0110000000             NaN             NaN             NaN  296.6040000000
2019 07 01        0.755050       69.545601  1084.36    0.0110000000             NaN             NaN             NaN             NaN
2019 07 01        0.755050       69.545601  1089.42    0.0140000000             NaN             NaN             NaN  296.6180000000
2019 07 01        0.755050       69.545601  1098.52    0.0110000000             NaN             NaN             NaN  296.4210000000
2019 07 01        0.755050       69.545601  1103.73    0.0110000000             NaN             NaN             NaN             NaN
2019 07 01        0.755050       69.545601  1109.24    0.0140000000             NaN             NaN             NaN  297.3510000000
2019 07 01        0.755050       69.545601  1119.82    0.0140000000             NaN             NaN             NaN  298.6310000000
2019 07 01        0.755050       69.545601  1124.57    0.0110000000             NaN             NaN             NaN             NaN
2019 07 01        0.755050       69.545601  1129.77    0.0110000000             NaN             NaN             NaN  300.2050000000
2019 07 01        0.755050       69.545601  1134.60    0.0110000000             NaN             NaN             NaN             NaN
2019 07 01        0.755050       69.545601  1139.86    0.0180000000             NaN             NaN             NaN  302.4910000000
2019 07 01        0.755050       69.545601  1144.42    0.0140000000             NaN             NaN             NaN             NaN
2019 07 01        0.755050       69.545601  1148.91    0.0180000000             NaN             NaN             NaN  304.0530000000
2019 07 01        0.755050       69.545601  1153.88    0.0180000000             NaN             NaN             NaN             NaN
2019 07 01        0.755050       69.545601  1158.57    0.0110000000             NaN             NaN             NaN  305.0030000000
2019 07 01        0.755050       69.545601  1164.03    0.0140000000             NaN             NaN             NaN             NaN
2019 07 01        0.755050       69.545601  1169.64    0.0110000000             NaN             NaN             NaN  305.4490000000
2019 07 01        0.755050       69.545601  1174.66    0.0110000000             NaN             NaN             NaN             NaN
2019 07 01        0.755050       69.545601  1179.73    0.0110000000             NaN             NaN             NaN  305.6130000000
2019 07 01        0.755050       69.545601  1184.57    0.0110000000             NaN             NaN             NaN             NaN
2019 07 01        0.755050       69.545601  1189.72    0.0110000000             NaN             NaN             NaN  306.2950000000
2019 07 01        0.755050       69.545601  1194.60    0.0140000000             NaN             NaN             NaN             NaN
2019 07 01        0.755050       69.545601  1199.19    0.0110000000             NaN             NaN             NaN  306.4820000000
2019 07 01        0.755050       69.545601  1204.25    0.0180000000             NaN             NaN             NaN             NaN
2019 07 01        0.755050       69.545601  1209.03    0.0140000000             NaN             NaN             NaN  306.6790000000
2019 07 01        0.755050       69.545601  1214.29    0.0180000000             NaN             NaN             NaN             NaN
2019 07 01        0.755050       69.545601  1219.00    0.0140000000             NaN             NaN             NaN  306.8270000000
2019 07 01        0.755050       69.545601  1224.18    0.0110000000             NaN             NaN             NaN             NaN
2019 07 01        0.755050       69.545601  1229.46    0.0110000000             NaN             NaN             NaN  307.0080000000
2019 07 01        0.755050       69.545601  1234.39    0.0110000000             NaN             NaN             NaN             NaN
2019 07 01        0.755050       69.545601  1239.05    0.0140000000             NaN             NaN             NaN  307.0600000000
2019 07 01        0.755050       69.545601  1244.19    0.0140000000             NaN             NaN             NaN             NaN
2019 07 01        0.755050       69.545601  1249.52    0.0140000000             NaN             NaN             NaN  307.1100000000
2019 07 01        0.755050       69.545601  1254.12    0.0110000000             NaN             NaN             NaN             NaN
2019 07 01        0.755050       69.545601  1259.20    0.0170000000             NaN             NaN             NaN  307.5590000000
2019 07 01        0.755050       69.545601  1264.28    0.0110000000             NaN             NaN             NaN             NaN
2019 07 01        0.755050       69.545601  1269.50    0.0110000000             NaN             NaN             NaN  307.6120000000
2019 07 01        0.755050       69.545601  1274.23    0.0110000000             NaN             NaN             NaN             NaN
2019 07 01        0.755050       69.545601  1279.53    0.0180000000             NaN             NaN             NaN  307.6100000000
2019 07 01        0.755050       69.545601  1284.31    0.0180000000             NaN             NaN             NaN             NaN
2019 07 01        0.755050       69.545601  1288.82    0.0110000000             NaN             NaN             NaN  307.9550000000
2019 07 01        0.755050       69.545601  1294.13    0.0180000000             NaN             NaN             NaN             NaN
2019 07 01        0.755050       69.545601  1298.98    0.0140000000             NaN             NaN             NaN  308.0170000000
2019 07 01        0.755050       69.545601  1304.17    0.0110000000             NaN             NaN             NaN             NaN
2019 07 01        0.755050       69.545601  1309.42    0.0120000000             NaN             NaN             NaN  307.9010000000
2019 07 01        0.755050       69.545601  1314.23    0.0180000000             NaN             NaN             NaN             NaN
2019 07 01        0.755050       69.545601  1319.42    0.0110000000             NaN             NaN             NaN  307.9140000000
2019 07 01        0.755050       69.545601  1324.24    0.0110000000             NaN             NaN             NaN             NaN
2019 07 01        0.755050       69.545601  1329.46    0.0110000000             NaN             NaN             NaN  307.8640000000
2019 07 01        0.755050       69.545601  1334.10    0.0110000000             NaN             NaN             NaN             NaN
2019 07 01        0.755050       69.545601  1338.67    0.0110000000             NaN             NaN             NaN  307.9110000000
2019 07 01        0.755050       69.545601  1343.93    0.0180000000             NaN             NaN             NaN             NaN
2019 07 01        0.755050       69.545601  1349.38    0.0140000000             NaN             NaN             NaN  307.8270000000
2019 07 01        0.755050       69.545601  1354.26    0.0110000000             NaN             NaN             NaN             NaN
2019 07 01        0.755050       69.545601  1359.51    0.0170000000             NaN             NaN             NaN  307.7600000000
2019 07 01        0.755050       69.545601  1364.35    0.0110000000             NaN             NaN             NaN             NaN
2019 07 01        0.755050       69.545601  1369.47    0.0110000000             NaN             NaN             NaN  307.9710000000
2019 07 01        0.755050       69.545601  1374.20    0.0140000000             NaN             NaN             NaN             NaN
2019 07 01        0.755050       69.545601  1378.93    0.0110000000             NaN             NaN             NaN  307.7560000000
2019 07 01        0.755050       69.545601  1384.07    0.0110000000             NaN             NaN             NaN             NaN
2019 07 01        0.755050       69.545601  1389.34    0.0140000000             NaN             NaN             NaN  307.8380000000
2019 07 01        0.755050       69.545601  1394.22    0.0110000000             NaN             NaN             NaN             NaN
2019 07 01        0.755050       69.545601  1399.16    0.0110000000             NaN             NaN             NaN  307.8780000000
2019 07 01        0.755050       69.545601  1404.09    0.0110000000             NaN             NaN             NaN             NaN
2019 07 01        0.755050       69.545601  1408.87    0.0140000000             NaN             NaN             NaN  307.8670000000
2019 07 01        0.755050       69.545601  1414.10    0.0140000000             NaN             NaN             NaN             NaN
2019 07 01        0.755050       69.545601  1418.80    0.0110000000             NaN             NaN             NaN  307.8060000000
2019 07 01        0.755050       69.545601  1424.17    0.0140000000             NaN             NaN             NaN             NaN
2019 07 01        0.755050       69.545601  1428.99    0.0140000000             NaN             NaN             NaN  307.8930000000
2019 07 01        0.755050       69.545601  1434.21    0.0110000000             NaN             NaN             NaN             NaN
2019 07 01        0.755050       69.545601  1439.46    0.0110000000             NaN             NaN             NaN  307.7690000000
2019 07 01        0.755050       69.545601  1444.31    0.0110000000             NaN             NaN             NaN             NaN
2019 07 01        0.755050       69.545601  1449.52    0.0140000000             NaN             NaN             NaN  307.6820000000
2019 07 01        0.755050       69.545601  1454.29    0.0140000000             NaN             NaN             NaN             NaN
2019 07 01        0.755050       69.545601  1459.52    0.0140000000             NaN             NaN             NaN  307.6270000000
2019 07 01        0.755050       69.545601  1464.39    0.0110000000             NaN             NaN             NaN             NaN
2019 07 01        0.755050       69.545601  1469.12    0.0110000000             NaN             NaN             NaN  307.5160000000
2019 07 01        0.755050       69.545601  1474.30    0.0140000000             NaN             NaN             NaN             NaN
2019 07 01        0.755050       69.545601  1479.52    0.0170000000             NaN             NaN             NaN  307.5270000000
2019 07 01        0.755050       69.545601  1484.31    0.0110000000             NaN             NaN             NaN             NaN
2019 07 01        0.755050       69.545601  1488.47    0.0140000000             NaN             NaN             NaN  307.5290000000
2019 07 01        0.755050       69.545601  1493.59    0.0140000000             NaN             NaN             NaN             NaN
2019 07 01        0.755050       69.545601  1499.32    0.0110000000             NaN             NaN             NaN  307.3480000000
2019 07 01        0.755050       69.545601  1504.35    0.0110000000             NaN             NaN             NaN             NaN
2019 07 01        0.755050       69.545601  1509.70    0.0150000000             NaN             NaN             NaN  307.2880000000
2019 07 01        0.755050       69.545601  1514.47    0.0180000000             NaN             NaN             NaN             NaN
2019 07 01        0.755050       69.545601  1519.68    0.0110000000             NaN             NaN             NaN  307.1830000000
2019 07 01        0.755050       69.545601  1524.54    0.0110000000             NaN             NaN             NaN             NaN
2019 07 01        0.755050       69.545601  1529.26    0.0110000000             NaN             NaN             NaN  307.2560000000
2019 07 01        0.755050       69.545601  1534.27    0.0110000000             NaN             NaN             NaN             NaN
2019 07 01        0.755050       69.545601  1539.48    0.0110000000             NaN             NaN             NaN  307.1830000000
2019 07 01        0.755050       69.545601  1544.47    0.0110000000             NaN             NaN             NaN             NaN
2019 07 01        0.755050       69.545601  1549.60    0.0140000000             NaN             NaN             NaN  307.3380000000
2019 07 01        0.755050       69.545601  1554.24    0.0110000000             NaN             NaN             NaN             NaN
2019 07 01        0.755050       69.545601  1558.86    0.0110000000             NaN             NaN             NaN  307.3320000000
2019 07 01        0.755050       69.545601  1564.16    0.0110000000             NaN             NaN             NaN             NaN
2019 07 01        0.755050       69.545601  1569.70    0.0110000000             NaN             NaN             NaN  307.3300000000
2019 07 01        0.755050       69.545601  1574.53    0.0110000000             NaN             NaN             NaN             NaN
2019 07 01        0.755050       69.545601  1579.64    0.0140000000             NaN             NaN             NaN  307.2760000000
2019 07 01        0.755050       69.545601  1584.56    0.0110000000             NaN             NaN             NaN             NaN
2019 07 01        0.755050       69.545601  1589.71    0.0110000000             NaN             NaN             NaN  307.1620000000
2019 07 01        0.755050       69.545601  1594.49    0.0110000000             NaN             NaN             NaN             NaN
2019 07 01        0.755050       69.545601  1599.14    0.0110000000             NaN             NaN             NaN  307.1800000000
2019 07 01        0.755050       69.545601  1604.28    0.0110000000             NaN             NaN             NaN             NaN
2019 07 01        0.755050       69.545601  1609.13    0.0220000000             NaN             NaN             NaN  307.2200000000
2019 07 01        0.755050       69.545601  1614.32    0.0110000000             NaN             NaN             NaN             NaN
2019 07 01        0.755050       69.545601  1619.03    0.0180000000             NaN             NaN             NaN  307.0300000000
2019 07 01        0.755050       69.545601  1623.67    0.0110000000             NaN             NaN             NaN             NaN
2019 07 01        0.755050       69.545601  1628.24    0.0110000000             NaN             NaN             NaN  307.0120000000
2019 07 01        0.755050       69.545601  1633.94    0.0110000000             NaN             NaN             NaN             NaN
2019 07 01        0.755050       69.545601  1639.65    0.0140000000             NaN             NaN             NaN  306.9610000000
2019 07 01        0.755050       69.545601  1644.42    0.0110000000             NaN             NaN             NaN             NaN
2019 07 01        0.755050       69.545601  1649.17    0.0110000000             NaN             NaN             NaN  307.0060000000
2019 07 01        0.755050       69.545601  1654.34    0.0140000000             NaN             NaN             NaN             NaN
2019 07 01        0.755050       69.545601  1659.13    0.0140000000             NaN             NaN             NaN  306.9810000000
2019 07 01        0.755050       69.545601  1664.33    0.0140000000             NaN             NaN             NaN             NaN
2019 07 01        0.755050       69.545601  1669.13    0.0110000000             NaN             NaN             NaN  306.8800000000
2019 07 01        0.755050       69.545601  1674.40    0.0110000000             NaN             NaN             NaN             NaN
2019 07 01        0.755050       69.545601  1679.69    0.0110000000             NaN             NaN             NaN  306.8560000000
2019 07 01        0.755050       69.545601  1684.43    0.0140000000             NaN             NaN             NaN             NaN
2019 07 01        0.755050       69.545601  1689.13    0.0140000000             NaN             NaN             NaN  306.8050000000
2019 07 01        0.755050       69.545601  1694.30    0.0110000000             NaN             NaN             NaN             NaN
2019 07 01        0.755050       69.545601  1699.56    0.0110000000             NaN             NaN             NaN  306.6780000000
2019 07 01        0.755050       69.545601  1704.27    0.0110000000             NaN             NaN             NaN             NaN
2019 07 01        0.755050       69.545601  1714.30    0.0110000000             NaN             NaN             NaN             NaN
2019 07 01        0.755050       69.545601  1719.49    0.0140000000             NaN             NaN             NaN  306.5690000000
2019 07 01        0.755050       69.545601  1724.30    0.0110000000             NaN             NaN             NaN             NaN
2019 07 01        0.755050       69.545601  1729.01    0.0110000000             NaN             NaN             NaN  306.3520000000
2019 07 01        0.755050       69.545601  1734.35    0.0110000000             NaN             NaN             NaN             NaN
2019 07 01        0.755050       69.545601  1739.70    0.0140000000             NaN             NaN             NaN  306.2700000000
2019 07 01        0.755050       69.545601  1744.41    0.0140000000             NaN             NaN             NaN             NaN
2019 07 01        0.755050       69.545601  1749.61    0.0110000000             NaN             NaN             NaN  306.0460000000
2019 07 01        0.755050       69.545601  1754.31    0.0140000000             NaN             NaN             NaN             NaN
2019 07 01        0.755050       69.545601  1759.54    0.0110000000             NaN             NaN             NaN  306.0400000000
2019 07 01        0.755050       69.545601  1763.84    0.0110000000             NaN             NaN             NaN             NaN
2019 07 01        0.755050       69.545601  1768.08    0.0110000000             NaN             NaN             NaN  305.9370000000
2019 07 01        0.755050       69.545601  1779.52    0.0110000000             NaN             NaN             NaN  305.8680000000
2019 07 01        0.755050       69.545601  1784.58    0.0180000000             NaN             NaN             NaN             NaN
2019 07 01        0.755050       69.545601  1789.77    0.0110000000             NaN             NaN             NaN  305.6140000000
2019 07 01        0.755050       69.545601  1794.54    0.0110000000             NaN             NaN             NaN             NaN
2019 07 01        0.755050       69.545601  1799.80    0.0170000000             NaN             NaN             NaN  305.5620000000
2019 07 01        0.755050       69.545601  1804.48    0.0110000000             NaN             NaN             NaN             NaN
2019 07 01        0.755050       69.545601  1809.66    0.0140000000             NaN             NaN             NaN  305.4240000000
2019 07 01        0.755050       69.545601  1814.58    0.0110000000             NaN             NaN             NaN             NaN
2019 07 01        0.755050       69.545601  1819.24    0.0110000000             NaN             NaN             NaN  305.2550000000
2019 07 01        0.755050       69.545601  1824.48    0.0180000000             NaN             NaN             NaN             NaN
2019 07 01        0.755050       69.545601  1829.72    0.0100000000             NaN             NaN             NaN  305.1450000000
2019 07 01        0.755050       69.545601  1839.61    0.0110000000             NaN             NaN             NaN  305.0390000000
2019 07 01        0.755050       69.545601  1844.37    0.0140000000             NaN             NaN             NaN             NaN
2019 07 01        0.755050       69.545601  1849.60    0.0110000000             NaN             NaN             NaN  304.7870000000
2019 07 01        0.755050       69.545601  1854.34    0.0140000000             NaN             NaN             NaN             NaN
2019 07 01        0.755050       69.545601  1859.06    0.0110000000             NaN             NaN             NaN  304.8150000000
2019 07 01        0.755050       69.545601  1864.21    0.0140000000             NaN             NaN             NaN             NaN
2019 07 01        0.755050       69.545601  1869.02    0.0110000000             NaN             NaN             NaN  304.5280000000
2019 07 01        0.755050       69.545601  1874.29    0.0110000000             NaN             NaN             NaN             NaN
2019 07 01        0.755050       69.545601  1879.06    0.0110000000             NaN             NaN             NaN  304.3430000000
2019 07 01        0.755050       69.545601  1884.30    0.0110000000             NaN             NaN             NaN             NaN
2019 07 01        0.755050       69.545601  1889.01    0.0110000000             NaN             NaN             NaN  304.1880000000
2019 07 01        0.755050       69.545601  1894.26    0.0110000000             NaN             NaN             NaN             NaN
2019 07 01        0.755050       69.545601  1899.04    0.0110000000             NaN             NaN             NaN  304.0420000000
2019 07 01        0.755050       69.545601  1904.27    0.0110000000             NaN             NaN             NaN             NaN
2019 07 01        0.755050       69.545601  1909.05    0.0140000000             NaN             NaN             NaN  303.8000000000
2019 07 01        0.755050       69.545601  1914.29    0.0110000000             NaN             NaN             NaN             NaN
2019 07 01        0.755050       69.545601  1924.39    0.0140000000             NaN             NaN             NaN             NaN
2019 07 01        0.755050       69.545601  1929.56    0.0110000000             NaN             NaN             NaN  303.7060000000
2019 07 01        0.755050       69.545601  1934.29    0.0140000000             NaN             NaN             NaN             NaN
2019 07 01        0.755050       69.545601  1939.56    0.0140000000             NaN             NaN             NaN  303.4690000000
2019 07 01        0.755050       69.545601  1944.34    0.0110000000             NaN             NaN             NaN             NaN
2019 07 01        0.755050       69.545601  1949.62    0.0110000000             NaN             NaN             NaN  303.3730000000
2019 07 01        0.755050       69.545601  1954.01    0.0110000000             NaN             NaN             NaN             NaN
2019 07 01        0.755050       69.545601  1958.10    0.0110000000             NaN             NaN             NaN  303.2360000000
2019 07 01        0.755050       69.545601  1963.84    0.0110000000             NaN             NaN             NaN             NaN
2019 07 01        0.755050       69.545601  1969.17    0.0110000000             NaN             NaN             NaN  303.0130000000
2019 07 01        0.755050       69.545601  1973.80    0.0140000000             NaN             NaN             NaN             NaN
2019 07 01        0.755050       69.545601  1978.96    0.0180000000             NaN             NaN             NaN  302.8870000000
2019 07 01        0.755050       69.545601  1984.78    0.0180000000             NaN             NaN             NaN             NaN
2019 07 01        0.755050       69.545601  1989.49    0.0140000000             NaN             NaN             NaN  302.5810000000
2019 07 01        0.755050       69.545601  1995.00    0.0110000000             NaN             NaN             NaN  302.4990000000
2019 07 01        0.755050       69.545601  2014.51    0.0140000000             NaN             NaN             NaN  302.4710000000
2019 07 01        0.097930       67.647141    17.79    1.5140000000             NaN             NaN             NaN  305.8970000000
2019 07 01        0.097930       67.647141    19.67    1.4850000000             NaN             NaN             NaN  305.3670000000
2019 07 01        0.097930       67.647141    23.65    1.1280000000             NaN             NaN             NaN             NaN
2019 07 01        0.097930       67.647141    25.38    0.8150000000             NaN             NaN             NaN  303.4230000000
2019 07 01        0.097930       67.647141    27.03    0.5330000000             NaN             NaN             NaN             NaN
2019 07 01        0.097930       67.647141    27.88    0.5000000000             NaN             NaN             NaN  303.8940000000
2019 07 01        0.097930       67.647141    31.64    0.3450000000             NaN             NaN             NaN  304.0000000000
2019 07 01        0.097930       67.647141    33.16    0.3100000000             NaN             NaN             NaN             NaN
2019 07 01        0.097930       67.647141    34.00    0.2790000000             NaN             NaN             NaN  303.5380000000
2019 07 01        0.097930       67.647141    35.61    0.2200000000             NaN             NaN             NaN  304.5900000000
2019 07 01        0.097930       67.647141    37.30    0.2120000000             NaN             NaN             NaN             NaN
2019 07 01        0.097930       67.647141    39.96    0.2010000000             NaN             NaN             NaN  304.4760000000
2019 07 01        0.097930       67.647141    41.76    0.1610000000             NaN             NaN             NaN             NaN
2019 07 01        0.097930       67.647141    42.69    0.1740000000             NaN             NaN             NaN  303.9330000000
2019 07 01        0.097930       67.647141    44.59    0.2440000000             NaN             NaN             NaN  303.7660000000
2019 07 01        0.097930       67.647141    46.42    0.5180000000             NaN             NaN             NaN             NaN
2019 07 01        0.097930       67.647141    47.38    0.1580000000             NaN             NaN             NaN  302.9680000000
2019 07 01        0.097930       67.647141    49.38    0.1370000000             NaN             NaN             NaN  302.1190000000
2019 07 01        0.097930       67.647141    51.34    0.1280000000             NaN             NaN             NaN             NaN
2019 07 01        0.097930       67.647141    54.50    0.1310000000             NaN             NaN             NaN  302.7520000000
2019 07 01        0.097930       67.647141    56.41    0.1280000000             NaN             NaN             NaN             NaN
2019 07 01        0.097930       67.647141    59.57    0.1340000000             NaN             NaN             NaN  302.0870000000
2019 07 01        0.097930       67.647141    61.45    0.1170000000             NaN             NaN             NaN             NaN
2019 07 01        0.097930       67.647141    64.60    0.1040000000             NaN             NaN             NaN  300.3520000000
2019 07 01        0.097930       67.647141    66.61    0.0690000000             NaN             NaN             NaN             NaN
2019 07 01        0.097930       67.647141    67.73    0.0780000000             NaN             NaN             NaN  299.6950000000
2019 07 01        0.097930       67.647141    69.90    0.0720000000             NaN             NaN             NaN  299.0120000000
2019 07 01        0.097930       67.647141    71.89    0.0690000000             NaN             NaN             NaN             NaN
2019 07 01        0.097930       67.647141    72.95    0.0690000000             NaN             NaN             NaN  298.3800000000
2019 07 01        0.097930       67.647141    75.03    0.0470000000             NaN             NaN             NaN  298.3430000000
2019 07 01        0.097930       67.647141    77.02    0.0470000000             NaN             NaN             NaN             NaN
2019 07 01        0.097930       67.647141    78.06    0.0560000000             NaN             NaN             NaN  298.3730000000
2019 07 01        0.097930       67.647141    80.11    0.0440000000             NaN             NaN             NaN  298.2620000000
2019 07 01        0.097930       67.647141    82.16    0.0580000000             NaN             NaN             NaN             NaN
2019 07 01        0.097930       67.647141    83.22    0.0370000000             NaN             NaN             NaN  298.8330000000
2019 07 01        0.097930       67.647141    85.42    0.0200000000             NaN             NaN             NaN  298.9430000000
2019 07 01        0.097930       67.647141    87.35    0.0360000000             NaN             NaN             NaN             NaN
2019 07 01        0.097930       67.647141    88.48    0.0380000000             NaN             NaN             NaN  299.5120000000
2019 07 01        0.097930       67.647141    90.54    0.0260000000             NaN             NaN             NaN  300.2030000000
2019 07 01        0.097930       67.647141    92.67    0.0440000000             NaN             NaN             NaN             NaN
2019 07 01        0.097930       67.647141    93.77    0.0370000000             NaN             NaN             NaN  300.6040000000
2019 07 01        0.097930       67.647141    95.85    0.0200000000             NaN             NaN             NaN  300.9670000000
2019 07 01        0.097930       67.647141    97.91    0.0260000000             NaN             NaN             NaN             NaN
2019 07 01        0.097930       67.647141    99.01    0.0350000000             NaN             NaN             NaN  301.2020000000
2019 07 01        0.097930       67.647141   102.68    0.0260000000             NaN             NaN             NaN             NaN
2019 07 01        0.097930       67.647141   107.90    0.0290000000             NaN             NaN             NaN             NaN
2019 07 01        0.097930       67.647141   109.01    0.0280000000             NaN             NaN             NaN  302.6560000000
2019 07 01        0.097930       67.647141   113.04    0.0440000000             NaN             NaN             NaN             NaN
2019 07 01        0.097930       67.647141   117.75    0.0290000000             NaN             NaN             NaN             NaN
2019 07 01        0.097930       67.647141   118.81    0.0340000000             NaN             NaN             NaN  302.7140000000
2019 07 01        0.097930       67.647141   123.03    0.0440000000             NaN             NaN             NaN             NaN
2019 07 01        0.097930       67.647141   124.12    0.0360000000             NaN             NaN             NaN  303.0120000000
2019 07 01        0.097930       67.647141   128.01    0.0360000000             NaN             NaN             NaN             NaN
2019 07 01        0.097930       67.647141   129.07    0.0190000000             NaN             NaN             NaN  302.8400000000
2019 07 01        0.097930       67.647141   132.85    0.0260000000             NaN             NaN             NaN             NaN
2019 07 01        0.097930       67.647141   133.94    0.0200000000             NaN             NaN             NaN  303.1270000000
2019 07 01        0.097930       67.647141   137.78    0.0290000000             NaN             NaN             NaN             NaN
2019 07 01        0.097930       67.647141   138.87    0.0300000000             NaN             NaN             NaN  303.0610000000
2019 07 01        0.097930       67.647141   142.80    0.0360000000             NaN             NaN             NaN             NaN
2019 07 01        0.097930       67.647141   143.95    0.0210000000             NaN             NaN             NaN  303.8230000000
2019 07 01        0.097930       67.647141   147.74    0.0110000000             NaN             NaN             NaN             NaN
2019 07 01        0.097930       67.647141   148.85    0.0140000000             NaN             NaN             NaN  304.2210000000
2019 07 01        0.097930       67.647141   152.90    0.0330000000             NaN             NaN             NaN             NaN
2019 07 01        0.097930       67.647141   154.01    0.0100000000             NaN             NaN             NaN  303.9030000000
2019 07 01        0.097930       67.647141   157.88    0.0330000000             NaN             NaN             NaN             NaN
2019 07 01        0.097930       67.647141   159.02    0.0110000000             NaN             NaN             NaN  303.4790000000
2019 07 01        0.097930       67.647141   162.81    0.0110000000             NaN             NaN             NaN             NaN
2019 07 01        0.097930       67.647141   163.92    0.0260000000             NaN             NaN             NaN  302.0320000000
2019 07 01        0.097930       67.647141   167.78    0.0260000000             NaN             NaN             NaN             NaN
2019 07 01        0.097930       67.647141   168.90    0.0220000000             NaN             NaN             NaN  301.2930000000
2019 07 01        0.097930       67.647141   172.69    0.0220000000             NaN             NaN             NaN             NaN
2019 07 01        0.097930       67.647141   177.54    0.0150000000             NaN             NaN             NaN             NaN
2019 07 01        0.097930       67.647141   178.69    0.0280000000             NaN             NaN             NaN  298.8940000000
2019 07 01        0.097930       67.647141   182.51    0.0220000000             NaN             NaN             NaN             NaN
2019 07 01        0.097930       67.647141   186.95    0.0290000000             NaN             NaN             NaN             NaN
2019 07 01        0.097930       67.647141   192.58    0.0180000000             NaN             NaN             NaN             NaN
2019 07 01        0.097930       67.647141   193.70    0.0180000000             NaN             NaN             NaN  296.2060000000
2019 07 01        0.097930       67.647141   198.27    0.0150000000             NaN             NaN             NaN             NaN
2019 07 01        0.097930       67.647141   203.21    0.0260000000             NaN             NaN             NaN             NaN
2019 07 01        0.097930       67.647141   204.15    0.0300000000             NaN             NaN             NaN  295.8870000000
2019 07 01        0.097930       67.647141   208.37    0.0330000000             NaN             NaN             NaN             NaN
2019 07 01        0.097930       67.647141   209.32    0.0150000000             NaN             NaN             NaN  296.9020000000
2019 07 01        0.097930       67.647141   213.20    0.0180000000             NaN             NaN             NaN             NaN
2019 07 01        0.097930       67.647141   218.05    0.0290000000             NaN             NaN             NaN             NaN
2019 07 01        0.097930       67.647141   223.12    0.0290000000             NaN             NaN             NaN             NaN
2019 07 01        0.097930       67.647141   224.14    0.0170000000             NaN             NaN             NaN  294.4790000000
2019 07 01        0.097930       67.647141   228.01    0.0330000000             NaN             NaN             NaN             NaN
2019 07 01        0.097930       67.647141   229.05    0.0300000000             NaN             NaN             NaN  292.1660000000
2019 07 01        0.097930       67.647141   237.93    0.0220000000             NaN             NaN             NaN             NaN
2019 07 01        0.097930       67.647141   239.00    0.0180000000             NaN             NaN             NaN  293.5150000000
2019 07 01        0.097930       67.647141   243.01    0.0150000000             NaN             NaN             NaN             NaN
2019 07 01        0.097930       67.647141   244.07    0.0240000000             NaN             NaN             NaN  294.1120000000
2019 07 01        0.097930       67.647141   248.15    0.0110000000             NaN             NaN             NaN             NaN
2019 07 01        0.097930       67.647141   249.24    0.0240000000             NaN             NaN             NaN  294.6060000000
2019 07 01        0.097930       67.647141   252.81    0.0360000000             NaN             NaN             NaN             NaN
2019 07 01        0.097930       67.647141   257.55    0.0220000000             NaN             NaN             NaN             NaN
2019 07 01        0.097930       67.647141   258.69    0.0100000000             NaN             NaN             NaN  295.7810000000
2019 07 01        0.097930       67.647141   262.01    0.0290000000             NaN             NaN             NaN             NaN
2019 07 01        0.097930       67.647141   263.07    0.0210000000             NaN             NaN             NaN  296.1730000000
2019 07 01        0.097930       67.647141   267.49    0.0110000000             NaN             NaN             NaN             NaN
2019 07 01        0.097930       67.647141   268.57    0.0230000000             NaN             NaN             NaN  296.7260000000
2019 07 01        0.097930       67.647141   273.42    0.0290000000             NaN             NaN             NaN             NaN
2019 07 01        0.097930       67.647141   278.19    0.0110000000             NaN             NaN             NaN             NaN
2019 07 01        0.097930       67.647141   287.93    0.0290000000             NaN             NaN             NaN             NaN
2019 07 01        0.097930       67.647141   288.88    0.0190000000             NaN             NaN             NaN  297.6730000000
2019 07 01        0.097930       67.647141   293.10    0.0290000000             NaN             NaN             NaN             NaN
2019 07 01        0.097930       67.647141   294.09    0.0220000000             NaN             NaN             NaN  297.5290000000
2019 07 01        0.097930       67.647141   298.37    0.0220000000             NaN             NaN             NaN             NaN
2019 07 01        0.097930       67.647141   299.36    0.0230000000             NaN             NaN             NaN  298.3480000000
2019 07 01        0.097930       67.647141   303.20    0.0330000000             NaN             NaN             NaN             NaN
2019 07 01        0.097930       67.647141   304.17    0.0210000000             NaN             NaN             NaN  298.3360000000
2019 07 01        0.097930       67.647141   307.88    0.0110000000             NaN             NaN             NaN             NaN
2019 07 01        0.097930       67.647141   308.86    0.0110000000             NaN             NaN             NaN  299.0540000000
2019 07 01        0.097930       67.647141   312.70    0.0150000000             NaN             NaN             NaN             NaN
2019 07 01        0.097930       67.647141   318.05    0.0180000000             NaN             NaN             NaN             NaN
2019 07 01        0.097930       67.647141   322.77    0.0180000000             NaN             NaN             NaN             NaN
2019 07 01        0.097930       67.647141   328.91    0.0110000000             NaN             NaN             NaN  300.4420000000
2019 07 01        0.097930       67.647141   332.76    0.0400000000             NaN             NaN             NaN             NaN
2019 07 01        0.097930       67.647141   337.83    0.0220000000             NaN             NaN             NaN             NaN
2019 07 01        0.097930       67.647141   338.90    0.0130000000             NaN             NaN             NaN  301.3550000000
2019 07 01        0.097930       67.647141   342.87    0.0290000000             NaN             NaN             NaN             NaN
2019 07 01        0.097930       67.647141   347.88    0.0110000000             NaN             NaN             NaN             NaN
2019 07 01        0.097930       67.647141   348.93    0.0250000000             NaN             NaN             NaN  301.8450000000
2019 07 01        0.097930       67.647141   352.96    0.0220000000             NaN             NaN             NaN             NaN
2019 07 01        0.097930       67.647141   354.00    0.0130000000             NaN             NaN             NaN  302.6560000000
2019 07 01        0.097930       67.647141   357.94    0.0290000000             NaN             NaN             NaN             NaN
2019 07 01        0.097930       67.647141   358.98    0.0150000000             NaN             NaN             NaN  303.0550000000
2019 07 01        0.097930       67.647141   363.02    0.0150000000             NaN             NaN             NaN             NaN
2019 07 01        0.097930       67.647141   364.05    0.0290000000             NaN             NaN             NaN  303.2550000000
2019 07 01        0.097930       67.647141   368.02    0.0260000000             NaN             NaN             NaN             NaN
2019 07 01        0.097930       67.647141   369.04    0.0220000000             NaN             NaN             NaN  304.0180000000
2019 07 01        0.097930       67.647141   372.90    0.0180000000             NaN             NaN             NaN             NaN
2019 07 01        0.097930       67.647141   373.90    0.0260000000             NaN             NaN             NaN  304.1980000000
2019 07 01        0.097930       67.647141   378.15    0.0290000000             NaN             NaN             NaN             NaN
2019 07 01        0.097930       67.647141   383.08    0.0110000000             NaN             NaN             NaN             NaN
2019 07 01        0.097930       67.647141   384.09    0.0110000000             NaN             NaN             NaN  303.6820000000
2019 07 01        0.097930       67.647141   388.02    0.0150000000             NaN             NaN             NaN             NaN
2019 07 01        0.097930       67.647141   389.04    0.0250000000             NaN             NaN             NaN  305.0350000000
2019 07 01        0.097930       67.647141   392.21    0.0220000000             NaN             NaN             NaN             NaN
2019 07 01        0.097930       67.647141   393.26    0.0200000000             NaN             NaN             NaN  305.1350000000
2019 07 01        0.097930       67.647141   397.28    0.0290000000             NaN             NaN             NaN             NaN
2019 07 01        0.097930       67.647141   398.34    0.0240000000             NaN             NaN             NaN  305.4490000000
2019 07 01        0.097930       67.647141   402.21    0.0110000000             NaN             NaN             NaN             NaN
2019 07 01        0.097930       67.647141   408.38    0.0330000000             NaN             NaN             NaN             NaN
2019 07 01        0.097930       67.647141   409.30    0.0390000000             NaN             NaN             NaN  305.8160000000
2019 07 01        0.097930       67.647141   413.44    0.0290000000             NaN             NaN             NaN             NaN
2019 07 01        0.097930       67.647141   414.32    0.0260000000             NaN             NaN             NaN  305.9880000000
2019 07 01        0.097930       67.647141   418.41    0.0330000000             NaN             NaN             NaN             NaN
2019 07 01        0.097930       67.647141   423.32    0.0150000000             NaN             NaN             NaN             NaN
2019 07 01        0.097930       67.647141   424.27    0.0120000000             NaN             NaN             NaN  306.1890000000
2019 07 01        0.097930       67.647141   428.24    0.0220000000             NaN             NaN             NaN             NaN
2019 07 01        0.097930       67.647141   429.23    0.0190000000             NaN             NaN             NaN  306.3890000000
2019 07 01        0.097930       67.647141   432.75    0.0260000000             NaN             NaN             NaN             NaN
2019 07 01        0.097930       67.647141   433.73    0.0290000000             NaN             NaN             NaN  306.5290000000
2019 07 01        0.097930       67.647141   437.90    0.0260000000             NaN             NaN             NaN             NaN
2019 07 01        0.097930       67.647141   438.98    0.0340000000             NaN             NaN             NaN  306.1710000000
2019 07 01        0.097930       67.647141   442.99    0.0180000000             NaN             NaN             NaN             NaN
2019 07 01        0.097930       67.647141   444.01    0.0340000000             NaN             NaN             NaN  307.1340000000
2019 07 01        0.097930       67.647141   448.19    0.0110000000             NaN             NaN             NaN             NaN
2019 07 01        0.097930       67.647141   449.18    0.0140000000             NaN             NaN             NaN  307.3960000000
2019 07 01        0.097930       67.647141   453.06    0.0110000000             NaN             NaN             NaN             NaN
2019 07 01        0.097930       67.647141   454.11    0.0260000000             NaN             NaN             NaN  307.8470000000
2019 07 01        0.097930       67.647141   457.97    0.0260000000             NaN             NaN             NaN             NaN
2019 07 01        0.097930       67.647141   459.00    0.0130000000             NaN             NaN             NaN  307.9080000000
2019 07 01        0.097930       67.647141   462.88    0.0260000000             NaN             NaN             NaN             NaN
2019 07 01        0.097930       67.647141   463.95    0.0310000000             NaN             NaN             NaN  308.3380000000
2019 07 01        0.097930       67.647141   467.89    0.0150000000             NaN             NaN             NaN             NaN
2019 07 01        0.097930       67.647141   469.04    0.0130000000             NaN             NaN             NaN  307.7650000000
2019 07 01        0.097930       67.647141   472.81    0.0260000000             NaN             NaN             NaN             NaN
2019 07 01        0.097930       67.647141   473.93    0.0160000000             NaN             NaN             NaN  307.9630000000
2019 07 01        0.097930       67.647141   477.24    0.0260000000             NaN             NaN             NaN             NaN
2019 07 01        0.097930       67.647141   482.21    0.0220000000             NaN             NaN             NaN             NaN
2019 07 01        0.097930       67.647141   483.30    0.0150000000             NaN             NaN             NaN  308.8470000000
2019 07 01        0.097930       67.647141   487.38    0.0220000000             NaN             NaN             NaN             NaN
2019 07 01        0.097930       67.647141   488.48    0.0280000000             NaN             NaN             NaN  308.8860000000
2019 07 01        0.097930       67.647141   493.20    0.0220000000             NaN             NaN             NaN             NaN
2019 07 01        0.097930       67.647141   494.12    0.0190000000             NaN             NaN             NaN  308.8730000000
2019 07 01        0.097930       67.647141   498.24    0.0260000000             NaN             NaN             NaN             NaN
2019 07 01        0.097930       67.647141   499.18    0.0130000000             NaN             NaN             NaN  309.0350000000
2019 07 01        0.097930       67.647141   503.99    0.0330000000             NaN             NaN             NaN             NaN
2019 07 01        0.097930       67.647141   509.20    0.0110000000             NaN             NaN             NaN  309.0410000000
2019 07 01        0.097930       67.647141   513.97    0.0110000000             NaN             NaN             NaN             NaN
2019 07 01        0.097930       67.647141   519.17    0.0250000000             NaN             NaN             NaN  308.5310000000
2019 07 01        0.097930       67.647141   523.88    0.0220000000             NaN             NaN             NaN             NaN
2019 07 01        0.097930       67.647141   528.89    0.0240000000             NaN             NaN             NaN  308.9310000000
2019 07 01        0.097930       67.647141   533.75    0.0150000000             NaN             NaN             NaN             NaN
2019 07 01        0.097930       67.647141   538.45    0.0260000000             NaN             NaN             NaN  308.7970000000
2019 07 01        0.097930       67.647141   543.70    0.0110000000             NaN             NaN             NaN             NaN
2019 07 01        0.097930       67.647141   548.60    0.0290000000             NaN             NaN             NaN  308.5790000000
2019 07 01        0.097930       67.647141   553.87    0.0330000000             NaN             NaN             NaN             NaN
2019 07 01        0.097930       67.647141   559.26    0.0260000000             NaN             NaN             NaN  308.5790000000
2019 07 01        0.097930       67.647141   563.66    0.0260000000             NaN             NaN             NaN             NaN
2019 07 01        0.097930       67.647141   567.86    0.0220000000             NaN             NaN             NaN  308.3780000000
2019 07 01        0.097930       67.647141   578.09    0.0110000000             NaN             NaN             NaN  307.9430000000
2019 07 01        0.097930       67.647141   583.54    0.0260000000             NaN             NaN             NaN             NaN
2019 07 01        0.097930       67.647141   588.88    0.0260000000             NaN             NaN             NaN  308.5030000000
2019 07 01        0.097930       67.647141   593.61    0.0290000000             NaN             NaN             NaN             NaN
2019 07 01        0.097930       67.647141   598.46    0.0180000000             NaN             NaN             NaN  308.4880000000
2019 07 01        0.097930       67.647141   603.76    0.0330000000             NaN             NaN             NaN             NaN
2019 07 01        0.097930       67.647141   608.69    0.0260000000             NaN             NaN             NaN  308.2660000000
2019 07 01        0.097930       67.647141   618.99    0.0210000000             NaN             NaN             NaN  308.3120000000
2019 07 01        0.097930       67.647141   623.86    0.0150000000             NaN             NaN             NaN             NaN
2019 07 01        0.097930       67.647141   628.50    0.0150000000             NaN             NaN             NaN  308.3230000000
2019 07 01        0.097930       67.647141   633.62    0.0290000000             NaN             NaN             NaN             NaN
2019 07 01        0.097930       67.647141   638.45    0.0400000000             NaN             NaN             NaN  308.2220000000
2019 07 01        0.097930       67.647141   643.54    0.0360000000             NaN             NaN             NaN             NaN
2019 07 01        0.097930       67.647141   648.30    0.0290000000             NaN             NaN             NaN  308.1090000000
2019 07 01        0.097930       67.647141   653.57    0.0330000000             NaN             NaN             NaN             NaN
2019 07 01        0.097930       67.647141   658.45    0.0180000000             NaN             NaN             NaN  308.0770000000
2019 07 01        0.097930       67.647141   663.68    0.0110000000             NaN             NaN             NaN             NaN
2019 07 01        0.097930       67.647141   668.44    0.0180000000             NaN             NaN             NaN  307.9200000000
2019 07 01        0.097930       67.647141   673.66    0.0260000000             NaN             NaN             NaN             NaN
2019 07 01        0.097930       67.647141   678.43    0.0220000000             NaN             NaN             NaN  307.0750000000
2019 07 01        0.097930       67.647141   683.64    0.0150000000             NaN             NaN             NaN             NaN
2019 07 01        0.097930       67.647141   688.44    0.0220000000             NaN             NaN             NaN  307.6000000000
2019 07 01        0.097930       67.647141   693.58    0.0220000000             NaN             NaN             NaN             NaN
2019 07 01        0.097930       67.647141   698.63    0.0180000000             NaN             NaN             NaN  307.6470000000
2019 07 01        0.097930       67.647141   703.78    0.0260000000             NaN             NaN             NaN             NaN
2019 07 01        0.097930       67.647141   708.46    0.0150000000             NaN             NaN             NaN  307.4870000000
2019 07 01        0.097930       67.647141   713.62    0.0330000000             NaN             NaN             NaN             NaN
2019 07 01        0.097930       67.647141   718.49    0.0220000000             NaN             NaN             NaN  306.9180000000
2019 07 01        0.097930       67.647141   723.65    0.0220000000             NaN             NaN             NaN             NaN
2019 07 01        0.097930       67.647141   728.97    0.0220000000             NaN             NaN             NaN  307.3610000000
2019 07 01        0.097930       67.647141   733.76    0.0180000000             NaN             NaN             NaN             NaN
2019 07 01        0.097930       67.647141   738.98    0.0210000000             NaN             NaN             NaN  307.3920000000
2019 07 01        0.097930       67.647141   743.87    0.0110000000             NaN             NaN             NaN             NaN
2019 07 01        0.097930       67.647141   748.95    0.0390000000             NaN             NaN             NaN  307.3960000000
2019 07 01        0.097930       67.647141   753.66    0.0260000000             NaN             NaN             NaN             NaN
2019 07 01        0.097930       67.647141   758.89    0.0190000000             NaN             NaN             NaN  307.3120000000
2019 07 01        0.097930       67.647141   763.91    0.0260000000             NaN             NaN             NaN             NaN
2019 07 01        0.097930       67.647141   769.10    0.0110000000             NaN             NaN             NaN  307.2550000000
2019 07 01        0.097930       67.647141   773.77    0.0110000000             NaN             NaN             NaN             NaN
2019 07 01        0.097930       67.647141   778.89    0.0350000000             NaN             NaN             NaN  306.5460000000
2019 07 01        0.097930       67.647141   783.81    0.0260000000             NaN             NaN             NaN             NaN
2019 07 01        0.097930       67.647141   789.04    0.0260000000             NaN             NaN             NaN  307.3370000000
2019 07 01        0.097930       67.647141   793.76    0.0260000000             NaN             NaN             NaN             NaN
2019 07 01        0.097930       67.647141   798.37    0.0110000000             NaN             NaN             NaN  307.2200000000
2019 07 01        0.097930       67.647141   808.91    0.0280000000             NaN             NaN             NaN  306.6210000000
2019 07 01        0.097930       67.647141   813.71    0.0180000000             NaN             NaN             NaN             NaN
2019 07 01        0.097930       67.647141   818.92    0.0200000000             NaN             NaN             NaN  307.2840000000
2019 07 01        0.097930       67.647141   823.67    0.0330000000             NaN             NaN             NaN             NaN
2019 07 01        0.097930       67.647141   827.97    0.0150000000             NaN             NaN             NaN  307.2010000000
2019 07 01        0.097930       67.647141   833.12    0.0360000000             NaN             NaN             NaN             NaN
2019 07 01        0.097930       67.647141   838.61    0.0330000000             NaN             NaN             NaN  306.5970000000
2019 07 01        0.097930       67.647141   843.88    0.0360000000             NaN             NaN             NaN             NaN
2019 07 01        0.097930       67.647141   849.10    0.0150000000             NaN             NaN             NaN  307.2960000000
2019 07 01        0.097930       67.647141   853.98    0.0220000000             NaN             NaN             NaN             NaN
2019 07 01        0.097930       67.647141   863.78    0.0180000000             NaN             NaN             NaN             NaN
2019 07 01        0.097930       67.647141   868.71    0.0290000000             NaN             NaN             NaN  307.3840000000
2019 07 01        0.097930       67.647141   873.72    0.0360000000             NaN             NaN             NaN             NaN
2019 07 01        0.097930       67.647141   883.99    0.0220000000             NaN             NaN             NaN             NaN
2019 07 01        0.097930       67.647141   888.86    0.0320000000             NaN             NaN             NaN  307.4540000000
2019 07 01        0.097930       67.647141   893.74    0.0220000000             NaN             NaN             NaN             NaN
2019 07 01        0.097930       67.647141   898.48    0.0110000000             NaN             NaN             NaN  307.5080000000
2019 07 01        0.097930       67.647141   903.77    0.0290000000             NaN             NaN             NaN             NaN
2019 07 01        0.097930       67.647141   909.14    0.0410000000             NaN             NaN             NaN  307.5360000000
2019 07 01        0.097930       67.647141   913.96    0.0440000000             NaN             NaN             NaN             NaN
2019 07 01        0.097930       67.647141   918.56    0.0220000000             NaN             NaN             NaN  307.5380000000
2019 07 01        0.097930       67.647141   923.77    0.0360000000             NaN             NaN             NaN             NaN
2019 07 01        0.097930       67.647141   929.05    0.0160000000             NaN             NaN             NaN  306.9160000000
2019 07 01        0.097930       67.647141   933.79    0.0290000000             NaN             NaN             NaN             NaN
2019 07 01        0.097930       67.647141   938.34    0.0260000000             NaN             NaN             NaN  307.6670000000
2019 07 01        0.097930       67.647141   943.08    0.0290000000             NaN             NaN             NaN             NaN
2019 07 01        0.097930       67.647141   948.85    0.0130000000             NaN             NaN             NaN  307.7760000000
2019 07 01        0.097930       67.647141   953.77    0.0260000000             NaN             NaN             NaN             NaN
2019 07 01        0.097930       67.647141   958.68    0.0110000000             NaN             NaN             NaN  307.7270000000
2019 07 01        0.097930       67.647141   969.07    0.0190000000             NaN             NaN             NaN  307.7220000000
2019 07 01        0.097930       67.647141   973.86    0.0290000000             NaN             NaN             NaN             NaN
2019 07 01        0.097930       67.647141   979.13    0.0110000000             NaN             NaN             NaN  307.7200000000
2019 07 01        0.097930       67.647141   983.94    0.0150000000             NaN             NaN             NaN             NaN
2019 07 01        0.097930       67.647141   988.65    0.0180000000             NaN             NaN             NaN  307.6480000000
2019 07 01        0.097930       67.647141   993.75    0.0180000000             NaN             NaN             NaN             NaN
2019 07 01        0.097930       67.647141   998.53    0.0150000000             NaN             NaN             NaN  307.7260000000
2019 07 01        0.097930       67.647141  1003.68    0.0260000000             NaN             NaN             NaN             NaN
2019 07 01        0.097930       67.647141  1008.37    0.0180000000             NaN             NaN             NaN  307.7210000000
2019 07 01        0.097930       67.647141  1013.69    0.0180000000             NaN             NaN             NaN             NaN
2019 07 01        0.097930       67.647141  1018.52    0.0110000000             NaN             NaN             NaN  307.7090000000
2019 07 01        0.097930       67.647141  1023.70    0.0220000000             NaN             NaN             NaN             NaN
2019 07 01        0.097930       67.647141  1028.41    0.0180000000             NaN             NaN             NaN  307.6540000000
2019 07 01        0.097930       67.647141  1033.02    0.0150000000             NaN             NaN             NaN             NaN
2019 07 01        0.097930       67.647141  1038.24    0.0130000000             NaN             NaN             NaN  307.5380000000
2019 07 01        0.097930       67.647141  1043.42    0.0290000000             NaN             NaN             NaN             NaN
2019 07 01        0.097930       67.647141  1048.57    0.0110000000             NaN             NaN             NaN  307.5120000000
2019 07 01        0.097930       67.647141  1053.84    0.0440000000             NaN             NaN             NaN             NaN
2019 07 01        0.097930       67.647141  1058.80    0.0330000000             NaN             NaN             NaN  307.3120000000
2019 07 01        0.097930       67.647141  1063.76    0.0260000000             NaN             NaN             NaN             NaN
2019 07 01        0.097930       67.647141  1069.06    0.0210000000             NaN             NaN             NaN  307.4590000000
2019 07 01        0.097930       67.647141  1073.84    0.0150000000             NaN             NaN             NaN             NaN
2019 07 01        0.097930       67.647141  1078.50    0.0330000000             NaN             NaN             NaN  307.3200000000
2019 07 01        0.097930       67.647141  1083.67    0.0180000000             NaN             NaN             NaN             NaN
2019 07 01        0.097930       67.647141  1089.05    0.0210000000             NaN             NaN             NaN  307.3250000000
2019 07 01        0.097930       67.647141  1093.95    0.0150000000             NaN             NaN             NaN             NaN
2019 07 01        0.097930       67.647141  1098.58    0.0330000000             NaN             NaN             NaN  307.3270000000
2019 07 01        0.097930       67.647141  1103.70    0.0180000000             NaN             NaN             NaN             NaN
2019 07 01        0.097930       67.647141  1108.41    0.0220000000             NaN             NaN             NaN  307.2190000000
2019 07 01        0.097930       67.647141  1113.71    0.0400000000             NaN             NaN             NaN             NaN
2019 07 01        0.097930       67.647141  1118.56    0.0150000000             NaN             NaN             NaN  307.1440000000
2019 07 01        0.097930       67.647141  1123.74    0.0150000000             NaN             NaN             NaN             NaN
2019 07 01        0.097930       67.647141  1128.48    0.0110000000             NaN             NaN             NaN  307.1660000000
2019 07 01        0.097930       67.647141  1133.73    0.0150000000             NaN             NaN             NaN             NaN
2019 07 01        0.097930       67.647141  1138.50    0.0150000000             NaN             NaN             NaN  306.5930000000
2019 07 01        0.097930       67.647141  1143.59    0.0150000000             NaN             NaN             NaN             NaN
2019 07 01        0.097930       67.647141  1148.81    0.0300000000             NaN             NaN             NaN  306.3790000000
2019 07 01        0.097930       67.647141  1158.55    0.0150000000             NaN             NaN             NaN  307.0190000000
2019 07 01        0.097930       67.647141  1163.68    0.0180000000             NaN             NaN             NaN             NaN
2019 07 01        0.097930       67.647141  1169.15    0.0240000000             NaN             NaN             NaN  306.9490000000
2019 07 01        0.097930       67.647141  1173.83    0.0400000000             NaN             NaN             NaN             NaN
2019 07 01        0.097930       67.647141  1183.76    0.0220000000             NaN             NaN             NaN             NaN
2019 07 01        0.097930       67.647141  1189.07    0.0260000000             NaN             NaN             NaN  306.0600000000
2019 07 01        0.097930       67.647141  1193.85    0.0260000000             NaN             NaN             NaN             NaN
2019 07 01        0.097930       67.647141  1198.86    0.0240000000             NaN             NaN             NaN  306.7150000000
2019 07 01        0.097930       67.647141  1203.71    0.0150000000             NaN             NaN             NaN             NaN
2019 07 01        0.097930       67.647141  1208.44    0.0260000000             NaN             NaN             NaN  306.5140000000
2019 07 01        0.097930       67.647141  1213.54    0.0150000000             NaN             NaN             NaN             NaN
2019 07 01        0.097930       67.647141  1218.39    0.0290000000             NaN             NaN             NaN  306.4560000000
2019 07 01        0.097930       67.647141  1223.63    0.0110000000             NaN             NaN             NaN             NaN
2019 07 01        0.097930       67.647141  1228.56    0.0260000000             NaN             NaN             NaN  306.3900000000
2019 07 01        0.097930       67.647141  1233.63    0.0110000000             NaN             NaN             NaN             NaN
2019 07 01        0.097930       67.647141  1238.93    0.0190000000             NaN             NaN             NaN  306.3530000000
2019 07 01        0.097930       67.647141  1243.54    0.0220000000             NaN             NaN             NaN             NaN
2019 07 01        0.097930       67.647141  1247.85    0.0440000000             NaN             NaN             NaN  306.1920000000
2019 07 01        0.097930       67.647141  1253.06    0.0290000000             NaN             NaN             NaN             NaN
2019 07 01        0.097930       67.647141  1258.63    0.0350000000             NaN             NaN             NaN  305.9400000000
2019 07 01        0.097930       67.647141  1263.68    0.0260000000             NaN             NaN             NaN             NaN
2019 07 01        0.097930       67.647141  1269.05    0.0310000000             NaN             NaN             NaN  305.7830000000
2019 07 01        0.097930       67.647141  1273.93    0.0440000000             NaN             NaN             NaN             NaN
2019 07 01        0.097930       67.647141  1278.93    0.0140000000             NaN             NaN             NaN  305.5940000000
2019 07 01        0.097930       67.647141  1283.85    0.0110000000             NaN             NaN             NaN             NaN
2019 07 01        0.097930       67.647141  1288.51    0.0220000000             NaN             NaN             NaN  305.3870000000
2019 07 01        0.097930       67.647141  1293.70    0.0360000000             NaN             NaN             NaN             NaN
2019 07 01        0.097930       67.647141  1299.03    0.0150000000             NaN             NaN             NaN  304.6680000000
2019 07 01        0.097930       67.647141  1303.75    0.0150000000             NaN             NaN             NaN             NaN
2019 07 01        0.097930       67.647141  1308.94    0.0300000000             NaN             NaN             NaN  304.9650000000
2019 07 01        0.097930       67.647141  1313.78    0.0360000000             NaN             NaN             NaN             NaN
2019 07 01        0.097930       67.647141  1318.53    0.0290000000             NaN             NaN             NaN  304.1950000000
2019 07 01        0.097930       67.647141  1323.72    0.0150000000             NaN             NaN             NaN             NaN
2019 07 01        0.097930       67.647141  1328.98    0.0280000000             NaN             NaN             NaN  304.7360000000
2019 07 01        0.097930       67.647141  1333.78    0.0180000000             NaN             NaN             NaN             NaN
2019 07 01        0.097930       67.647141  1339.04    0.0160000000             NaN             NaN             NaN  304.3660000000
2019 07 01        0.097930       67.647141  1343.84    0.0290000000             NaN             NaN             NaN             NaN
2019 07 01        0.097930       67.647141  1348.49    0.0220000000             NaN             NaN             NaN  304.4520000000
2019 07 01        0.097930       67.647141  1353.66    0.0220000000             NaN             NaN             NaN             NaN
2019 07 01        0.097930       67.647141  1359.06    0.0160000000             NaN             NaN             NaN  303.7410000000
2019 07 01        0.097930       67.647141  1363.80    0.0260000000             NaN             NaN             NaN             NaN
2019 07 01        0.097930       67.647141  1368.94    0.0150000000             NaN             NaN             NaN  304.1650000000
2019 07 01        0.097930       67.647141  1373.87    0.0150000000             NaN             NaN             NaN             NaN
2019 07 01        0.097930       67.647141  1379.11    0.0190000000             NaN             NaN             NaN  304.0150000000
2019 07 01        0.097930       67.647141  1383.80    0.0220000000             NaN             NaN             NaN             NaN
2019 07 01        0.097930       67.647141  1393.74    0.0330000000             NaN             NaN             NaN             NaN
2019 07 01        0.097930       67.647141  1398.66    0.0400000000             NaN             NaN             NaN  303.2010000000
2019 07 01        0.097930       67.647141  1403.82    0.0400000000             NaN             NaN             NaN             NaN
2019 07 01        0.097930       67.647141  1409.02    0.0140000000             NaN             NaN             NaN  303.5900000000
2019 07 01        0.097930       67.647141  1413.80    0.0110000000             NaN             NaN             NaN             NaN
2019 07 01        0.097930       67.647141  1418.43    0.0180000000             NaN             NaN             NaN  303.4820000000
2019 07 01        0.097930       67.647141  1423.70    0.0360000000             NaN             NaN             NaN             NaN
2019 07 01        0.097930       67.647141  1428.57    0.0220000000             NaN             NaN             NaN  302.7980000000
2019 07 01        0.097930       67.647141  1433.70    0.0180000000             NaN             NaN             NaN             NaN
2019 07 01        0.097930       67.647141  1438.89    0.0290000000             NaN             NaN             NaN  302.5240000000
2019 07 01        0.097930       67.647141  1443.85    0.0220000000             NaN             NaN             NaN             NaN
2019 07 01        0.097930       67.647141  1448.60    0.0180000000             NaN             NaN             NaN  303.0700000000
2019 07 01        0.097930       67.647141  1453.69    0.0180000000             NaN             NaN             NaN             NaN
2019 07 01        0.097930       67.647141  1459.17    0.0300000000             NaN             NaN             NaN  302.9370000000
2019 07 01        0.097930       67.647141  1468.36    0.0180000000             NaN             NaN             NaN  302.9620000000
2019 07 01        0.097930       67.647141  1473.16    0.0110000000             NaN             NaN             NaN             NaN
2019 07 01        0.097930       67.647141  1477.84    0.0290000000             NaN             NaN             NaN  302.6600000000
2019 07 01        0.097930       67.647141  1483.23    0.0180000000             NaN             NaN             NaN             NaN
2019 07 01        0.097930       67.647141  1488.72    0.0180000000             NaN             NaN             NaN  302.4700000000
2019 07 01        0.097930       67.647141  1493.77    0.0110000000             NaN             NaN             NaN             NaN
2019 07 01        0.097930       67.647141  1499.02    0.0330000000             NaN             NaN             NaN  302.3660000000
2019 07 01        0.097930       67.647141  1503.85    0.0330000000             NaN             NaN             NaN             NaN
2019 07 01        0.097930       67.647141  1508.92    0.0250000000             NaN             NaN             NaN  302.2870000000
2019 07 01        0.097930       67.647141  1513.93    0.0180000000             NaN             NaN             NaN             NaN
2019 07 01        0.097930       67.647141  1519.13    0.0150000000             NaN             NaN             NaN  302.0450000000
2019 07 01        0.097930       67.647141  1523.90    0.0260000000             NaN             NaN             NaN             NaN
2019 07 01        0.097930       67.647141  1528.64    0.0330000000             NaN             NaN             NaN  301.4030000000
2019 07 01        0.097930       67.647141  1533.67    0.0180000000             NaN             NaN             NaN             NaN
2019 07 01        0.097930       67.647141  1543.56    0.0150000000             NaN             NaN             NaN             NaN
2019 07 01        0.097930       67.647141  1549.07    0.0350000000             NaN             NaN             NaN  301.1370000000
2019 07 01        0.097930       67.647141  1553.84    0.0260000000             NaN             NaN             NaN             NaN
2019 07 01        0.097930       67.647141  1559.09    0.0290000000             NaN             NaN             NaN  301.7150000000
2019 07 01        0.097930       67.647141  1563.85    0.0220000000             NaN             NaN             NaN             NaN
2019 07 01        0.097930       67.647141  1568.91    0.0260000000             NaN             NaN             NaN  301.6270000000
2019 07 01        0.097930       67.647141  1573.69    0.0260000000             NaN             NaN             NaN             NaN
2019 07 01        0.097930       67.647141  1577.86    0.0150000000             NaN             NaN             NaN  301.4810000000
2019 07 01        0.097930       67.647141  1582.91    0.0220000000             NaN             NaN             NaN             NaN
2019 07 01        0.097930       67.647141  1588.73    0.0120000000             NaN             NaN             NaN  300.6530000000
2019 07 01        0.097930       67.647141  1593.82    0.0180000000             NaN             NaN             NaN             NaN
2019 07 01        0.097930       67.647141  1599.07    0.0240000000             NaN             NaN             NaN  300.6440000000
2019 07 01        0.097930       67.647141  1603.96    0.0110000000             NaN             NaN             NaN             NaN
2019 07 01        0.097930       67.647141  1613.91    0.0180000000             NaN             NaN             NaN             NaN
2019 07 01        0.097930       67.647141  1618.63    0.0110000000             NaN             NaN             NaN  301.1710000000
2019 07 01        0.097930       67.647141  1623.69    0.0440000000             NaN             NaN             NaN             NaN
2019 07 01        0.097930       67.647141  1629.07    0.0190000000             NaN             NaN             NaN  300.5440000000
2019 07 01        0.097930       67.647141  1633.86    0.0290000000             NaN             NaN             NaN             NaN
2019 07 01        0.097930       67.647141  1638.86    0.0200000000             NaN             NaN             NaN  301.0030000000
2019 07 01        0.097930       67.647141  1643.78    0.0330000000             NaN             NaN             NaN             NaN
2019 07 01        0.097930       67.647141  1648.58    0.0260000000             NaN             NaN             NaN  300.3250000000
2019 07 01        0.097930       67.647141  1653.67    0.0330000000             NaN             NaN             NaN             NaN
2019 07 01        0.097930       67.647141  1659.05    0.0200000000             NaN             NaN             NaN  300.9330000000
2019 07 01        0.097930       67.647141  1663.92    0.0400000000             NaN             NaN             NaN             NaN
2019 07 01        0.097930       67.647141  1668.62    0.0150000000             NaN             NaN             NaN  300.9170000000
2019 07 01        0.097930       67.647141  1673.77    0.0290000000             NaN             NaN             NaN             NaN
2019 07 01        0.097930       67.647141  1678.64    0.0260000000             NaN             NaN             NaN  300.8070000000
2019 07 01        0.097930       67.647141  1683.69    0.0180000000             NaN             NaN             NaN             NaN
2019 07 01        0.097930       67.647141  1689.00    0.0150000000             NaN             NaN             NaN  300.7460000000
2019 07 01        0.097930       67.647141  1693.83    0.0180000000             NaN             NaN             NaN             NaN
2019 07 01        0.097930       67.647141  1698.61    0.0260000000             NaN             NaN             NaN  300.6220000000
2019 07 01        0.097930       67.647141  1703.65    0.0290000000             NaN             NaN             NaN             NaN
2019 07 01        0.097930       67.647141  1708.48    0.0330000000             NaN             NaN             NaN  300.5550000000
2019 07 01        0.097930       67.647141  1713.76    0.0260000000             NaN             NaN             NaN             NaN
2019 07 01        0.097930       67.647141  1718.55    0.0290000000             NaN             NaN             NaN  300.5420000000
2019 07 01        0.097930       67.647141  1728.35    0.0150000000             NaN             NaN             NaN  300.4750000000
2019 07 01        0.097930       67.647141  1733.58    0.0150000000             NaN             NaN             NaN             NaN
2019 07 01        0.097930       67.647141  1738.39    0.0220000000             NaN             NaN             NaN  300.6120000000
2019 07 01        0.097930       67.647141  1743.19    0.0180000000             NaN             NaN             NaN             NaN
2019 07 01        0.097930       67.647141  1748.21    0.0120000000             NaN             NaN             NaN  300.3360000000
2019 07 01        0.097930       67.647141  1753.46    0.0180000000             NaN             NaN             NaN             NaN
2019 07 01        0.097930       67.647141  1758.62    0.0290000000             NaN             NaN             NaN  300.2030000000
2019 07 01        0.097930       67.647141  1763.81    0.0110000000             NaN             NaN             NaN             NaN
2019 07 01        0.097930       67.647141  1773.81    0.0220000000             NaN             NaN             NaN             NaN
2019 07 01        0.097930       67.647141  1778.97    0.0190000000             NaN             NaN             NaN  300.1880000000
2019 07 01        0.097930       67.647141  1783.86    0.0290000000             NaN             NaN             NaN             NaN
2019 07 01        0.097930       67.647141  1788.74    0.0330000000             NaN             NaN             NaN  299.9610000000
2019 07 01        0.097930       67.647141  1793.67    0.0110000000             NaN             NaN             NaN             NaN
2019 07 01        0.097930       67.647141  1799.21    0.0300000000             NaN             NaN             NaN  300.0190000000
2019 07 01        0.097930       67.647141  1803.89    0.0360000000             NaN             NaN             NaN             NaN
2019 07 01        0.097930       67.647141  1808.99    0.0290000000             NaN             NaN             NaN  299.9220000000
2019 07 01        0.097930       67.647141  1813.79    0.0260000000             NaN             NaN             NaN             NaN
2019 07 01        0.097930       67.647141  1818.52    0.0290000000             NaN             NaN             NaN  299.2950000000
2019 07 01        0.097930       67.647141  1823.75    0.0150000000             NaN             NaN             NaN             NaN
2019 07 01        0.097930       67.647141  1828.99    0.0220000000             NaN             NaN             NaN  299.2170000000
2019 07 01        0.097930       67.647141  1833.78    0.0260000000             NaN             NaN             NaN             NaN
2019 07 01        0.097930       67.647141  1839.01    0.0180000000             NaN             NaN             NaN  299.8310000000
2019 07 01        0.097930       67.647141  1843.63    0.0150000000             NaN             NaN             NaN             NaN
2019 07 01        0.097930       67.647141  1847.84    0.0180000000             NaN             NaN             NaN  299.9060000000
2019 07 01        0.097930       67.647141  1853.04    0.0220000000             NaN             NaN             NaN             NaN
2019 07 01        0.097930       67.647141  1858.64    0.0300000000             NaN             NaN             NaN  298.9930000000
2019 07 01        0.097930       67.647141  1863.85    0.0400000000             NaN             NaN             NaN             NaN
2019 07 01        0.097930       67.647141  1868.99    0.0220000000             NaN             NaN             NaN  299.7700000000
2019 07 01        0.097930       67.647141  1873.86    0.0180000000             NaN             NaN             NaN             NaN
2019 07 01        0.097930       67.647141  1879.12    0.0320000000             NaN             NaN             NaN  299.6300000000
2019 07 01        0.097930       67.647141  1883.99    0.0220000000             NaN             NaN             NaN             NaN
2019 07 01        0.097930       67.647141  1888.56    0.0260000000             NaN             NaN             NaN  299.5310000000
2019 07 01        0.097930       67.647141  1893.72    0.0150000000             NaN             NaN             NaN             NaN
2019 07 01        0.097930       67.647141  1899.06    0.0200000000             NaN             NaN             NaN  298.8620000000
2019 07 01        0.097930       67.647141  1903.91    0.0400000000             NaN             NaN             NaN             NaN
2019 07 01        0.097930       67.647141  1908.59    0.0290000000             NaN             NaN             NaN  299.4910000000
2019 07 01        0.097930       67.647141  1913.79    0.0290000000             NaN             NaN             NaN             NaN
2019 07 01        0.097930       67.647141  1918.54    0.0260000000             NaN             NaN             NaN  299.4810000000
2019 07 01        0.097930       67.647141  1923.67    0.0150000000             NaN             NaN             NaN             NaN
2019 07 01        0.097930       67.647141  1928.37    0.0290000000             NaN             NaN             NaN  299.4660000000
2019 07 01        0.097930       67.647141  1933.65    0.0290000000             NaN             NaN             NaN             NaN
2019 07 01        0.097930       67.647141  1939.01    0.0150000000             NaN             NaN             NaN  299.4720000000
2019 07 01        0.097930       67.647141  1943.71    0.0180000000             NaN             NaN             NaN             NaN
2019 07 01        0.097930       67.647141  1948.34    0.0330000000             NaN             NaN             NaN  299.4080000000
2019 07 01        0.097930       67.647141  1953.57    0.0360000000             NaN             NaN             NaN             NaN
2019 07 01        0.097930       67.647141  1958.35    0.0110000000             NaN             NaN             NaN  299.4950000000
2019 07 01        0.097930       67.647141  1962.97    0.0330000000             NaN             NaN             NaN             NaN
2019 07 01        0.097930       67.647141  1967.68    0.0180000000             NaN             NaN             NaN  299.3950000000
2019 07 01        0.097930       67.647141  1973.34    0.0220000000             NaN             NaN             NaN             NaN
2019 07 01        0.097930       67.647141  1979.07    0.0320000000             NaN             NaN             NaN  299.3870000000
2019 07 01        0.097930       67.647141  1983.90    0.0260000000             NaN             NaN             NaN             NaN
2019 07 01        0.097930       67.647141  1986.26    0.0180000000             NaN             NaN             NaN  299.3070000000
2019 07 01        0.097930       67.647141  2011.85    0.0290000000             NaN             NaN             NaN  299.1850000000
2019 07 01       -2.596950       75.593857    27.35    0.3700000000             NaN             NaN             NaN             NaN
2019 07 01       -2.596950       75.593857    29.14    0.6300000000             NaN             NaN             NaN             NaN
2019 07 01       -2.596950       75.593857    31.51    0.4860000000             NaN             NaN             NaN             NaN
2019 07 01       -2.596950       75.593857    32.29    1.0100000000             NaN             NaN             NaN             NaN
2019 07 01       -2.596950       75.593857    35.59    1.4150000000             NaN             NaN             NaN             NaN
2019 07 01       -2.596950       75.593857    37.00    0.5380000000             NaN             NaN             NaN  349.9740000000
2019 07 01       -2.596950       75.593857    38.50    0.8320000000             NaN             NaN             NaN             NaN
2019 07 01       -2.596950       75.593857    41.17    0.5680000000             NaN             NaN             NaN  348.4530000000
2019 07 01       -2.596950       75.593857    42.94    0.2590000000             NaN             NaN             NaN             NaN
2019 07 01       -2.596950       75.593857    43.88    0.1750000000             NaN             NaN             NaN  346.3430000000
2019 07 01       -2.596950       75.593857    45.70    0.1670000000             NaN             NaN             NaN  345.3690000000
2019 07 01       -2.596950       75.593857    47.49    0.1870000000             NaN             NaN             NaN             NaN
2019 07 01       -2.596950       75.593857    48.48    0.3160000000             NaN             NaN             NaN  343.6170000000
2019 07 01       -2.596950       75.593857    50.48    0.2570000000             NaN             NaN             NaN  342.3910000000
2019 07 01       -2.596950       75.593857    52.43    0.1330000000             NaN             NaN             NaN             NaN
2019 07 01       -2.596950       75.593857    53.49    0.4410000000             NaN             NaN             NaN  340.2310000000
2019 07 01       -2.596950       75.593857    55.56    0.1830000000             NaN             NaN             NaN  339.2650000000
2019 07 01       -2.596950       75.593857    57.62    0.1300000000             NaN             NaN             NaN             NaN
2019 07 01       -2.596950       75.593857    58.72    0.1500000000             NaN             NaN             NaN  338.3260000000
2019 07 01       -2.596950       75.593857    60.91    0.1720000000             NaN             NaN             NaN  337.9930000000
2019 07 01       -2.596950       75.593857    63.04    0.1580000000             NaN             NaN             NaN             NaN
2019 07 01       -2.596950       75.593857    66.47    0.1270000000             NaN             NaN             NaN  337.0220000000
2019 07 01       -2.596950       75.593857    68.73    0.1330000000             NaN             NaN             NaN             NaN
2019 07 01       -2.596950       75.593857    72.10    0.1330000000             NaN             NaN             NaN             NaN
2019 07 01       -2.596950       75.593857    73.28    0.1410000000             NaN             NaN             NaN  336.4190000000
2019 07 01       -2.596950       75.593857    75.49    0.1330000000             NaN             NaN             NaN  337.9390000000
2019 07 01       -2.596950       75.593857    77.73    0.1330000000             NaN             NaN             NaN             NaN
2019 07 01       -2.596950       75.593857    78.89    0.7900000000             NaN             NaN             NaN  338.1210000000
2019 07 01       -2.596950       75.593857    81.08    0.1230000000             NaN             NaN             NaN  336.3190000000
2019 07 01       -2.596950       75.593857    83.24    0.1120000000             NaN             NaN             NaN             NaN
2019 07 01       -2.596950       75.593857    84.36    0.1130000000             NaN             NaN             NaN  334.8450000000
2019 07 01       -2.596950       75.593857    86.49    0.1330000000             NaN             NaN             NaN  335.2100000000
2019 07 01       -2.596950       75.593857    88.49    0.1840000000             NaN             NaN             NaN             NaN
2019 07 01       -2.596950       75.593857    89.56    0.1150000000             NaN             NaN             NaN  334.6500000000
2019 07 01       -2.596950       75.593857    91.65    0.1240000000             NaN             NaN             NaN  334.5600000000
2019 07 01       -2.596950       75.593857    93.62    0.1150000000             NaN             NaN             NaN             NaN
2019 07 01       -2.596950       75.593857    94.66    0.1350000000             NaN             NaN             NaN  333.5020000000
2019 07 01       -2.596950       75.593857    96.65    0.1730000000             NaN             NaN             NaN  333.6580000000
2019 07 01       -2.596950       75.593857    98.56    0.1080000000             NaN             NaN             NaN             NaN
2019 07 01       -2.596950       75.593857    99.61    0.1080000000             NaN             NaN             NaN  333.0130000000
2019 07 01       -2.596950       75.593857   103.70    0.1040000000             NaN             NaN             NaN             NaN
2019 07 01       -2.596950       75.593857   108.69    0.0940000000             NaN             NaN             NaN             NaN
2019 07 01       -2.596950       75.593857   109.70    0.0930000000             NaN             NaN             NaN  332.5330000000
2019 07 01       -2.596950       75.593857   113.77    0.0860000000             NaN             NaN             NaN             NaN
2019 07 01       -2.596950       75.593857   114.80    0.0940000000             NaN             NaN             NaN  331.6920000000
2019 07 01       -2.596950       75.593857   118.74    0.0940000000             NaN             NaN             NaN             NaN
2019 07 01       -2.596950       75.593857   119.77    0.1090000000             NaN             NaN             NaN  332.2070000000
2019 07 01       -2.596950       75.593857   123.66    0.0860000000             NaN             NaN             NaN             NaN
2019 07 01       -2.596950       75.593857   128.67    0.0970000000             NaN             NaN             NaN             NaN
2019 07 01       -2.596950       75.593857   129.73    0.0940000000             NaN             NaN             NaN  333.3790000000
2019 07 01       -2.596950       75.593857   133.70    0.0970000000             NaN             NaN             NaN             NaN
2019 07 01       -2.596950       75.593857   134.78    0.0980000000             NaN             NaN             NaN  332.9970000000
2019 07 01       -2.596950       75.593857   138.56    0.1010000000             NaN             NaN             NaN             NaN
2019 07 01       -2.596950       75.593857   139.63    0.0840000000             NaN             NaN             NaN  331.6270000000
2019 07 01       -2.596950       75.593857   143.58    0.0680000000             NaN             NaN             NaN             NaN
2019 07 01       -2.596950       75.593857   148.55    0.0860000000             NaN             NaN             NaN             NaN
2019 07 01       -2.596950       75.593857   149.65    0.1000000000             NaN             NaN             NaN  329.9830000000
2019 07 01       -2.596950       75.593857   153.47    0.0940000000             NaN             NaN             NaN             NaN
2019 07 01       -2.596950       75.593857   154.59    0.0940000000             NaN             NaN             NaN  330.3550000000
2019 07 01       -2.596950       75.593857   158.34    0.1010000000             NaN             NaN             NaN             NaN
2019 07 01       -2.596950       75.593857   159.46    0.0960000000             NaN             NaN             NaN  332.0520000000
2019 07 01       -2.596950       75.593857   163.35    0.0900000000             NaN             NaN             NaN             NaN
2019 07 01       -2.596950       75.593857   164.50    0.0930000000             NaN             NaN             NaN  333.6250000000
2019 07 01       -2.596950       75.593857   168.41    0.0900000000             NaN             NaN             NaN             NaN
2019 07 01       -2.596950       75.593857   169.54    0.0940000000             NaN             NaN             NaN  336.6450000000
2019 07 01       -2.596950       75.593857   173.52    0.1010000000             NaN             NaN             NaN             NaN
2019 07 01       -2.596950       75.593857   174.63    0.0900000000             NaN             NaN             NaN  339.1140000000
2019 07 01       -2.596950       75.593857   178.60    0.0900000000             NaN             NaN             NaN             NaN
2019 07 01       -2.596950       75.593857   179.71    0.0790000000             NaN             NaN             NaN  341.4650000000
2019 07 01       -2.596950       75.593857   183.52    0.0790000000             NaN             NaN             NaN             NaN
2019 07 01       -2.596950       75.593857   184.64    0.0820000000             NaN             NaN             NaN  341.6590000000
2019 07 01       -2.596950       75.593857   188.40    0.0760000000             NaN             NaN             NaN             NaN
2019 07 01       -2.596950       75.593857   189.54    0.0670000000             NaN             NaN             NaN  341.8400000000
2019 07 01       -2.596950       75.593857   193.45    0.0790000000             NaN             NaN             NaN             NaN
2019 07 01       -2.596950       75.593857   194.59    0.0680000000             NaN             NaN             NaN  342.2450000000
2019 07 01       -2.596950       75.593857   198.50    0.0680000000             NaN             NaN             NaN             NaN
2019 07 01       -2.596950       75.593857   199.64    0.0610000000             NaN             NaN             NaN  341.8720000000
2019 07 01       -2.596950       75.593857   203.43    0.0580000000             NaN             NaN             NaN             NaN
2019 07 01       -2.596950       75.593857   204.57    0.0720000000             NaN             NaN             NaN  341.0290000000
2019 07 01       -2.596950       75.593857   207.82    0.0680000000             NaN             NaN             NaN             NaN
2019 07 01       -2.596950       75.593857   208.96    0.0610000000             NaN             NaN             NaN  340.0240000000
2019 07 01       -2.596950       75.593857   212.86    0.0610000000             NaN             NaN             NaN             NaN
2019 07 01       -2.596950       75.593857   214.00    0.0570000000             NaN             NaN             NaN  339.5570000000
2019 07 01       -2.596950       75.593857   217.71    0.0500000000             NaN             NaN             NaN             NaN
2019 07 01       -2.596950       75.593857   218.85    0.0470000000             NaN             NaN             NaN  339.7290000000
2019 07 01       -2.596950       75.593857   223.77    0.0500000000             NaN             NaN             NaN             NaN
2019 07 01       -2.596950       75.593857   224.72    0.0560000000             NaN             NaN             NaN  338.1250000000
2019 07 01       -2.596950       75.593857   228.77    0.0470000000             NaN             NaN             NaN             NaN
2019 07 01       -2.596950       75.593857   229.71    0.0500000000             NaN             NaN             NaN  337.1840000000
2019 07 01       -2.596950       75.593857   233.82    0.0500000000             NaN             NaN             NaN             NaN
2019 07 01       -2.596950       75.593857   234.77    0.0500000000             NaN             NaN             NaN  336.1100000000
2019 07 01       -2.596950       75.593857   238.79    0.0500000000             NaN             NaN             NaN             NaN
2019 07 01       -2.596950       75.593857   243.82    0.0470000000             NaN             NaN             NaN             NaN
2019 07 01       -2.596950       75.593857   244.78    0.0510000000             NaN             NaN             NaN  336.2530000000
2019 07 01       -2.596950       75.593857   248.83    0.0580000000             NaN             NaN             NaN             NaN
2019 07 01       -2.596950       75.593857   249.82    0.0530000000             NaN             NaN             NaN  336.8460000000
2019 07 01       -2.596950       75.593857   253.68    0.0430000000             NaN             NaN             NaN             NaN
2019 07 01       -2.596950       75.593857   254.75    0.0470000000             NaN             NaN             NaN  336.7260000000
2019 07 01       -2.596950       75.593857   258.68    0.0470000000             NaN             NaN             NaN             NaN
2019 07 01       -2.596950       75.593857   259.68    0.0470000000             NaN             NaN             NaN  336.5700000000
2019 07 01       -2.596950       75.593857   263.80    0.0500000000             NaN             NaN             NaN             NaN
2019 07 01       -2.596950       75.593857   264.82    0.0410000000             NaN             NaN             NaN  335.8480000000
2019 07 01       -2.596950       75.593857   268.59    0.0500000000             NaN             NaN             NaN             NaN
2019 07 01       -2.596950       75.593857   269.70    0.0430000000             NaN             NaN             NaN  335.1670000000
2019 07 01       -2.596950       75.593857   273.64    0.0400000000             NaN             NaN             NaN             NaN
2019 07 01       -2.596950       75.593857   274.78    0.0400000000             NaN             NaN             NaN  333.5960000000
2019 07 01       -2.596950       75.593857   278.66    0.0430000000             NaN             NaN             NaN             NaN
2019 07 01       -2.596950       75.593857   279.71    0.0360000000             NaN             NaN             NaN  332.9150000000
2019 07 01       -2.596950       75.593857   283.48    0.0400000000             NaN             NaN             NaN             NaN
2019 07 01       -2.596950       75.593857   284.66    0.0400000000             NaN             NaN             NaN  332.9320000000
2019 07 01       -2.596950       75.593857   288.36    0.0400000000             NaN             NaN             NaN             NaN
2019 07 01       -2.596950       75.593857   289.55    0.0360000000             NaN             NaN             NaN  333.2620000000
2019 07 01       -2.596950       75.593857   293.41    0.0360000000             NaN             NaN             NaN             NaN
2019 07 01       -2.596950       75.593857   294.60    0.0430000000             NaN             NaN             NaN  333.5570000000
2019 07 01       -2.596950       75.593857   298.47    0.0430000000             NaN             NaN             NaN             NaN
2019 07 01       -2.596950       75.593857   299.67    0.0450000000             NaN             NaN             NaN  333.6390000000
2019 07 01       -2.596950       75.593857   303.42    0.0360000000             NaN             NaN             NaN             NaN
2019 07 01       -2.596950       75.593857   304.61    0.0330000000             NaN             NaN             NaN  333.5220000000
2019 07 01       -2.596950       75.593857   308.42    0.0360000000             NaN             NaN             NaN             NaN
2019 07 01       -2.596950       75.593857   309.62    0.0330000000             NaN             NaN             NaN  333.6570000000
2019 07 01       -2.596950       75.593857   313.34    0.0360000000             NaN             NaN             NaN             NaN
2019 07 01       -2.596950       75.593857   314.57    0.0330000000             NaN             NaN             NaN  333.3440000000
2019 07 01       -2.596950       75.593857   318.31    0.0360000000             NaN             NaN             NaN             NaN
2019 07 01       -2.596950       75.593857   319.55    0.0330000000             NaN             NaN             NaN  333.0820000000
2019 07 01       -2.596950       75.593857   323.32    0.0400000000             NaN             NaN             NaN             NaN
2019 07 01       -2.596950       75.593857   324.55    0.0390000000             NaN             NaN             NaN  333.1510000000
2019 07 01       -2.596950       75.593857   328.43    0.0360000000             NaN             NaN             NaN             NaN
2019 07 01       -2.596950       75.593857   329.55    0.0790000000             NaN             NaN             NaN  332.9290000000
2019 07 01       -2.596950       75.593857   333.35    0.0290000000             NaN             NaN             NaN             NaN
2019 07 01       -2.596950       75.593857   334.58    0.0360000000             NaN             NaN             NaN  332.7180000000
2019 07 01       -2.596950       75.593857   338.39    0.0320000000             NaN             NaN             NaN             NaN
2019 07 01       -2.596950       75.593857   339.63    0.0390000000             NaN             NaN             NaN  332.7650000000
2019 07 01       -2.596950       75.593857   343.39    0.0320000000             NaN             NaN             NaN             NaN
2019 07 01       -2.596950       75.593857   344.53    0.0360000000             NaN             NaN             NaN  333.7460000000
2019 07 01       -2.596950       75.593857   348.34    0.0320000000             NaN             NaN             NaN             NaN
2019 07 01       -2.596950       75.593857   349.59    0.0270000000             NaN             NaN             NaN  333.9660000000
2019 07 01       -2.596950       75.593857   352.63    0.0360000000             NaN             NaN             NaN             NaN
2019 07 01       -2.596950       75.593857   353.86    0.0330000000             NaN             NaN             NaN  333.8220000000
2019 07 01       -2.596950       75.593857   357.66    0.0360000000             NaN             NaN             NaN             NaN
2019 07 01       -2.596950       75.593857   358.89    0.0360000000             NaN             NaN             NaN  333.5740000000
2019 07 01       -2.596950       75.593857   362.76    0.0360000000             NaN             NaN             NaN             NaN
2019 07 01       -2.596950       75.593857   363.97    0.0400000000             NaN             NaN             NaN  333.3410000000
2019 07 01       -2.596950       75.593857   368.76    0.0430000000             NaN             NaN             NaN             NaN
2019 07 01       -2.596950       75.593857   369.75    0.0300000000             NaN             NaN             NaN  332.6930000000
2019 07 01       -2.596950       75.593857   373.72    0.0360000000             NaN             NaN             NaN             NaN
2019 07 01       -2.596950       75.593857   374.74    0.0360000000             NaN             NaN             NaN  332.2740000000
2019 07 01       -2.596950       75.593857   378.68    0.0360000000             NaN             NaN             NaN             NaN
2019 07 01       -2.596950       75.593857   379.71    0.0380000000             NaN             NaN             NaN  332.0600000000
2019 07 01       -2.596950       75.593857   383.61    0.0250000000             NaN             NaN             NaN             NaN
2019 07 01       -2.596950       75.593857   384.64    0.0320000000             NaN             NaN             NaN  332.3030000000
2019 07 01       -2.596950       75.593857   388.73    0.0250000000             NaN             NaN             NaN             NaN
2019 07 01       -2.596950       75.593857   389.79    0.0390000000             NaN             NaN             NaN  332.8010000000
2019 07 01       -2.596950       75.593857   393.63    0.0320000000             NaN             NaN             NaN             NaN
2019 07 01       -2.596950       75.593857   394.68    0.0320000000             NaN             NaN             NaN  333.0430000000
2019 07 01       -2.596950       75.593857   398.67    0.0320000000             NaN             NaN             NaN             NaN
2019 07 01       -2.596950       75.593857   399.73    0.0330000000             NaN             NaN             NaN  332.8300000000
2019 07 01       -2.596950       75.593857   403.65    0.0360000000             NaN             NaN             NaN             NaN
2019 07 01       -2.596950       75.593857   404.71    0.0360000000             NaN             NaN             NaN  332.9710000000
2019 07 01       -2.596950       75.593857   408.67    0.0360000000             NaN             NaN             NaN             NaN
2019 07 01       -2.596950       75.593857   409.76    0.0360000000             NaN             NaN             NaN  333.9410000000
2019 07 01       -2.596950       75.593857   413.70    0.0360000000             NaN             NaN             NaN             NaN
2019 07 01       -2.596950       75.593857   414.80    0.0290000000             NaN             NaN             NaN  334.0700000000
2019 07 01       -2.596950       75.593857   418.65    0.0320000000             NaN             NaN             NaN             NaN
2019 07 01       -2.596950       75.593857   419.76    0.0450000000             NaN             NaN             NaN  334.1000000000
2019 07 01       -2.596950       75.593857   423.68    0.0360000000             NaN             NaN             NaN             NaN
2019 07 01       -2.596950       75.593857   424.70    0.0360000000             NaN             NaN             NaN  334.1370000000
2019 07 01       -2.596950       75.593857   428.59    0.0320000000             NaN             NaN             NaN             NaN
2019 07 01       -2.596950       75.593857   429.72    0.0300000000             NaN             NaN             NaN  333.6670000000
2019 07 01       -2.596950       75.593857   433.57    0.0360000000             NaN             NaN             NaN             NaN
2019 07 01       -2.596950       75.593857   434.71    0.0360000000             NaN             NaN             NaN  333.5600000000
2019 07 01       -2.596950       75.593857   438.49    0.0360000000             NaN             NaN             NaN             NaN
2019 07 01       -2.596950       75.593857   439.62    0.0290000000             NaN             NaN             NaN  333.7650000000
2019 07 01       -2.596950       75.593857   443.52    0.0290000000             NaN             NaN             NaN             NaN
2019 07 01       -2.596950       75.593857   444.66    0.0320000000             NaN             NaN             NaN  334.0260000000
2019 07 01       -2.596950       75.593857   448.50    0.0290000000             NaN             NaN             NaN             NaN
2019 07 01       -2.596950       75.593857   449.65    0.0290000000             NaN             NaN             NaN  334.3460000000
2019 07 01       -2.596950       75.593857   453.47    0.0320000000             NaN             NaN             NaN             NaN
2019 07 01       -2.596950       75.593857   454.65    0.7100000000             NaN             NaN             NaN  334.3390000000
2019 07 01       -2.596950       75.593857   458.47    0.0290000000             NaN             NaN             NaN             NaN
2019 07 01       -2.596950       75.593857   459.63    0.0330000000             NaN             NaN             NaN  334.3500000000
2019 07 01       -2.596950       75.593857   463.42    0.0360000000             NaN             NaN             NaN             NaN
2019 07 01       -2.596950       75.593857   464.61    0.0350000000             NaN             NaN             NaN  334.3760000000
2019 07 01       -2.596950       75.593857   468.48    0.0250000000             NaN             NaN             NaN             NaN
2019 07 01       -2.596950       75.593857   469.66    0.0360000000             NaN             NaN             NaN  334.5430000000
2019 07 01       -2.596950       75.593857   473.39    0.0360000000             NaN             NaN             NaN             NaN
2019 07 01       -2.596950       75.593857   474.58    0.0320000000             NaN             NaN             NaN  334.6390000000
2019 07 01       -2.596950       75.593857   478.50    0.0320000000             NaN             NaN             NaN             NaN
2019 07 01       -2.596950       75.593857   483.47    0.0360000000             NaN             NaN             NaN             NaN
2019 07 01       -2.596950       75.593857   484.66    0.0320000000             NaN             NaN             NaN  334.4920000000
2019 07 01       -2.596950       75.593857   488.40    0.0320000000             NaN             NaN             NaN             NaN
2019 07 01       -2.596950       75.593857   489.59    0.0390000000             NaN             NaN             NaN  334.5470000000
2019 07 01       -2.596950       75.593857   493.40    0.0320000000             NaN             NaN             NaN             NaN
2019 07 01       -2.596950       75.593857   494.62    0.0290000000             NaN             NaN             NaN  334.5770000000
2019 07 01       -2.596950       75.593857   498.43    0.0290000000             NaN             NaN             NaN             NaN
2019 07 01       -2.596950       75.593857   499.08    0.0320000000             NaN             NaN             NaN  334.5990000000
2019 07 01       -2.596950       75.593857   503.76    0.0220000000             NaN             NaN             NaN             NaN
2019 07 01       -2.596950       75.593857   508.39    0.0320000000             NaN             NaN             NaN  334.6560000000
2019 07 01       -2.596950       75.593857   514.06    0.0220000000             NaN             NaN             NaN             NaN
2019 07 01       -2.596950       75.593857   519.32    0.0250000000             NaN             NaN             NaN  334.6260000000
2019 07 01       -2.596950       75.593857   524.42    0.0250000000             NaN             NaN             NaN             NaN
2019 07 01       -2.596950       75.593857   529.74    0.0320000000             NaN             NaN             NaN  334.8480000000
2019 07 01       -2.596950       75.593857   534.52    0.0250000000             NaN             NaN             NaN             NaN
2019 07 01       -2.596950       75.593857   539.24    0.0220000000             NaN             NaN             NaN  334.7770000000
2019 07 01       -2.596950       75.593857   544.44    0.0250000000             NaN             NaN             NaN             NaN
2019 07 01       -2.596950       75.593857   549.19    0.0220000000             NaN             NaN             NaN  334.9710000000
2019 07 01       -2.596950       75.593857   554.40    0.0220000000             NaN             NaN             NaN             NaN
2019 07 01       -2.596950       75.593857   559.68    0.0280000000             NaN             NaN             NaN  335.1250000000
2019 07 01       -2.596950       75.593857   564.47    0.0220000000             NaN             NaN             NaN             NaN
2019 07 01       -2.596950       75.593857   569.72    0.0310000000             NaN             NaN             NaN  335.1250000000
2019 07 01       -2.596950       75.593857   574.43    0.0220000000             NaN             NaN             NaN             NaN
2019 07 01       -2.596950       75.593857   579.14    0.0220000000             NaN             NaN             NaN  335.0900000000
2019 07 01       -2.596950       75.593857   584.34    0.0220000000             NaN             NaN             NaN             NaN
2019 07 01       -2.596950       75.593857   589.10    0.0220000000             NaN             NaN             NaN  334.7160000000
2019 07 01       -2.596950       75.593857   594.42    0.0220000000             NaN             NaN             NaN             NaN
2019 07 01       -2.596950       75.593857   599.79    0.0150000000             NaN             NaN             NaN  334.7290000000
2019 07 01       -2.596950       75.593857   604.50    0.0220000000             NaN             NaN             NaN             NaN
2019 07 01       -2.596950       75.593857   609.16    0.0220000000             NaN             NaN             NaN  334.7940000000
2019 07 01       -2.596950       75.593857   614.38    0.0110000000             NaN             NaN             NaN             NaN
2019 07 01       -2.596950       75.593857   619.09    0.0180000000             NaN             NaN             NaN  334.9450000000
2019 07 01       -2.596950       75.593857   624.32    0.0220000000             NaN             NaN             NaN             NaN
2019 07 01       -2.596950       75.593857   629.59    0.0180000000             NaN             NaN             NaN  335.0010000000
2019 07 01       -2.596950       75.593857   634.40    0.0220000000             NaN             NaN             NaN             NaN
2019 07 01       -2.596950       75.593857   639.64    0.0180000000             NaN             NaN             NaN  334.9560000000
2019 07 01       -2.596950       75.593857   644.37    0.0140000000             NaN             NaN             NaN             NaN
2019 07 01       -2.596950       75.593857   649.57    0.0140000000             NaN             NaN             NaN  335.0390000000
2019 07 01       -2.596950       75.593857   654.35    0.0110000000             NaN             NaN             NaN             NaN
2019 07 01       -2.596950       75.593857   658.39    0.0110000000             NaN             NaN             NaN  335.1240000000
2019 07 01       -2.596950       75.593857   663.59    0.0140000000             NaN             NaN             NaN             NaN
2019 07 01       -2.596950       75.593857   669.38    0.0150000000             NaN             NaN             NaN  335.1070000000
2019 07 01       -2.596950       75.593857   674.47    0.0220000000             NaN             NaN             NaN             NaN
2019 07 01       -2.596950       75.593857   679.28    0.0180000000             NaN             NaN             NaN  335.0820000000
2019 07 01       -2.596950       75.593857   684.47    0.0180000000             NaN             NaN             NaN             NaN
2019 07 01       -2.596950       75.593857   689.23    0.0140000000             NaN             NaN             NaN  335.0400000000
2019 07 01       -2.596950       75.593857   699.76    0.0120000000             NaN             NaN             NaN  334.8480000000
2019 07 01       -2.596950       75.593857   704.47    0.0180000000             NaN             NaN             NaN             NaN
2019 07 01       -2.596950       75.593857   709.66    0.0100000000             NaN             NaN             NaN  334.6750000000
2019 07 01       -2.596950       75.593857   729.66    0.0100000000             NaN             NaN             NaN  334.0250000000
2019 07 01       -2.596950       75.593857   739.80    0.0360000000             NaN             NaN             NaN  334.1090000000
2019 07 01       -2.596950       75.593857   749.66    0.0100000000             NaN             NaN             NaN  334.1360000000
2019 07 01       -2.596950       75.593857   759.19    0.0250000000             NaN             NaN             NaN  334.2180000000
2019 07 01       -2.596950       75.593857   764.33    0.0110000000             NaN             NaN             NaN             NaN
2019 07 01       -2.596950       75.593857   769.09    0.0140000000             NaN             NaN             NaN  333.8750000000
2019 07 01       -2.596950       75.593857   774.31    0.0110000000             NaN             NaN             NaN             NaN
2019 07 01       -2.596950       75.593857   784.43    0.0110000000             NaN             NaN             NaN             NaN
2019 07 01       -2.596950       75.593857   789.15    0.0110000000             NaN             NaN             NaN  333.0800000000
2019 07 01       -2.596950       75.593857   799.07    0.0110000000             NaN             NaN             NaN  333.0050000000
2019 07 01       -2.596950       75.593857   809.62    0.0150000000             NaN             NaN             NaN  333.1670000000
2019 07 01       -2.596950       75.593857   814.21    0.0180000000             NaN             NaN             NaN             NaN
2019 07 01       -2.596950       75.593857   823.67    0.0110000000             NaN             NaN             NaN             NaN
2019 07 01       -2.596950       75.593857   829.49    0.0100000000             NaN             NaN             NaN  333.2150000000
2019 07 01       -2.596950       75.593857   839.30    0.0140000000             NaN             NaN             NaN  333.1320000000
2019 07 01       -2.596950       75.593857   849.28    0.0140000000             NaN             NaN             NaN  332.9940000000
2019 07 01       -2.596950       75.593857   854.45    0.0140000000             NaN             NaN             NaN             NaN
2019 07 01       -2.596950       75.593857   864.46    0.0110000000             NaN             NaN             NaN             NaN
2019 07 01       -2.596950       75.593857   869.23    0.0320000000             NaN             NaN             NaN  332.7880000000
2019 07 01       -2.596950       75.593857   874.42    0.0110000000             NaN             NaN             NaN             NaN
2019 07 01       -2.596950       75.593857   879.65    0.0100000000             NaN             NaN             NaN  332.4480000000
2019 07 01       -2.596950       75.593857   904.36    0.0110000000             NaN             NaN             NaN             NaN
2019 07 01       -2.596950       75.593857   914.47    0.0140000000             NaN             NaN             NaN             NaN
2019 07 01       -2.596950       75.593857   929.04    0.0500000000             NaN             NaN             NaN  331.6300000000
2019 07 01       -2.596950       75.593857   954.45    0.0110000000             NaN             NaN             NaN             NaN
2019 07 01       -2.596950       75.593857   969.66    0.0100000000             NaN             NaN             NaN  331.4580000000
2019 07 01       -2.596950       75.593857   979.68    0.0100000000             NaN             NaN             NaN  330.9230000000
2019 07 01       -2.596950       75.593857   989.67    0.0100000000             NaN             NaN             NaN  330.1790000000
2019 07 01       -2.596950       75.593857  1009.19    0.0110000000             NaN             NaN             NaN  328.7650000000
2019 07 01       -2.596950       75.593857  1049.08    0.0110000000             NaN             NaN             NaN  327.9810000000
2019 07 01       -2.596950       75.593857  1054.32    0.0110000000             NaN             NaN             NaN             NaN
2019 07 01       -2.596950       75.593857  1069.05    0.0110000000             NaN             NaN             NaN  327.2950000000
2019 07 01       -2.596950       75.593857  1074.31    0.0110000000             NaN             NaN             NaN             NaN
2019 07 01       -2.596950       75.593857  1083.77    0.0140000000             NaN             NaN             NaN             NaN
2019 07 01       -2.596950       75.593857  1119.76    0.0240000000             NaN             NaN             NaN  327.4170000000
2019 07 01       -2.596950       75.593857  1124.54    0.0110000000             NaN             NaN             NaN             NaN
2019 07 01       -2.596950       75.593857  1139.15    0.0360000000             NaN             NaN             NaN  327.6640000000
2019 07 01       -2.596950       75.593857  1154.44    0.0110000000             NaN             NaN             NaN             NaN
2019 07 01       -2.596950       75.593857  1159.21    0.0110000000             NaN             NaN             NaN  327.8820000000
2019 07 01       -2.596950       75.593857  1174.48    0.0110000000             NaN             NaN             NaN             NaN
2019 07 01       -2.596950       75.593857  1189.13    0.0110000000             NaN             NaN             NaN  327.7550000000
2019 07 01       -2.596950       75.593857  1199.16    0.0110000000             NaN             NaN             NaN  327.5680000000
2019 07 01       -2.596950       75.593857  1209.59    0.0110000000             NaN             NaN             NaN  327.5310000000
2019 07 01       -2.596950       75.593857  1214.40    0.0110000000             NaN             NaN             NaN             NaN
2019 07 01       -2.596950       75.593857  1243.70    0.0610000000             NaN             NaN             NaN             NaN
2019 07 01       -2.596950       75.593857  1248.34    0.0110000000             NaN             NaN             NaN  327.2900000000
2019 07 01       -2.596950       75.593857  1254.12    0.0110000000             NaN             NaN             NaN             NaN
2019 07 01       -2.596950       75.593857  1259.34    0.0110000000             NaN             NaN             NaN  326.8610000000
2019 07 01       -2.596950       75.593857  1269.26    0.0110000000             NaN             NaN             NaN  326.5310000000
2019 07 01       -2.596950       75.593857  1289.76    0.0100000000             NaN             NaN             NaN  326.1900000000
2019 07 01       -2.596950       75.593857  1324.40    0.0110000000             NaN             NaN             NaN             NaN
2019 07 01       -2.596950       75.593857  1344.38    0.0110000000             NaN             NaN             NaN             NaN
2019 07 01       -2.596950       75.593857  1359.10    0.0110000000             NaN             NaN             NaN  323.4080000000
2019 07 01       -2.596950       75.593857  1374.32    0.0110000000             NaN             NaN             NaN             NaN
2019 07 01       -2.596950       75.593857  1403.67    0.0110000000             NaN             NaN             NaN             NaN
2019 07 01       -2.596950       75.593857  1469.23    0.0140000000             NaN             NaN             NaN  320.9300000000
2019 07 01       -2.596950       75.593857  1514.38    0.0140000000             NaN             NaN             NaN             NaN
2019 07 01       -2.596950       75.593857  1524.43    0.0110000000             NaN             NaN             NaN             NaN
2019 07 01       -2.596950       75.593857  1529.61    0.0100000000             NaN             NaN             NaN  320.2950000000
2019 07 01       -2.596950       75.593857  1539.07    0.0140000000             NaN             NaN             NaN  320.3120000000
2019 07 01       -2.596950       75.593857  1549.06    0.0110000000             NaN             NaN             NaN  320.3190000000
2019 07 01       -2.596950       75.593857  1564.40    0.0110000000             NaN             NaN             NaN             NaN
2019 07 01       -2.596950       75.593857  1569.16    0.0110000000             NaN             NaN             NaN  320.6320000000
2019 07 01       -2.596950       75.593857  1604.52    0.0110000000             NaN             NaN             NaN             NaN
2019 07 01       -2.596950       75.593857  1614.42    0.0110000000             NaN             NaN             NaN             NaN
2019 07 01       -2.596950       75.593857  1619.73    0.0100000000             NaN             NaN             NaN  320.2830000000
2019 07 01       -2.596950       75.593857  1634.43    0.0110000000             NaN             NaN             NaN             NaN
2019 07 01       -2.596950       75.593857  1639.71    0.0110000000             NaN             NaN             NaN  320.2630000000
2019 07 01       -2.596950       75.593857  1644.52    0.0110000000             NaN             NaN             NaN             NaN
2019 07 01       -2.596950       75.593857  1674.34    0.0110000000             NaN             NaN             NaN             NaN
2019 07 01       -2.596950       75.593857  1694.30    0.0110000000             NaN             NaN             NaN             NaN
2019 07 01       -2.596950       75.593857  1723.74    0.0140000000             NaN             NaN             NaN             NaN
2019 07 01       -2.596950       75.593857  1754.48    0.0140000000             NaN             NaN             NaN             NaN
2019 07 01       -2.596950       75.593857  1779.71    0.0100000000             NaN             NaN             NaN  318.4100000000
2019 07 01       -2.596950       75.593857  1804.50    0.0110000000             NaN             NaN             NaN             NaN
2019 07 01       -2.596950       75.593857  1824.34    0.0110000000             NaN             NaN             NaN             NaN
2019 07 01       -2.596950       75.593857  1854.55    0.0110000000             NaN             NaN             NaN             NaN
2019 07 01       -2.596950       75.593857  1869.28    0.0110000000             NaN             NaN             NaN  315.3130000000
2019 07 01       -2.596950       75.593857  1874.45    0.0110000000             NaN             NaN             NaN             NaN
2019 07 01       -2.596950       75.593857  1909.22    0.0110000000             NaN             NaN             NaN  314.0040000000
2019 07 01       -2.596950       75.593857  1919.69    0.0100000000             NaN             NaN             NaN  313.5540000000
2019 07 01       -2.596950       75.593857  1929.12    0.0140000000             NaN             NaN             NaN  313.3060000000
2019 07 01       -2.596950       75.593857  1939.65    0.0170000000             NaN             NaN             NaN  313.1410000000
2019 07 01       -2.596950       75.593857  2003.32    0.0110000000             NaN             NaN             NaN  312.0450000000
2019 07 01       -1.825920       75.293419    22.13    1.6020000000             NaN             NaN             NaN             NaN
2019 07 01       -1.825920       75.293419    23.33    1.2280000000             NaN             NaN             NaN  349.2400000000
2019 07 01       -1.825920       75.293419    25.51    1.0500000000             NaN             NaN             NaN  348.8870000000
2019 07 01       -1.825920       75.293419    27.58    1.4290000000             NaN             NaN             NaN             NaN
2019 07 01       -1.825920       75.293419    28.79    0.7720000000             NaN             NaN             NaN  348.5440000000
2019 07 01       -1.825920       75.293419    30.97    1.0540000000             NaN             NaN             NaN  348.1770000000
2019 07 01       -1.825920       75.293419    33.09    1.3860000000             NaN             NaN             NaN             NaN
2019 07 01       -1.825920       75.293419    34.37    1.0120000000             NaN             NaN             NaN  347.3350000000
2019 07 01       -1.825920       75.293419    36.46    0.7560000000             NaN             NaN             NaN             NaN
2019 07 01       -1.825920       75.293419    37.78    0.6880000000             NaN             NaN             NaN  346.1610000000
2019 07 01       -1.825920       75.293419    40.08    0.8470000000             NaN             NaN             NaN  345.2250000000
2019 07 01       -1.825920       75.293419    42.35    0.5400000000             NaN             NaN             NaN             NaN
2019 07 01       -1.825920       75.293419    43.67    0.7120000000             NaN             NaN             NaN  343.1350000000
2019 07 01       -1.825920       75.293419    46.01    0.8490000000             NaN             NaN             NaN  342.1330000000
2019 07 01       -1.825920       75.293419    48.28    0.7920000000             NaN             NaN             NaN             NaN
2019 07 01       -1.825920       75.293419    49.64    0.8320000000             NaN             NaN             NaN  342.1870000000
2019 07 01       -1.825920       75.293419    52.09    0.7630000000             NaN             NaN             NaN             NaN
2019 07 01       -1.825920       75.293419    53.54    0.6260000000             NaN             NaN             NaN  340.4240000000
2019 07 01       -1.825920       75.293419    56.02    0.7020000000             NaN             NaN             NaN             NaN
2019 07 01       -1.825920       75.293419    57.59    0.6890000000             NaN             NaN             NaN  340.3910000000
2019 07 01       -1.825920       75.293419    60.47    0.7100000000             NaN             NaN             NaN  341.6200000000
2019 07 01       -1.825920       75.293419    63.09    0.7270000000             NaN             NaN             NaN             NaN
2019 07 01       -1.825920       75.293419    64.63    0.6210000000             NaN             NaN             NaN  339.7760000000
2019 07 01       -1.825920       75.293419    67.07    0.6260000000             NaN             NaN             NaN             NaN
2019 07 01       -1.825920       75.293419    68.56    0.3590000000             NaN             NaN             NaN  340.3100000000
2019 07 01       -1.825920       75.293419    71.07    0.1990000000             NaN             NaN             NaN  341.2280000000
2019 07 01       -1.825920       75.293419    73.43    0.1220000000             NaN             NaN             NaN             NaN
2019 07 01       -1.825920       75.293419    74.82    0.1040000000             NaN             NaN             NaN  342.5180000000
2019 07 01       -1.825920       75.293419    77.01    0.1040000000             NaN             NaN             NaN             NaN
2019 07 01       -1.825920       75.293419    78.33    0.1120000000             NaN             NaN             NaN  342.4580000000
2019 07 01       -1.825920       75.293419    80.67    0.1030000000             NaN             NaN             NaN  341.8660000000
2019 07 01       -1.825920       75.293419    82.74    0.0970000000             NaN             NaN             NaN             NaN
2019 07 01       -1.825920       75.293419    83.99    0.1750000000             NaN             NaN             NaN  340.9140000000
2019 07 01       -1.825920       75.293419    86.11    0.3010000000             NaN             NaN             NaN  339.8640000000
2019 07 01       -1.825920       75.293419    88.09    0.1010000000             NaN             NaN             NaN             NaN
2019 07 01       -1.825920       75.293419    89.31    0.1090000000             NaN             NaN             NaN  337.8110000000
2019 07 01       -1.825920       75.293419    91.40    0.1180000000             NaN             NaN             NaN  335.8730000000
2019 07 01       -1.825920       75.293419    93.37    0.1010000000             NaN             NaN             NaN             NaN
2019 07 01       -1.825920       75.293419    94.53    0.1510000000             NaN             NaN             NaN  335.0470000000
2019 07 01       -1.825920       75.293419    96.57    0.1020000000             NaN             NaN             NaN  334.5250000000
2019 07 01       -1.825920       75.293419    98.39    0.1040000000             NaN             NaN             NaN             NaN
2019 07 01       -1.825920       75.293419    99.51    0.1210000000             NaN             NaN             NaN  333.6600000000
2019 07 01       -1.825920       75.293419   103.50    0.1080000000             NaN             NaN             NaN             NaN
2019 07 01       -1.825920       75.293419   104.58    0.1000000000             NaN             NaN             NaN  332.6310000000
2019 07 01       -1.825920       75.293419   108.55    0.0970000000             NaN             NaN             NaN             NaN
2019 07 01       -1.825920       75.293419   109.64    0.1000000000             NaN             NaN             NaN  332.8970000000
2019 07 01       -1.825920       75.293419   113.53    0.0900000000             NaN             NaN             NaN             NaN
2019 07 01       -1.825920       75.293419   114.64    0.1080000000             NaN             NaN             NaN  332.0000000000
2019 07 01       -1.825920       75.293419   117.70    0.0900000000             NaN             NaN             NaN             NaN
2019 07 01       -1.825920       75.293419   118.80    0.0900000000             NaN             NaN             NaN  331.7730000000
2019 07 01       -1.825920       75.293419   123.22    0.0860000000             NaN             NaN             NaN             NaN
2019 07 01       -1.825920       75.293419   124.35    0.0860000000             NaN             NaN             NaN  331.6770000000
2019 07 01       -1.825920       75.293419   128.86    0.0860000000             NaN             NaN             NaN             NaN
2019 07 01       -1.825920       75.293419   129.79    0.0890000000             NaN             NaN             NaN  330.6990000000
2019 07 01       -1.825920       75.293419   133.71    0.0790000000             NaN             NaN             NaN             NaN
2019 07 01       -1.825920       75.293419   134.69    0.0860000000             NaN             NaN             NaN  330.8000000000
2019 07 01       -1.825920       75.293419   138.76    0.0860000000             NaN             NaN             NaN             NaN
2019 07 01       -1.825920       75.293419   139.77    0.0760000000             NaN             NaN             NaN  331.1810000000
2019 07 01       -1.825920       75.293419   143.77    0.0830000000             NaN             NaN             NaN             NaN
2019 07 01       -1.825920       75.293419   144.81    0.0830000000             NaN             NaN             NaN  331.7500000000
2019 07 01       -1.825920       75.293419   148.70    0.0830000000             NaN             NaN             NaN             NaN
2019 07 01       -1.825920       75.293419   149.77    0.0830000000             NaN             NaN             NaN  331.1720000000
2019 07 01       -1.825920       75.293419   153.45    0.0860000000             NaN             NaN             NaN             NaN
2019 07 01       -1.825920       75.293419   154.55    0.0780000000             NaN             NaN             NaN  331.2920000000
2019 07 01       -1.825920       75.293419   157.63    0.0720000000             NaN             NaN             NaN             NaN
2019 07 01       -1.825920       75.293419   158.76    0.0750000000             NaN             NaN             NaN  332.0440000000
2019 07 01       -1.825920       75.293419   163.24    0.0720000000             NaN             NaN             NaN             NaN
2019 07 01       -1.825920       75.293419   164.39    0.0820000000             NaN             NaN             NaN  332.4800000000
2019 07 01       -1.825920       75.293419   168.87    0.0790000000             NaN             NaN             NaN             NaN
2019 07 01       -1.825920       75.293419   169.82    0.0790000000             NaN             NaN             NaN  332.1830000000
2019 07 01       -1.825920       75.293419   173.76    0.0720000000             NaN             NaN             NaN             NaN
2019 07 01       -1.825920       75.293419   174.73    0.0790000000             NaN             NaN             NaN  331.4540000000
2019 07 01       -1.825920       75.293419   178.61    0.0720000000             NaN             NaN             NaN             NaN
2019 07 01       -1.825920       75.293419   179.61    0.0760000000             NaN             NaN             NaN  331.5370000000
2019 07 01       -1.825920       75.293419   183.63    0.0790000000             NaN             NaN             NaN             NaN
2019 07 01       -1.825920       75.293419   184.66    0.0740000000             NaN             NaN             NaN  332.7830000000
2019 07 01       -1.825920       75.293419   188.58    0.0610000000             NaN             NaN             NaN             NaN
2019 07 01       -1.825920       75.293419   189.63    0.0670000000             NaN             NaN             NaN  334.3250000000
2019 07 01       -1.825920       75.293419   193.53    0.0580000000             NaN             NaN             NaN             NaN
2019 07 01       -1.825920       75.293419   194.59    0.0670000000             NaN             NaN             NaN  335.2060000000
2019 07 01       -1.825920       75.293419   198.47    0.0540000000             NaN             NaN             NaN             NaN
2019 07 01       -1.825920       75.293419   199.56    0.0500000000             NaN             NaN             NaN  335.3200000000
2019 07 01       -1.825920       75.293419   203.43    0.0500000000             NaN             NaN             NaN             NaN
2019 07 01       -1.825920       75.293419   204.53    0.0580000000             NaN             NaN             NaN  334.4210000000
2019 07 01       -1.825920       75.293419   208.43    0.0610000000             NaN             NaN             NaN             NaN
2019 07 01       -1.825920       75.293419   209.53    0.0480000000             NaN             NaN             NaN  333.5500000000
2019 07 01       -1.825920       75.293419   213.50    0.0540000000             NaN             NaN             NaN             NaN
2019 07 01       -1.825920       75.293419   214.61    0.0580000000             NaN             NaN             NaN  333.0370000000
2019 07 01       -1.825920       75.293419   218.50    0.0650000000             NaN             NaN             NaN             NaN
2019 07 01       -1.825920       75.293419   219.61    0.0520000000             NaN             NaN             NaN  333.7010000000
2019 07 01       -1.825920       75.293419   223.40    0.0650000000             NaN             NaN             NaN             NaN
2019 07 01       -1.825920       75.293419   224.51    0.0640000000             NaN             NaN             NaN  333.8550000000
2019 07 01       -1.825920       75.293419   228.33    0.0580000000             NaN             NaN             NaN             NaN
2019 07 01       -1.825920       75.293419   229.49    0.0560000000             NaN             NaN             NaN  333.5210000000
2019 07 01       -1.825920       75.293419   233.43    0.0470000000             NaN             NaN             NaN             NaN
2019 07 01       -1.825920       75.293419   234.58    0.0500000000             NaN             NaN             NaN  331.4390000000
2019 07 01       -1.825920       75.293419   238.37    0.0500000000             NaN             NaN             NaN             NaN
2019 07 01       -1.825920       75.293419   239.52    0.0440000000             NaN             NaN             NaN  331.0500000000
2019 07 01       -1.825920       75.293419   243.33    0.0470000000             NaN             NaN             NaN             NaN
2019 07 01       -1.825920       75.293419   244.48    0.0470000000             NaN             NaN             NaN  331.0890000000
2019 07 01       -1.825920       75.293419   248.40    0.0500000000             NaN             NaN             NaN             NaN
2019 07 01       -1.825920       75.293419   249.56    0.0460000000             NaN             NaN             NaN  331.6610000000
2019 07 01       -1.825920       75.293419   253.39    0.0430000000             NaN             NaN             NaN             NaN
2019 07 01       -1.825920       75.293419   254.55    0.0440000000             NaN             NaN             NaN  332.2990000000
2019 07 01       -1.825920       75.293419   258.27    0.0470000000             NaN             NaN             NaN             NaN
2019 07 01       -1.825920       75.293419   259.45    0.0500000000             NaN             NaN             NaN  333.5260000000
2019 07 01       -1.825920       75.293419   263.30    0.0470000000             NaN             NaN             NaN             NaN
2019 07 01       -1.825920       75.293419   264.49    0.0420000000             NaN             NaN             NaN  334.0360000000
2019 07 01       -1.825920       75.293419   268.35    0.0360000000             NaN             NaN             NaN             NaN
2019 07 01       -1.825920       75.293419   269.55    0.0360000000             NaN             NaN             NaN  334.6960000000
2019 07 01       -1.825920       75.293419   273.23    0.0400000000             NaN             NaN             NaN             NaN
2019 07 01       -1.825920       75.293419   274.43    0.0460000000             NaN             NaN             NaN  334.8480000000
2019 07 01       -1.825920       75.293419   278.33    0.0430000000             NaN             NaN             NaN             NaN
2019 07 01       -1.825920       75.293419   279.55    0.0430000000             NaN             NaN             NaN  334.7380000000
2019 07 01       -1.825920       75.293419   283.27    0.0430000000             NaN             NaN             NaN             NaN
2019 07 01       -1.825920       75.293419   284.48    0.0420000000             NaN             NaN             NaN  334.2400000000
2019 07 01       -1.825920       75.293419   288.16    0.0320000000             NaN             NaN             NaN             NaN
2019 07 01       -1.825920       75.293419   289.39    0.0430000000             NaN             NaN             NaN  334.1460000000
2019 07 01       -1.825920       75.293419   292.85    0.0400000000             NaN             NaN             NaN             NaN
2019 07 01       -1.825920       75.293419   294.09    0.0360000000             NaN             NaN             NaN  334.2910000000
2019 07 01       -1.825920       75.293419   297.36    0.0320000000             NaN             NaN             NaN             NaN
2019 07 01       -1.825920       75.293419   298.61    0.0400000000             NaN             NaN             NaN  334.5970000000
2019 07 01       -1.825920       75.293419   302.54    0.0400000000             NaN             NaN             NaN             NaN
2019 07 01       -1.825920       75.293419   303.77    0.0370000000             NaN             NaN             NaN  334.9730000000
2019 07 01       -1.825920       75.293419   308.55    0.0470000000             NaN             NaN             NaN             NaN
2019 07 01       -1.825920       75.293419   309.57    0.0330000000             NaN             NaN             NaN  334.9920000000
2019 07 01       -1.825920       75.293419   313.54    0.0360000000             NaN             NaN             NaN             NaN
2019 07 01       -1.825920       75.293419   314.59    0.0420000000             NaN             NaN             NaN  334.7120000000
2019 07 01       -1.825920       75.293419   318.63    0.0360000000             NaN             NaN             NaN             NaN
2019 07 01       -1.825920       75.293419   319.68    0.0460000000             NaN             NaN             NaN  334.1100000000
2019 07 01       -1.825920       75.293419   323.59    0.0360000000             NaN             NaN             NaN             NaN
2019 07 01       -1.825920       75.293419   324.65    0.0390000000             NaN             NaN             NaN  333.0890000000
2019 07 01       -1.825920       75.293419   328.52    0.0320000000             NaN             NaN             NaN             NaN
2019 07 01       -1.825920       75.293419   329.58    0.0360000000             NaN             NaN             NaN  332.7410000000
2019 07 01       -1.825920       75.293419   333.52    0.0400000000             NaN             NaN             NaN             NaN
2019 07 01       -1.825920       75.293419   334.58    0.0330000000             NaN             NaN             NaN  332.6610000000
2019 07 01       -1.825920       75.293419   338.53    0.0360000000             NaN             NaN             NaN             NaN
2019 07 01       -1.825920       75.293419   339.59    0.0330000000             NaN             NaN             NaN  333.1300000000
2019 07 01       -1.825920       75.293419   343.61    0.0360000000             NaN             NaN             NaN             NaN
2019 07 01       -1.825920       75.293419   344.67    0.0350000000             NaN             NaN             NaN  333.4380000000
2019 07 01       -1.825920       75.293419   348.59    0.0290000000             NaN             NaN             NaN             NaN
2019 07 01       -1.825920       75.293419   349.66    0.0320000000             NaN             NaN             NaN  333.5060000000
2019 07 01       -1.825920       75.293419   353.48    0.0250000000             NaN             NaN             NaN             NaN
2019 07 01       -1.825920       75.293419   354.55    0.0320000000             NaN             NaN             NaN  333.5230000000
2019 07 01       -1.825920       75.293419   358.55    0.0580000000             NaN             NaN             NaN             NaN
2019 07 01       -1.825920       75.293419   359.65    0.0300000000             NaN             NaN             NaN  333.6020000000
2019 07 01       -1.825920       75.293419   363.40    0.0400000000             NaN             NaN             NaN             NaN
2019 07 01       -1.825920       75.293419   364.51    0.0260000000             NaN             NaN             NaN  333.6050000000
2019 07 01       -1.825920       75.293419   368.34    0.0290000000             NaN             NaN             NaN             NaN
2019 07 01       -1.825920       75.293419   369.47    0.0290000000             NaN             NaN             NaN  333.5880000000
2019 07 01       -1.825920       75.293419   373.39    0.0290000000             NaN             NaN             NaN             NaN
2019 07 01       -1.825920       75.293419   374.54    0.0280000000             NaN             NaN             NaN  333.9340000000
2019 07 01       -1.825920       75.293419   378.43    0.0220000000             NaN             NaN             NaN             NaN
2019 07 01       -1.825920       75.293419   379.58    0.0250000000             NaN             NaN             NaN  334.3220000000
2019 07 01       -1.825920       75.293419   383.45    0.0220000000             NaN             NaN             NaN             NaN
2019 07 01       -1.825920       75.293419   384.58    0.0250000000             NaN             NaN             NaN  334.3540000000
2019 07 01       -1.825920       75.293419   388.39    0.0220000000             NaN             NaN             NaN             NaN
2019 07 01       -1.825920       75.293419   389.54    0.0220000000             NaN             NaN             NaN  334.1190000000
2019 07 01       -1.825920       75.293419   393.31    0.0220000000             NaN             NaN             NaN             NaN
2019 07 01       -1.825920       75.293419   394.49    0.0320000000             NaN             NaN             NaN  333.8500000000
2019 07 01       -1.825920       75.293419   398.28    0.0290000000             NaN             NaN             NaN             NaN
2019 07 01       -1.825920       75.293419   399.45    0.0320000000             NaN             NaN             NaN  333.9880000000
2019 07 01       -1.825920       75.293419   403.28    0.0320000000             NaN             NaN             NaN             NaN
2019 07 01       -1.825920       75.293419   404.46    0.0320000000             NaN             NaN             NaN  334.3410000000
2019 07 01       -1.825920       75.293419   408.37    0.0320000000             NaN             NaN             NaN             NaN
2019 07 01       -1.825920       75.293419   409.55    0.0300000000             NaN             NaN             NaN  334.5730000000
2019 07 01       -1.825920       75.293419   413.35    0.0360000000             NaN             NaN             NaN             NaN
2019 07 01       -1.825920       75.293419   414.53    0.0360000000             NaN             NaN             NaN  334.4110000000
2019 07 01       -1.825920       75.293419   418.29    0.0320000000             NaN             NaN             NaN             NaN
2019 07 01       -1.825920       75.293419   419.48    0.0250000000             NaN             NaN             NaN  334.4470000000
2019 07 01       -1.825920       75.293419   423.25    0.0250000000             NaN             NaN             NaN             NaN
2019 07 01       -1.825920       75.293419   424.45    0.0360000000             NaN             NaN             NaN  334.5520000000
2019 07 01       -1.825920       75.293419   428.28    0.0320000000             NaN             NaN             NaN             NaN
2019 07 01       -1.825920       75.293419   429.50    0.0330000000             NaN             NaN             NaN  334.7520000000
2019 07 01       -1.825920       75.293419   433.20    0.0360000000             NaN             NaN             NaN             NaN
2019 07 01       -1.825920       75.293419   434.42    0.0370000000             NaN             NaN             NaN  335.1620000000
2019 07 01       -1.825920       75.293419   437.43    0.0400000000             NaN             NaN             NaN             NaN
2019 07 01       -1.825920       75.293419   438.65    0.0460000000             NaN             NaN             NaN  335.0610000000
2019 07 01       -1.825920       75.293419   442.55    0.0400000000             NaN             NaN             NaN             NaN
2019 07 01       -1.825920       75.293419   443.78    0.0390000000             NaN             NaN             NaN  334.8930000000
2019 07 01       -1.825920       75.293419   447.64    0.0360000000             NaN             NaN             NaN             NaN
2019 07 01       -1.825920       75.293419   448.85    0.0400000000             NaN             NaN             NaN  335.0410000000
2019 07 01       -1.825920       75.293419   453.57    0.0400000000             NaN             NaN             NaN             NaN
2019 07 01       -1.825920       75.293419   454.56    0.0390000000             NaN             NaN             NaN  334.4720000000
2019 07 01       -1.825920       75.293419   458.59    0.0360000000             NaN             NaN             NaN             NaN
2019 07 01       -1.825920       75.293419   459.60    0.0360000000             NaN             NaN             NaN  333.3890000000
2019 07 01       -1.825920       75.293419   463.72    0.0400000000             NaN             NaN             NaN             NaN
2019 07 01       -1.825920       75.293419   464.73    0.0320000000             NaN             NaN             NaN  332.0320000000
2019 07 01       -1.825920       75.293419   468.47    0.0290000000             NaN             NaN             NaN             NaN
2019 07 01       -1.825920       75.293419   469.49    0.0320000000             NaN             NaN             NaN  331.6610000000
2019 07 01       -1.825920       75.293419   473.58    0.0320000000             NaN             NaN             NaN             NaN
2019 07 01       -1.825920       75.293419   474.64    0.0390000000             NaN             NaN             NaN  331.0790000000
2019 07 01       -1.825920       75.293419   478.57    0.0360000000             NaN             NaN             NaN             NaN
2019 07 01       -1.825920       75.293419   479.62    0.0320000000             NaN             NaN             NaN  331.1590000000
2019 07 01       -1.825920       75.293419   483.53    0.0290000000             NaN             NaN             NaN             NaN
2019 07 01       -1.825920       75.293419   484.60    0.0320000000             NaN             NaN             NaN  330.9370000000
2019 07 01       -1.825920       75.293419   488.63    0.0320000000             NaN             NaN             NaN             NaN
2019 07 01       -1.825920       75.293419   489.71    0.0320000000             NaN             NaN             NaN  330.9380000000
2019 07 01       -1.825920       75.293419   493.53    0.0290000000             NaN             NaN             NaN             NaN
2019 07 01       -1.825920       75.293419   494.60    0.0360000000             NaN             NaN             NaN  331.0660000000
2019 07 01       -1.825920       75.293419   498.42    0.0320000000             NaN             NaN             NaN             NaN
2019 07 01       -1.825920       75.293419   499.02    0.0290000000             NaN             NaN             NaN  330.8770000000
2019 07 01       -1.825920       75.293419   504.23    0.0320000000             NaN             NaN             NaN             NaN
2019 07 01       -1.825920       75.293419   509.48    0.0250000000             NaN             NaN             NaN  331.0420000000
2019 07 01       -1.825920       75.293419   514.33    0.0290000000             NaN             NaN             NaN             NaN
2019 07 01       -1.825920       75.293419   519.06    0.0250000000             NaN             NaN             NaN  332.1870000000
2019 07 01       -1.825920       75.293419   524.18    0.0250000000             NaN             NaN             NaN             NaN
2019 07 01       -1.825920       75.293419   529.51    0.0180000000             NaN             NaN             NaN  333.5770000000
2019 07 01       -1.825920       75.293419   534.33    0.0180000000             NaN             NaN             NaN             NaN
2019 07 01       -1.825920       75.293419   539.03    0.0220000000             NaN             NaN             NaN  334.3900000000
2019 07 01       -1.825920       75.293419   544.19    0.0220000000             NaN             NaN             NaN             NaN
2019 07 01       -1.825920       75.293419   549.50    0.0220000000             NaN             NaN             NaN  334.7190000000
2019 07 01       -1.825920       75.293419   554.20    0.0220000000             NaN             NaN             NaN             NaN
2019 07 01       -1.825920       75.293419   559.52    0.0220000000             NaN             NaN             NaN  334.6450000000
2019 07 01       -1.825920       75.293419   564.23    0.0220000000             NaN             NaN             NaN             NaN
2019 07 01       -1.825920       75.293419   568.93    0.0250000000             NaN             NaN             NaN  334.6140000000
2019 07 01       -1.825920       75.293419   574.19    0.0220000000             NaN             NaN             NaN             NaN
2019 07 01       -1.825920       75.293419   579.56    0.0180000000             NaN             NaN             NaN  334.3100000000
2019 07 01       -1.825920       75.293419   584.33    0.0140000000             NaN             NaN             NaN             NaN
2019 07 01       -1.825920       75.293419   589.47    0.0150000000             NaN             NaN             NaN  334.4630000000
2019 07 01       -1.825920       75.293419   594.22    0.0180000000             NaN             NaN             NaN             NaN
2019 07 01       -1.825920       75.293419   599.38    0.0180000000             NaN             NaN             NaN  334.2590000000
2019 07 01       -1.825920       75.293419   604.18    0.0180000000             NaN             NaN             NaN             NaN
2019 07 01       -1.825920       75.293419   609.43    0.0160000000             NaN             NaN             NaN  334.3130000000
2019 07 01       -1.825920       75.293419   614.20    0.0290000000             NaN             NaN             NaN             NaN
2019 07 01       -1.825920       75.293419   619.53    0.0180000000             NaN             NaN             NaN  334.3760000000
2019 07 01       -1.825920       75.293419   624.26    0.0180000000             NaN             NaN             NaN             NaN
2019 07 01       -1.825920       75.293419   629.52    0.0150000000             NaN             NaN             NaN  334.3440000000
2019 07 01       -1.825920       75.293419   634.18    0.0180000000             NaN             NaN             NaN             NaN
2019 07 01       -1.825920       75.293419   638.77    0.0110000000             NaN             NaN             NaN  334.4590000000
2019 07 01       -1.825920       75.293419   643.60    0.0140000000             NaN             NaN             NaN             NaN
2019 07 01       -1.825920       75.293419   648.81    0.0150000000             NaN             NaN             NaN  334.5790000000
2019 07 01       -1.825920       75.293419   653.94    0.0180000000             NaN             NaN             NaN             NaN
2019 07 01       -1.825920       75.293419   659.59    0.0180000000             NaN             NaN             NaN  334.6760000000
2019 07 01       -1.825920       75.293419   664.49    0.0140000000             NaN             NaN             NaN             NaN
2019 07 01       -1.825920       75.293419   669.58    0.0140000000             NaN             NaN             NaN  335.0240000000
2019 07 01       -1.825920       75.293419   674.35    0.0140000000             NaN             NaN             NaN             NaN
2019 07 01       -1.825920       75.293419   679.10    0.0110000000             NaN             NaN             NaN  335.0800000000
2019 07 01       -1.825920       75.293419   684.34    0.0110000000             NaN             NaN             NaN             NaN
2019 07 01       -1.825920       75.293419   689.62    0.0110000000             NaN             NaN             NaN  335.1270000000
2019 07 01       -1.825920       75.293419   694.37    0.0110000000             NaN             NaN             NaN             NaN
2019 07 01       -1.825920       75.293419   704.33    0.0110000000             NaN             NaN             NaN             NaN
2019 07 01       -1.825920       75.293419   709.67    0.0140000000             NaN             NaN             NaN  335.0130000000
2019 07 01       -1.825920       75.293419   714.31    0.0140000000             NaN             NaN             NaN             NaN
2019 07 01       -1.825920       75.293419   724.23    0.0110000000             NaN             NaN             NaN             NaN
2019 07 01       -1.825920       75.293419   728.94    0.0110000000             NaN             NaN             NaN  335.1030000000
2019 07 01       -1.825920       75.293419   739.64    0.0110000000             NaN             NaN             NaN  335.0670000000
2019 07 01       -1.825920       75.293419   744.32    0.0110000000             NaN             NaN             NaN             NaN
2019 07 01       -1.825920       75.293419   754.22    0.0110000000             NaN             NaN             NaN             NaN
2019 07 01       -1.825920       75.293419   759.45    0.0140000000             NaN             NaN             NaN  334.9310000000
2019 07 01       -1.825920       75.293419   764.24    0.0110000000             NaN             NaN             NaN             NaN
2019 07 01       -1.825920       75.293419   769.49    0.0110000000             NaN             NaN             NaN  334.8090000000
2019 07 01       -1.825920       75.293419   774.19    0.0110000000             NaN             NaN             NaN             NaN
2019 07 01       -1.825920       75.293419   779.51    0.0100000000             NaN             NaN             NaN  334.7010000000
2019 07 01       -1.825920       75.293419   788.27    0.0110000000             NaN             NaN             NaN  334.5560000000
2019 07 01       -1.825920       75.293419   793.51    0.0110000000             NaN             NaN             NaN             NaN
2019 07 01       -1.825920       75.293419   819.46    0.0100000000             NaN             NaN             NaN  333.3460000000
2019 07 01       -1.825920       75.293419   829.60    0.0100000000             NaN             NaN             NaN  333.1050000000
2019 07 01       -1.825920       75.293419   844.34    0.0110000000             NaN             NaN             NaN             NaN
2019 07 01       -1.825920       75.293419   849.56    0.0120000000             NaN             NaN             NaN  333.6400000000
2019 07 01       -1.825920       75.293419   854.31    0.0180000000             NaN             NaN             NaN             NaN
2019 07 01       -1.825920       75.293419   859.59    0.0100000000             NaN             NaN             NaN  333.8850000000
2019 07 01       -1.825920       75.293419   884.31    0.0110000000             NaN             NaN             NaN             NaN
2019 07 01       -1.825920       75.293419   894.28    0.0110000000             NaN             NaN             NaN             NaN
2019 07 01       -1.825920       75.293419   904.32    0.0110000000             NaN             NaN             NaN             NaN
2019 07 01       -1.825920       75.293419   909.52    0.0130000000             NaN             NaN             NaN  332.7740000000
2019 07 01       -1.825920       75.293419   919.41    0.0140000000             NaN             NaN             NaN  331.5650000000
2019 07 01       -1.825920       75.293419   924.19    0.0110000000             NaN             NaN             NaN             NaN
2019 07 01       -1.825920       75.293419   954.10    0.0110000000             NaN             NaN             NaN             NaN
2019 07 01       -1.825920       75.293419   958.77    0.0110000000             NaN             NaN             NaN  331.3900000000
2019 07 01       -1.825920       75.293419   974.20    0.0140000000             NaN             NaN             NaN             NaN
2019 07 01       -1.825920       75.293419   984.15    0.0110000000             NaN             NaN             NaN             NaN
2019 07 01       -1.825920       75.293419   998.24    0.0110000000             NaN             NaN             NaN  331.1700000000
2019 07 01       -1.825920       75.293419  1003.65    0.0140000000             NaN             NaN             NaN             NaN
2019 07 01       -1.825920       75.293419  1014.34    0.0110000000             NaN             NaN             NaN             NaN
2019 07 01       -1.825920       75.293419  1019.58    0.0110000000             NaN             NaN             NaN  332.3440000000
2019 07 01       -1.825920       75.293419  1024.35    0.0110000000             NaN             NaN             NaN             NaN
2019 07 01       -1.825920       75.293419  1039.47    0.0140000000             NaN             NaN             NaN  331.7150000000
2019 07 01       -1.825920       75.293419  1044.42    0.0140000000             NaN             NaN             NaN             NaN
2019 07 01       -1.825920       75.293419  1049.57    0.0170000000             NaN             NaN             NaN  329.7410000000
2019 07 01       -1.825920       75.293419  1059.09    0.0110000000             NaN             NaN             NaN  328.8680000000
2019 07 01       -1.825920       75.293419  1089.57    0.0130000000             NaN             NaN             NaN  329.8980000000
2019 07 01       -1.825920       75.293419  1099.53    0.0110000000             NaN             NaN             NaN  328.6860000000
2019 07 01       -1.825920       75.293419  1104.22    0.0140000000             NaN             NaN             NaN             NaN
2019 07 01       -1.825920       75.293419  1114.25    0.0140000000             NaN             NaN             NaN             NaN
2019 07 01       -1.825920       75.293419  1123.90    0.0110000000             NaN             NaN             NaN             NaN
2019 07 01       -1.825920       75.293419  1134.19    0.0110000000             NaN             NaN             NaN             NaN
2019 07 01       -1.825920       75.293419  1139.58    0.0180000000             NaN             NaN             NaN  327.9440000000
2019 07 01       -1.825920       75.293419  1144.41    0.0140000000             NaN             NaN             NaN             NaN
2019 07 01       -1.825920       75.293419  1149.59    0.0150000000             NaN             NaN             NaN  327.7960000000
2019 07 01       -1.825920       75.293419  1154.27    0.0180000000             NaN             NaN             NaN             NaN
2019 07 01       -1.825920       75.293419  1159.43    0.0110000000             NaN             NaN             NaN  327.6940000000
2019 07 01       -1.825920       75.293419  1164.29    0.0140000000             NaN             NaN             NaN             NaN
2019 07 01       -1.825920       75.293419  1179.63    0.0200000000             NaN             NaN             NaN  327.7200000000
2019 07 01       -1.825920       75.293419  1189.48    0.0150000000             NaN             NaN             NaN  327.3190000000
2019 07 01       -1.825920       75.293419  1194.25    0.0180000000             NaN             NaN             NaN             NaN
2019 07 01       -1.825920       75.293419  1199.43    0.0110000000             NaN             NaN             NaN  327.7010000000
2019 07 01       -1.825920       75.293419  1204.37    0.0110000000             NaN             NaN             NaN             NaN
2019 07 01       -1.825920       75.293419  1208.96    0.0110000000             NaN             NaN             NaN  327.9510000000
2019 07 01       -1.825920       75.293419  1234.12    0.0140000000             NaN             NaN             NaN             NaN
2019 07 01       -1.825920       75.293419  1238.85    0.0110000000             NaN             NaN             NaN  328.2760000000
2019 07 01       -1.825920       75.293419  1248.89    0.0110000000             NaN             NaN             NaN  328.4790000000
2019 07 01       -1.825920       75.293419  1258.08    0.0110000000             NaN             NaN             NaN  328.5860000000
2019 07 01       -1.825920       75.293419  1284.20    0.0110000000             NaN             NaN             NaN             NaN
2019 07 01       -1.825920       75.293419  1334.12    0.0110000000             NaN             NaN             NaN             NaN
2019 07 01       -1.825920       75.293419  1344.29    0.0110000000             NaN             NaN             NaN             NaN
2019 07 01       -1.825920       75.293419  1384.06    0.0110000000             NaN             NaN             NaN             NaN
2019 07 01       -1.825920       75.293419  1403.28    0.0110000000             NaN             NaN             NaN             NaN
2019 07 01       -1.825920       75.293419  1434.45    0.0110000000             NaN             NaN             NaN             NaN
2019 07 01       -1.825920       75.293419  1458.97    0.0110000000             NaN             NaN             NaN  322.7550000000
2019 07 01       -1.825920       75.293419  1484.47    0.0110000000             NaN             NaN             NaN             NaN
2019 07 01       -1.825920       75.293419  1489.55    0.0100000000             NaN             NaN             NaN  322.1180000000
2019 07 01       -1.825920       75.293419  1508.75    0.0110000000             NaN             NaN             NaN  321.6490000000
2019 07 01       -1.825920       75.293419  1559.06    0.0110000000             NaN             NaN             NaN  321.3590000000
2019 07 01       -1.825920       75.293419  1609.34    0.0130000000             NaN             NaN             NaN  321.1950000000
2019 07 01       -1.825920       75.293419  1624.24    0.0110000000             NaN             NaN             NaN             NaN
2019 07 01       -1.825920       75.293419  1628.96    0.0110000000             NaN             NaN             NaN  321.2160000000
2019 07 01       -1.825920       75.293419  1648.98    0.0110000000             NaN             NaN             NaN  321.3530000000
2019 07 01       -1.825920       75.293419  1679.36    0.0110000000             NaN             NaN             NaN  321.3790000000
2019 07 01       -1.825920       75.293419  1684.11    0.0110000000             NaN             NaN             NaN             NaN
2019 07 01       -1.825920       75.293419  1713.40    0.0110000000             NaN             NaN             NaN             NaN
2019 07 01       -1.825920       75.293419  1744.48    0.0110000000             NaN             NaN             NaN             NaN
2019 07 01       -1.825920       75.293419  1768.98    0.0110000000             NaN             NaN             NaN  320.0690000000
2019 07 01       -1.825920       75.293419  1838.91    0.0110000000             NaN             NaN             NaN  318.9790000000
2019 07 01       -1.825920       75.293419  1853.81    0.1580000000             NaN             NaN             NaN             NaN
2019 07 01       -1.825920       75.293419  1859.65    0.0140000000             NaN             NaN             NaN  318.3400000000
2019 07 01       -1.825920       75.293419  1864.39    0.0110000000             NaN             NaN             NaN             NaN
2019 07 01       -1.825920       75.293419  1884.31    0.0110000000             NaN             NaN             NaN             NaN
2019 07 01       -1.825920       75.293419  1894.39    0.0110000000             NaN             NaN             NaN             NaN
2019 07 01       -1.825920       75.293419  1904.33    0.0140000000             NaN             NaN             NaN             NaN
2019 07 01       -1.825920       75.293419  1924.31    0.0140000000             NaN             NaN             NaN             NaN
2019 07 01       -1.825920       75.293419  1934.12    0.0110000000             NaN             NaN             NaN             NaN
