PROVIDER        EXPOCODE        YEAR MONTH DAY HOUR LONGITUDE    LATITUDE     DEPH       TEMP       PSAL       DOXY       PHOS       NTRA       SLCA       CPHL      
[]              []              []   []    []  []   [deg_E]      [deg_N]      [meter]    [deg_C]    [psu]      [mmol/m3]  [umol/l]   [umol/l]   [umol/l]   [mg/m3]   
          CMEMS        EXIC0242 2019     7   1   0    21.989700    63.404202      -1.00     13.500        nan    334.509        nan        nan     18.300        nan
          CMEMS        EXIC0242 2019     7   1   0    21.989700    63.404202      -5.00     10.000        nan    318.878        nan        nan     18.300        nan
          CMEMS        EXIC0242 2019     7   1   0    21.989700    63.404202     -10.00     13.600        nan    331.383        nan        nan     20.000        nan
          CMEMS        EXIC0242 2019     7   1   0    21.989700    63.404202     -15.00     13.300        nan    331.383        nan        nan     20.000        nan
          CMEMS        EXIC0242 2019     7   1   0    21.989700    63.404202     -23.40     13.300        nan    303.247        nan        nan     28.300        nan
          CMEMS        EXIC0242 2019     7   1   0    22.989000    63.878201      -1.00     14.800      3.220        nan      0.060      0.400        nan        nan
          CMEMS        EXIC0242 2019     7   1   0    22.928200    63.961201      -1.00     13.300      3.280        nan      0.060      0.400        nan        nan
          CMEMS        EXIC0242 2019     7   1   0    23.120501    63.902302      -1.00     15.500      3.100        nan      0.060      0.400        nan        nan
          CMEMS        EXIC0242 2019     7   1   0    22.830000    63.910198      -1.00     15.600      3.180        nan      0.060      0.400        nan        nan
          CMEMS        EXIC0242 2019     7   1   0    22.980200    63.918999      -1.00     14.700      3.200    312.626        nan        nan     13.500        nan
          CMEMS        EXIC0242 2019     7   1   0    22.980200    63.918999      -5.00     14.600      3.200    306.373        nan        nan     13.300        nan
          CMEMS        EXIC0242 2019     7   1   0    22.980200    63.918999     -10.00     14.400      3.200    315.752        nan        nan     13.300        nan
          CMEMS        EXIC0242 2019     7   1   0    22.980200    63.918999     -17.30     13.800      3.200    318.878        nan        nan     16.600        nan
          CMEMS        EXIC0242 2019     7   1   0    24.855000    60.134300      -0.00        nan        nan        nan        nan        nan        nan      4.200
          CMEMS        EXIC0242 2019     7   1   0    24.848499    60.195499      -0.00        nan        nan        nan        nan        nan        nan     11.000
          CMEMS        EXIC0242 2019     7   1   0    22.045799    60.312199      -1.00     17.400      6.120    293.868      0.130      0.400        nan        nan
          CMEMS        EXIC0242 2019     7   1   0    22.045799    60.312199     -10.00     16.900        nan    284.489      0.160      0.400        nan        nan
          CMEMS        EXIC0242 2019     7   1   0    22.045799    60.312199     -20.00     11.200        nan    268.858      0.260      0.400        nan        nan
          CMEMS        EXIC0242 2019     7   1   0    22.045799    60.312199     -40.00      5.600        nan    290.742      0.290      0.600        nan        nan
          CMEMS        EXIC0242 2019     7   1   0    22.045799    60.312199     -59.00      5.400        nan    284.489      0.290      0.600        nan        nan
          CMEMS        EXIC0242 2019     7   1   0    22.045799    60.312199     -78.00      5.100      6.180    271.984      0.390      1.600        nan        nan
          CMEMS        EXIC0242 2019     7   1   0    22.102301    60.377701      -1.00     17.400      6.050    284.489      0.100      0.400        nan        nan
          CMEMS        EXIC0242 2019     7   1   0    22.102301    60.377701     -10.00     17.100        nan    284.489      0.100      0.400        nan        nan
          CMEMS        EXIC0242 2019     7   1   0    22.102301    60.377701     -20.00     13.100        nan    246.974      0.260      0.400        nan        nan
          CMEMS        EXIC0242 2019     7   1   0    22.102301    60.377701     -40.00      6.000        nan    275.111      0.290      0.800        nan        nan
          CMEMS        EXIC0242 2019     7   1   0    22.102301    60.377701     -51.00      5.800      6.160    275.111      0.390      0.800        nan        nan
          CMEMS        EXIC0242 2019     7   1   0    22.090700    60.439499      -1.00     17.400        nan    271.984      0.130      0.400        nan        nan
          CMEMS        EXIC0242 2019     7   1   0    22.090700    60.439499      -9.00     16.600        nan    256.353      0.160      0.400        nan        nan
          CMEMS        EXIC0242 2019     7   1   0    22.072001    60.446201      -1.00     17.600        nan    290.742      0.100      0.400        nan        nan
          CMEMS        EXIC0242 2019     7   1   0    21.969000    60.487301      -1.00     18.900        nan    259.479      0.100      0.400        nan        nan
          CMEMS        EXIC0242 2019     7   1   0    21.969000    60.487301     -10.00     14.600        nan    200.080      0.230      1.200        nan        nan
          CMEMS        EXIC0242 2019     7   1   0    21.969000    60.487301     -17.00     10.300        nan    187.575      0.320      1.900        nan        nan
          CMEMS        EXIC0242 2019     7   2   0    26.951200    60.403000      -1.00     13.500      4.530    293.868      0.130      0.400        nan        nan
          CMEMS        EXIC0242 2019     7   2   0    26.951200    60.403000     -20.00      5.800      5.450    193.828      1.580      1.700        nan        nan
          CMEMS        EXIC0242 2019     7   2   0    26.964001    60.448299      -1.00     15.600      3.180    293.868      0.060      0.400        nan        nan
          CMEMS        EXIC0242 2019     7   2   0    26.964001    60.448299     -15.00      9.800      4.830    234.469      0.740      1.100        nan        nan
          CMEMS        EXIC0242 2019     7   2   0    27.141701    60.493198      -1.00     14.500      4.320    293.868      0.320      0.400        nan        nan
          CMEMS        EXIC0242 2019     7   2   0    27.141701    60.493198     -16.00      7.300      5.030    240.722      1.450      1.600        nan        nan
          CMEMS        EXIC0242 2019     7   2   0    27.153799    60.514301      -1.00     14.700      4.310    293.868      0.390      0.400        nan        nan
          CMEMS        EXIC0242 2019     7   2   0    27.153799    60.514301     -12.00     11.300      4.590    212.585      2.000      1.400        nan        nan
          CMEMS        EXIC0242 2019     7   2   0    21.304501    63.293701      -1.00     17.000      3.000    318.878        nan        nan      1.300        nan
          CMEMS        EXIC0242 2019     7   2   0    21.304501    63.293701      -5.70     17.100      3.000    312.626        nan        nan      1.100        nan
          CMEMS        EXIC0242 2019     7   2   0    21.033001    62.985199      -1.00     15.100      5.400    322.004        nan        nan     14.000        nan
          CMEMS        EXIC0242 2019     7   2   0    21.033001    62.985199      -5.00     15.000      5.500    334.509        nan        nan     14.600        nan
          CMEMS        EXIC0242 2019     7   2   0    21.033001    62.985199     -10.00     15.100      5.500    303.247        nan        nan     14.800        nan
          CMEMS        EXIC0242 2019     7   2   0    21.033001    62.985199     -16.30     15.000      5.500    312.626        nan        nan     15.800        nan
          CMEMS        EXIC0242 2019     7   2   0    25.198500    60.196201      -0.00        nan        nan        nan        nan        nan        nan      5.000
          CMEMS        EXIC0242 2019     7   2   0    25.083799    60.195000      -0.00        nan        nan        nan        nan        nan        nan      8.600
          CMEMS        EXIC0242 2019     7   2   0    22.320200    60.360199      -1.00     18.500        nan    253.227      0.100      0.400        nan        nan
          CMEMS        EXIC0242 2019     7   2   0    22.320200    60.360199     -10.00     18.300        nan        nan      0.100      0.400        nan        nan
          CMEMS        EXIC0242 2019     7   2   0    22.320200    60.360199     -20.00     13.200        nan    146.934      0.450      1.500        nan        nan
          CMEMS        EXIC0242 2019     7   2   0    22.174200    60.422001      -1.00     18.200        nan    265.732      0.100      0.400        nan        nan
          CMEMS        EXIC0242 2019     7   2   0    22.197800    60.384499      -1.00     19.200        nan    246.974      0.100      0.400        nan        nan
          CMEMS        EXIC0242 2019     7   2   0    24.993799    60.195801      -0.00        nan        nan        nan        nan        nan        nan     22.000
          CMEMS        EXIC0242 2019     7   3   0    22.552500    63.740002      -1.00     14.500      3.200        nan      0.060      0.400        nan        nan
          CMEMS        EXIC0242 2019     7   3   0    24.467300    60.054501      -0.00     17.100        nan        nan        nan        nan        nan      4.800
          CMEMS        EXIC0242 2019     7   4   0    23.263201    59.855999      -0.00      9.800        nan        nan        nan        nan        nan      4.100
          CMEMS        EXIC0242 2019     7   4   0    23.332199    59.920300      -0.00     12.800        nan        nan        nan        nan        nan      6.500
          CMEMS        EXIC0242 2019     7   4   0    23.474501    60.021999      -0.00     18.900        nan        nan        nan        nan        nan      7.700
          CMEMS        EXIC0242 2019     7   4   0    23.402800    59.968498      -0.00     15.200        nan        nan        nan        nan        nan      3.500
          CMEMS        EXIC0242 2019     7   4   0    21.341801    59.805199      -1.00     14.600      6.450    303.247      0.230      0.400     12.300        nan
          CMEMS        EXIC0242 2019     7   4   0    21.341801    59.805199      -5.00     14.500      6.450    303.247      0.260      0.400     12.300        nan
          CMEMS        EXIC0242 2019     7   4   0    21.341801    59.805199     -10.00     14.300      6.450    296.994      0.260      0.400     12.600        nan
          CMEMS        EXIC0242 2019     7   4   0    21.341801    59.805199     -20.00      8.300      6.660    293.868      0.450      0.400     16.500        nan
          CMEMS        EXIC0242 2019     7   4   0    21.341801    59.805199     -40.00      4.500      7.510    265.732      0.970      1.400     21.600        nan
          CMEMS        EXIC0242 2019     7   4   0    21.341801    59.805199     -65.00      4.500      8.000    193.828      1.520      3.800     30.000        nan
          CMEMS        EXIC0354 2019     7   1   9    -6.149000    53.342999      -0.00     14.970     32.740    254.567      1.290      0.700      0.900      0.500
          CMEMS        EXIC0354 2019     7   1   9    -6.149000    53.342999      -6.00     14.520     33.320    267.965      0.420      3.200      0.400      0.500
          CMEMS        EXIC0354 2019     7   1  10    -6.174200    53.343201      -0.00     15.460     32.390    259.033      2.320      0.800      1.800      3.400
          CMEMS        EXIC0354 2019     7   1  10    -6.174200    53.343201      -6.50     14.710     33.360    241.168      0.840      2.500      0.400      1.400
          CMEMS        EXIC0354 2019     7   1  11    -6.210300    53.357300      -0.00     15.720     31.440    267.965      1.840      4.900      2.000      3.000
          CMEMS        EXIC0354 2019     7   1  11    -6.210300    53.357300      -2.60     15.660     32.400    263.499      1.580      6.600      1.500      4.000
          CMEMS        EXIC0354 2019     7   1  11    -6.191200    53.353500      -0.00     14.450     32.300    272.431      1.490      2.000      1.000      4.900
          CMEMS        EXIC0354 2019     7   1  11    -6.191200    53.353500      -3.10     15.130     32.800    263.499      1.230      3.400      0.400      4.000
          CMEMS        EXIC0354 2019     7   1  11    -6.179700    53.359299      -0.00     15.230     32.920    267.965      1.550      1.400      0.400      2.300
          CMEMS        EXIC0354 2019     7   1  11    -6.179700    53.359299      -1.90     15.230     32.950    267.965      1.550      1.400      0.400      2.300
          CMEMS        EXIC0354 2019     7   1  12    -6.195200    53.343800      -0.00     15.940     31.440    267.965      1.190      0.900      1.300      7.300
          CMEMS        EXIC0354 2019     7   1  12    -6.195200    53.343800      -4.60     14.760     33.270    259.033      0.740      8.600      0.400      1.400
          CMEMS        EXIC0354 2019     7   1  13    -6.224800    53.345501      -0.00     16.280     27.110    267.965      1.650      2.600     21.600      3.300
          CMEMS        EXIC0354 2019     7   1  13    -6.224800    53.345501      -7.80     15.210     32.820    259.033      1.230     29.300      0.900      5.900
          CMEMS        EXIC0354 2019     7   1  14    -6.273200    53.345200      -0.00     17.440     11.500    245.634      1.710      2.100     19.100      1.100
          CMEMS        EXIC0354 2019     7   1  14    -6.273200    53.345200      -1.60     16.390     28.870    227.770      2.200    100.000      0.400      8.100
          CMEMS        EXIC0354 2019     7   1  14    -6.251700    53.347801      -0.00     17.360     13.010    245.634      1.810      4.900      0.400      0.500
          CMEMS        EXIC0354 2019     7   1  14    -6.251700    53.347801      -3.00     15.880     32.280    227.770      2.100    100.000      1.700      3.000
          CMEMS        EXIC0354 2019     7   1  14    -6.174200    53.343201      -0.00     16.370     27.370    272.431     11.000      3.000     14.000      1.500
          CMEMS        EXIC0354 2019     7   1  14    -6.174200    53.343201      -4.60     15.260     32.780    254.567      0.710     12.100      0.400      2.400
          CMEMS        EXIC0354 2019     7   1  14    -6.149000    53.342999      -0.00     15.710     32.400        nan      1.290      1.500      0.800      4.500
          CMEMS        EXIC0354 2019     7   2  11    -6.141000    53.452202      -0.00     15.250     33.610    267.965      0.610      2.400      0.400      1.300
          CMEMS        EXIC0354 2019     7   2  11    -6.141000    53.452202      -5.90     15.150     33.600    267.965      0.310      1.800      0.400      0.500
          CMEMS        EXIC0354 2019     7   3   9    -6.115200    53.303299      -0.00     14.590     33.600    276.897      0.190      0.400      0.400      0.500
          CMEMS        EXIC0354 2019     7   3   9    -6.115200    53.303299     -11.20     14.510     33.570    276.897      0.190      0.400      0.400      0.500
          CMEMS        EXIC0354 2019     7   3   9    -6.080200    53.324699      -0.00     14.520     33.640    276.897      0.190      1.400      0.400      0.500
          CMEMS        EXIC0354 2019     7   3   9    -6.080200    53.324699     -13.60     14.380     33.640    276.897      0.190      1.400      0.400      0.500
          CMEMS        EXIC0354 2019     7   3  10    -6.116200    53.331699      -0.00     14.610     33.610    276.897      0.080      0.400      0.400      1.200
          CMEMS        EXIC0354 2019     7   3  10    -6.116200    53.331699     -10.70     14.550     33.600    276.897      0.080      0.400      0.400      1.200
          CMEMS        EXIC0354 2019     7   3  10    -6.076700    53.356499      -0.00     14.720     33.620    281.363      0.190      0.400      0.400      0.500
          CMEMS        EXIC0354 2019     7   3  10    -6.076700    53.356499     -10.20     14.520     33.590    276.897      0.190      0.400      0.400      0.500
          CMEMS        EXIC0354 2019     7   3  11    -6.110800    53.351700      -0.00     14.760     33.610    276.897      0.160      0.400      0.400      1.000
          CMEMS        EXIC0354 2019     7   3  11    -6.110800    53.351700      -8.90     14.550     33.610    276.897      0.190      0.400      0.400      1.200
          CMEMS        EXIC0354 2019     7   3  11    -6.136700    53.349998      -0.00     14.860     33.600    285.829      0.190      0.400      0.400      1.700
          CMEMS        EXIC0354 2019     7   3  11    -6.136700    53.349998      -6.00     14.620     33.580    285.829      0.190      0.400      0.400      1.700
          CMEMS        EXIC0354 2019     7   3  11    -6.149000    53.342999      -0.00     16.150     30.850    254.567      4.200      2.500      5.000      2.400
          CMEMS        EXIC0354 2019     7   3  11    -6.149000    53.342999      -5.70     14.800     33.600    276.897      0.320      9.300      0.400      1.700
          CMEMS        EXIC0354 2019     7   3  12    -6.174200    53.343201      -0.00     17.190     27.720    250.100      7.800      1.000     12.000      1.500
          CMEMS        EXIC0354 2019     7   3  12    -6.174200    53.343201      -5.50     14.840     33.550    254.567      0.770     18.600      0.400      0.500
          CMEMS        EXIC0354 2019     7   3  12    -6.195200    53.343800      -0.00     18.530     32.530    254.567      1.030      1.400      1.200      1.000
          CMEMS        EXIC0354 2019     7   3  12    -6.195200    53.343800     -11.60     14.860     33.490    272.431      0.390      5.100      0.400      0.500
          CMEMS        EXIC0354 2019     7   3  12    -6.224800    53.345501      -0.00     17.010     28.210    267.965      1.030      4.600      3.700      3.500
          CMEMS        EXIC0354 2019     7   3  12    -6.224800    53.345501      -9.20     15.450     32.600    254.567      1.160     17.900      3.700      2.500
          CMEMS        EXIC0354 2019     7   3  13    -6.137000    53.333302      -0.00     15.120     33.600    285.829      0.160      0.400      5.200      2.500
          CMEMS        EXIC0354 2019     7   3  13    -6.137000    53.333302      -7.70     14.620     33.610    281.363      0.160      0.400      5.200      2.500
          CMEMS        EXIC0354 2019     7   3  13    -6.138700    53.318501      -0.00     15.150     33.610    281.363      0.160      0.400      0.400      2.400
          CMEMS        EXIC0354 2019     7   3  13    -6.138700    53.318501      -9.40     14.590     33.620    281.363      0.260      1.600      0.400      1.500
          CMEMS        EXIC0490 2019     7   2  11    18.669001    54.668999      -0.00        nan        nan        nan        nan        nan        nan      3.400
          CMEMS        EXIC0490 2019     7   2  11    18.669001    54.668999      -1.00     17.500      7.300    310.393      0.320      3.800      5.700        nan
          CMEMS        EXIC0490 2019     7   2  11    18.669001    54.668999      -2.00     17.500      7.300    310.393      0.260      2.900      5.400        nan
          CMEMS        EXIC0490 2019     7   2  13    18.558001    54.618999      -0.00        nan        nan        nan        nan        nan        nan      2.500
          CMEMS        EXIC0490 2019     7   2  13    18.558001    54.618999      -1.00     18.100      7.300    313.519      0.260      1.400      5.500        nan
          CMEMS        EXIC0490 2019     7   2  13    18.558001    54.618999     -10.50     17.200      7.300    297.441      0.240      3.100      5.700        nan
          CMEMS        EXIC0490 2019     7   3  10    18.577000    54.483002      -0.00        nan        nan        nan        nan        nan        nan      3.200
          CMEMS        EXIC0490 2019     7   3  10    18.577000    54.483002      -1.00     19.200      7.100    304.140      0.360      3.400      7.400        nan
          CMEMS        EXIC0490 2019     7   3  10    18.577000    54.483002      -5.50     19.000      7.200    313.519      0.340      3.500      5.800        nan
          CMEMS        EXIC0490 2019     7   3  12    18.683001    54.567001      -0.00        nan        nan        nan        nan        nan        nan      3.700
          CMEMS        EXIC0490 2019     7   3  12    18.683001    54.567001      -1.00     16.700      7.300    310.393      0.410      4.000      8.800        nan
          CMEMS        EXIC0490 2019     7   3  12    18.683001    54.567001     -10.00        nan        nan        nan        nan        nan        nan      3.200
          CMEMS        EXIC0490 2019     7   3  12    18.683001    54.567001     -36.00     13.100      7.400    304.140      0.460      3.400      7.200        nan
          CMEMS        EXIC0490 2019     7   3  14    18.572001    54.516998      -0.00        nan        nan        nan        nan        nan        nan      3.400
          CMEMS        EXIC0490 2019     7   3  14    18.572001    54.516998      -1.00     18.700      7.200    291.188      0.700      4.000      7.500        nan
          CMEMS        EXIC0490 2019     7   3  14    18.572001    54.516998      -9.00     18.300      7.200    275.111      0.740      4.100      7.200        nan
          CMEMS        EXIC0490 2019     7   4  10    19.496000    54.416000      -0.00        nan        nan        nan        nan        nan        nan     14.000
          CMEMS        EXIC0490 2019     7   4  10    19.496000    54.416000      -1.00     17.900      6.000    301.014      0.550      3.500      6.200        nan
          CMEMS        EXIC0490 2019     7   4  10    19.496000    54.416000      -4.50     17.500      6.000    304.140      0.610      3.500      6.900        nan
          CMEMS        EXIC0521 2019     7   2  13    23.466700    58.583302      -0.00        nan        nan        nan        nan        nan        nan      3.160
          CMEMS            PBZV 2019     7   1  12     4.404700    52.260700      -1.00     18.900     30.700    233.129      0.100      0.700      0.700      6.100
          CMEMS            PBZV 2019     7   2   2     6.308700    53.953300      -1.00     16.300     33.300    223.751      0.130      0.700      0.900      3.200
          CMEMS            PBZV 2019     7   2   4     6.212700    54.117500      -1.00     15.700     33.600    222.411      0.030      0.700      1.100      2.100
          CMEMS            PBZV 2019     7   2  11     4.765500    53.766800      -1.00     15.800     34.500    229.557      0.110      0.700      1.300      0.430
          CMEMS            PBZV 2019     7   2  13     5.099300    53.460499      -1.00     17.200     33.100    234.023      0.090      0.700      0.700      2.400
          CMEMS            PBZV 2019     7   2  22     3.530000    52.585499      -1.00     16.000     34.700    235.362      0.110      0.700      0.800      0.930
          CMEMS            PBZV 2019     7   3   2     4.173500    52.341000      -1.00     17.800     32.600    233.129      0.130      0.700      0.400      3.900
          CMEMS            PBZV 2019     7   3   2     4.301200    52.301498      -1.00     18.000     32.000    238.042      0.030      0.700      0.400      3.300
          CMEMS            PDPC 2019     7   2   9     4.127000    51.515301      -1.00     21.300     31.100    224.644      1.060      0.700      5.300      1.320
          CMEMS            PDPC 2019     7   2  11     3.720500    51.601501      -1.00     20.000     32.000    231.343      0.320      0.800      2.800      0.950
          CMEMS            PDPC 2019     7   2  13     4.097000    51.644699      -1.00     21.300     29.700    305.480      0.170      0.700      0.900      4.300
          CMEMS            PGBM 2019     7   1  10     4.750000    52.982498      -1.00     18.300     30.300    258.586      0.150      0.700      1.000      2.200
          CMEMS            PGBM 2019     7   1  12     5.032300    53.052799      -1.00     20.500     24.900    257.246      0.120      0.900      1.800      7.200
           ARGO         5905988 2019     7   2  10  -142.869003    50.174000      -3.85     12.072     32.386    296.396        nan        nan        nan      1.634
           ARGO         5905988 2019     7   2  10  -142.869003    50.174000      -5.85     12.073     32.386    296.375        nan        nan        nan      1.709
           ARGO         5905988 2019     7   2  10  -142.869003    50.174000      -7.85     12.072     32.385    296.388        nan        nan        nan      1.683
           ARGO         5905988 2019     7   2  10  -142.869003    50.174000      -9.75     11.975     32.381    298.766        nan        nan        nan      1.734
           ARGO         5905988 2019     7   2  10  -142.869003    50.174000     -11.85     11.557     32.380    302.226        nan        nan        nan      1.972
           ARGO         5905988 2019     7   2  10  -142.869003    50.174000     -13.85     11.449     32.381    301.678        nan        nan        nan      2.224
           ARGO         5905988 2019     7   2  10  -142.869003    50.174000     -15.85     11.404     32.381    300.411        nan        nan        nan      2.385
           ARGO         5905988 2019     7   2  10  -142.869003    50.174000     -17.85     11.344     32.380    299.603        nan        nan        nan      2.615
           ARGO         5905988 2019     7   2  10  -142.869003    50.174000     -19.85     11.310     32.380    298.565        nan        nan        nan      2.580
           ARGO         5905988 2019     7   2  10  -142.869003    50.174000     -21.85     11.264     32.380    297.761        nan        nan        nan      2.643
           ARGO         5905988 2019     7   2  10  -142.869003    50.174000     -23.85     11.221     32.379    296.445        nan        nan        nan      2.620
           ARGO         5905988 2019     7   2  10  -142.869003    50.174000     -26.33        nan        nan    295.061        nan        nan        nan      2.434
           ARGO         5905988 2019     7   2  10  -142.869003    50.174000     -28.15     11.064     32.378    294.066        nan        nan        nan      2.166
           ARGO         5905988 2019     7   2  10  -142.869003    50.174000     -29.65     10.953     32.377    292.444        nan        nan        nan      1.878
           ARGO         5905988 2019     7   2  10  -142.869003    50.174000     -31.85     10.496     32.379    293.124        nan        nan        nan      1.501
           ARGO         5905988 2019     7   2  10  -142.869003    50.174000     -33.75     10.135     32.379    294.941        nan        nan        nan      1.364
           ARGO         5905988 2019     7   2  10  -142.869003    50.174000     -35.85      9.627     32.381    297.681        nan        nan        nan      1.041
           ARGO         5905988 2019     7   2  10  -142.869003    50.174000     -37.85      8.706     32.397    303.299        nan        nan        nan      0.782
           ARGO         5905988 2019     7   2  10  -142.869003    50.174000     -39.85      8.422     32.400    304.189        nan        nan        nan      0.689
           ARGO         5905988 2019     7   2  10  -142.869003    50.174000     -41.85      8.240     32.399    304.337        nan        nan        nan      0.629
           ARGO         5905988 2019     7   2  10  -142.869003    50.174000     -43.85      8.119     32.394    303.532        nan        nan        nan      0.550
           ARGO         5905988 2019     7   2  10  -142.869003    50.174000     -45.85      7.962     32.395    303.072        nan        nan        nan      0.468
           ARGO         5905988 2019     7   2  10  -142.869003    50.174000     -47.85      7.826     32.397    303.179        nan        nan        nan      0.441
           ARGO         5905988 2019     7   2  10  -142.869003    50.174000     -49.95      7.680     32.399    303.441        nan        nan        nan      0.361
           ARGO         5905988 2019     7   2  10  -142.869003    50.174000     -51.85      7.638     32.404    303.138        nan        nan        nan      0.307
           ARGO         5905988 2019     7   2  10  -142.869003    50.174000     -53.85      7.590     32.405    302.561        nan        nan        nan      0.295
           ARGO         5905988 2019     7   2  10  -142.869003    50.174000     -55.85      7.508     32.404    302.198        nan        nan        nan      0.270
           ARGO         5905988 2019     7   2  10  -142.869003    50.174000     -57.85      7.446     32.402    301.838        nan        nan        nan      0.249
           ARGO         5905988 2019     7   2  10  -142.869003    50.174000     -59.85      7.420     32.408    301.436        nan        nan        nan      0.202
           ARGO         5905988 2019     7   2  10  -142.869003    50.174000     -61.85      7.406     32.412    301.132        nan        nan        nan      0.192
           ARGO         5905988 2019     7   2  10  -142.869003    50.174000     -63.85      7.398     32.414    300.831        nan        nan        nan      0.167
           ARGO         5905988 2019     7   2  10  -142.869003    50.174000     -65.75      7.368     32.416    300.472        nan        nan        nan      0.150
           ARGO         5905988 2019     7   2  10  -142.869003    50.174000     -67.85      7.345     32.423    300.462        nan        nan        nan      0.146
           ARGO         5905988 2019     7   2  10  -142.869003    50.174000     -69.85      7.324     32.428    300.492        nan        nan        nan      0.130
           ARGO         5905988 2019     7   2  10  -142.869003    50.174000     -71.85      7.286     32.436    300.540        nan        nan        nan      0.224
           ARGO         5905988 2019     7   2  10  -142.869003    50.174000     -73.85      7.244     32.441    300.835        nan        nan        nan      0.114
           ARGO         5905988 2019     7   2  10  -142.869003    50.174000     -75.95      7.225     32.447    300.702        nan        nan        nan      0.116
           ARGO         5905988 2019     7   2  10  -142.869003    50.174000     -77.85      7.214     32.449    300.102        nan        nan        nan      0.118
           ARGO         5905988 2019     7   2  10  -142.869003    50.174000     -79.85      7.158     32.458    298.566        nan        nan        nan      0.108
           ARGO         5905988 2019     7   2  10  -142.869003    50.174000     -81.85      7.066     32.462    296.054        nan        nan        nan      0.099
           ARGO         5905988 2019     7   2  10  -142.869003    50.174000     -83.75      7.014     32.468    294.205        nan        nan        nan      0.102
           ARGO         5905988 2019     7   2  10  -142.869003    50.174000     -85.85      6.936     32.486    291.938        nan        nan        nan      0.078
           ARGO         5905988 2019     7   2  10  -142.869003    50.174000     -87.85      6.891     32.500    290.651        nan        nan        nan      0.079
           ARGO         5905988 2019     7   2  10  -142.869003    50.174000     -89.85      6.863     32.511    288.836        nan        nan        nan      0.079
           ARGO         5905988 2019     7   2  10  -142.869003    50.174000     -91.85      6.820     32.525    286.866        nan        nan        nan      0.071
           ARGO         5905988 2019     7   2  10  -142.869003    50.174000     -93.85      6.751     32.545    284.625        nan        nan        nan      0.073
           ARGO         5905988 2019     7   2  10  -142.869003    50.174000     -95.85      6.688     32.564    282.027        nan        nan        nan      0.061
           ARGO         5905988 2019     7   2  10  -142.869003    50.174000     -97.95      6.588     32.605    279.264        nan        nan        nan      0.073
           ARGO         5905988 2019     7   2  10  -142.869003    50.174000     -99.85      6.517     32.639    275.553        nan        nan        nan      0.096
           ARGO         5905988 2019     7   2  10  -142.869003    50.174000    -101.85      6.390     32.704    270.835        nan        nan        nan      0.043
           ARGO         5905988 2019     7   2  10  -142.869003    50.174000    -103.85      6.301     32.752    269.365        nan        nan        nan      0.048
           ARGO         5905988 2019     7   2  10  -142.869003    50.174000    -105.85      6.292     32.757    268.327        nan        nan        nan      0.045
           ARGO         5905988 2019     7   2  10  -142.869003    50.174000    -107.95      6.241     32.784    266.207        nan        nan        nan      0.051
           ARGO         5905988 2019     7   2  10  -142.869003    50.174000    -110.04        nan        nan    260.197        nan        nan        nan      0.049
           ARGO         5905988 2019     7   2  10  -142.869003    50.174000    -111.73        nan        nan    257.416        nan        nan        nan      0.041
           ARGO         5905988 2019     7   2  10  -142.869003    50.174000    -113.95        nan        nan    253.199        nan        nan        nan      0.034
           ARGO         5905988 2019     7   2  10  -142.869003    50.174000    -115.20        nan        nan    250.918        nan        nan        nan      0.033
           ARGO         5905988 2019     7   2  10  -142.869003    50.174000    -116.50        nan        nan    248.589        nan        nan        nan      0.031
           ARGO         5905988 2019     7   2  10  -142.869003    50.174000    -117.85      5.879     33.008    246.213        nan        nan        nan      0.027
           ARGO         5905988 2019     7   2  10  -142.869003    50.174000    -119.22        nan        nan    243.514        nan        nan        nan      0.026
           ARGO         5905988 2019     7   2  10  -142.869003    50.174000    -122.34        nan        nan    237.110        nan        nan        nan      0.032
           ARGO         5905988 2019     7   2  10  -142.869003    50.174000    -124.08        nan        nan    234.991        nan        nan        nan      0.024
           ARGO         5905988 2019     7   2  10  -142.869003    50.174000    -125.85      5.594     33.147    233.668        nan        nan        nan      0.022
           ARGO         5905988 2019     7   2  10  -142.869003    50.174000    -127.85      5.595     33.160    231.077        nan        nan        nan      0.020
           ARGO         5905988 2019     7   2  10  -142.869003    50.174000    -129.85      5.605     33.180    226.728        nan        nan        nan      0.016
           ARGO         5905988 2019     7   2  10  -142.869003    50.174000    -131.85      5.577     33.239    221.694        nan        nan        nan      0.026
           ARGO         5905988 2019     7   2  10  -142.869003    50.174000    -133.85      5.543     33.291    216.059        nan        nan        nan      0.015
           ARGO         5905988 2019     7   2  10  -142.869003    50.174000    -135.85      5.508     33.339    210.690        nan        nan        nan      0.019
           ARGO         5905988 2019     7   2  10  -142.869003    50.174000    -137.85      5.485     33.374    204.010        nan        nan        nan      0.014
           ARGO         5905988 2019     7   2  10  -142.869003    50.174000    -139.85      5.355     33.423    198.452        nan        nan        nan      0.023
           ARGO         5905988 2019     7   2  10  -142.869003    50.174000    -141.85      5.263     33.441    195.879        nan        nan        nan      0.014
           ARGO         5905988 2019     7   2  10  -142.869003    50.174000    -143.85      5.242     33.454    192.704        nan        nan        nan      0.014
           ARGO         5905988 2019     7   2  10  -142.869003    50.174000    -145.85      5.248     33.501    189.496        nan        nan        nan      0.022
           ARGO         5905988 2019     7   2  10  -142.869003    50.174000    -147.85      5.251     33.517    187.184        nan        nan        nan      0.016
           ARGO         5905988 2019     7   2  10  -142.869003    50.174000    -149.85      5.242     33.523    183.674        nan        nan        nan      0.023
           ARGO         5905988 2019     7   2  10  -142.869003    50.174000    -153.85      5.232     33.603    177.652        nan        nan        nan      0.021
           ARGO         5905988 2019     7   2  10  -142.869003    50.174000    -163.85      5.251     33.660    169.938        nan        nan        nan      0.011
           ARGO         5905988 2019     7   2  10  -142.869003    50.174000    -181.85      5.068     33.721    156.427        nan        nan        nan      0.070
           ARGO         5905988 2019     7   2  10  -142.869003    50.174000    -249.85      4.519     33.802    109.632        nan        nan        nan      0.056
           ARGO         5905988 2019     7   2  10  -142.869003    50.174000    -261.85      4.488     33.821    101.838        nan        nan        nan      0.012
           ARGO         5905988 2019     7   2  10  -142.869003    50.174000    -267.85      4.473     33.830     99.766        nan        nan        nan      0.011
           ARGO         5905988 2019     7   2  10  -142.869003    50.174000    -275.85      4.471     33.836     96.845        nan        nan        nan      0.017
           ARGO         5905988 2019     7   2  10  -142.869003    50.174000    -287.85      4.450     33.851     90.916        nan        nan        nan      0.011
           ARGO         5905988 2019     7   2  10  -142.869003    50.174000    -291.85      4.431     33.854     89.823        nan        nan        nan      0.011
           ARGO         5905988 2019     7   2  10  -142.869003    50.174000    -293.85      4.440     33.856     89.260        nan        nan        nan      0.011
           ARGO         5905988 2019     7   2  10  -142.869003    50.174000    -297.85      4.444     33.860     88.313        nan        nan        nan      0.012
           ARGO         5905988 2019     7   2  10  -142.869003    50.174000    -303.85      4.415     33.860     86.054        nan        nan        nan      0.011
           ARGO         5905988 2019     7   2  10  -142.869003    50.174000    -307.85      4.377     33.862     84.207        nan        nan        nan      0.014
           ARGO         5905988 2019     7   2  10  -142.869003    50.174000    -309.85      4.358     33.864     83.345        nan        nan        nan      0.012
           ARGO         5905988 2019     7   2  10  -142.869003    50.174000    -311.85      4.358     33.867     82.604        nan        nan        nan      0.014
           ARGO         5905988 2019     7   2  10  -142.869003    50.174000    -321.85      4.388     33.884     78.861        nan        nan        nan      0.011
           ARGO         5905988 2019     7   2  10  -142.869003    50.174000    -325.85      4.389     33.889     77.645        nan        nan        nan      0.011
           ARGO         5905988 2019     7   2  10  -142.869003    50.174000    -379.85      4.108     33.921     62.470        nan        nan        nan      0.013
           ARGO         5905988 2019     7   2  10  -142.869003    50.174000    -387.85      4.106     33.932     60.673        nan        nan        nan      0.011
           ARGO         5905988 2019     7   2  10  -142.869003    50.174000    -407.85      4.117     33.962     56.425        nan        nan        nan      0.021
           ARGO         5905988 2019     7   2  10  -142.869003    50.174000    -535.85      3.954     34.097     38.446        nan        nan        nan      0.052
           ARGO         5905988 2019     7   2  10  -142.869003    50.174000    -599.85      3.809     34.143     32.333        nan        nan        nan      0.011
           ARGO         6902545 2019     7   2   2     2.561000    67.504997     -11.85        nan        nan    310.827        nan        nan        nan      3.175
           ARGO         6902545 2019     7   2   2     2.561000    67.504997     -16.39        nan        nan    309.167        nan        nan        nan      3.132
           ARGO         6902545 2019     7   2   2     2.561000    67.504997     -21.94        nan        nan    307.671        nan        nan        nan      3.040
           ARGO         6902545 2019     7   2   2     2.561000    67.504997     -26.92        nan        nan    306.412        nan        nan        nan      3.059
           ARGO         6902545 2019     7   2   2     2.561000    67.504997     -31.82        nan        nan    302.587        nan        nan        nan      2.664
           ARGO         6902545 2019     7   2   2     2.561000    67.504997     -36.59        nan        nan    297.175        nan        nan        nan      1.121
           ARGO         6902545 2019     7   2   2     2.561000    67.504997     -41.47        nan        nan    299.492        nan        nan        nan      0.307
           ARGO         6902545 2019     7   2   2     2.561000    67.504997     -46.36        nan        nan    299.854        nan        nan        nan      0.226
           ARGO         6902545 2019     7   2   2     2.561000    67.504997     -51.37        nan        nan    300.355        nan        nan        nan      0.175
           ARGO         6902545 2019     7   2   2     2.561000    67.504997     -56.44        nan        nan    300.629        nan        nan        nan      0.153
           ARGO         6902545 2019     7   2   2     2.561000    67.504997     -61.67        nan        nan    299.092        nan        nan        nan      0.109
           ARGO         6902545 2019     7   2   2     2.561000    67.504997     -66.26      7.835     35.106    296.057        nan        nan        nan      0.095
           ARGO         6902545 2019     7   2   2     2.561000    67.504997     -71.65        nan        nan    293.590        nan        nan        nan      0.080
           ARGO         6902545 2019     7   2   2     2.561000    67.504997     -76.12        nan        nan    291.772        nan        nan        nan      0.058
           ARGO         6902545 2019     7   2   2     2.561000    67.504997     -81.61        nan        nan    290.692        nan        nan        nan      0.051
           ARGO         6902545 2019     7   2   2     2.561000    67.504997     -86.13        nan        nan    290.382        nan        nan        nan      0.044
           ARGO         6902545 2019     7   2   2     2.561000    67.504997     -91.75        nan        nan    291.448        nan        nan        nan      0.036
           ARGO         6902545 2019     7   2   2     2.561000    67.504997     -96.58        nan        nan    291.642        nan        nan        nan      0.040
           ARGO         6902545 2019     7   2   2     2.561000    67.504997    -101.31        nan        nan    291.633        nan        nan        nan      0.033
           ARGO         6902545 2019     7   2   2     2.561000    67.504997    -106.02        nan        nan    291.072        nan        nan        nan      0.029
           ARGO         6902545 2019     7   2   2     2.561000    67.504997    -111.88        nan        nan    291.217        nan        nan        nan      0.026
           ARGO         6902545 2019     7   2   2     2.561000    67.504997    -116.63        nan        nan    291.372        nan        nan        nan      0.018
           ARGO         6902545 2019     7   2   2     2.561000    67.504997    -121.36        nan        nan    291.944        nan        nan        nan      0.022
           ARGO         6902545 2019     7   2   2     2.561000    67.504997    -126.26      7.220     35.102    291.144        nan        nan        nan      0.022
           ARGO         6902545 2019     7   2   2     2.561000    67.504997    -130.96        nan        nan    291.343        nan        nan        nan      0.026
           ARGO         6902545 2019     7   2   2     2.561000    67.504997    -136.81        nan        nan    291.974        nan        nan        nan      0.018
           ARGO         6902545 2019     7   2   2     2.561000    67.504997    -141.57        nan        nan    291.240        nan        nan        nan      0.022
           ARGO         6902545 2019     7   2   2     2.561000    67.504997    -146.33        nan        nan    292.027        nan        nan        nan      0.018
           ARGO         6902545 2019     7   2   2     2.561000    67.504997    -151.11        nan        nan    291.556        nan        nan        nan      0.022
           ARGO         6902545 2019     7   2   2     2.561000    67.504997    -160.97        nan        nan    291.681        nan        nan        nan      0.011
           ARGO         6902545 2019     7   2   2     2.561000    67.504997    -166.92        nan        nan    291.339        nan        nan        nan      0.011
           ARGO         6902545 2019     7   2   2     2.561000    67.504997    -176.65        nan        nan    293.156        nan        nan        nan      0.011
           ARGO         6902545 2019     7   2   2     2.561000    67.504997   -1401.35        nan        nan    312.144        nan        nan        nan      0.011
           ARGO         6902545 2019     7   2   2     2.561000    67.504997   -1451.66        nan        nan    312.020        nan        nan        nan      0.011
           ARGO         6903273 2019     6  29   2    -7.522000    66.682999     -21.21        nan        nan    329.543        nan        nan        nan      1.271
           ARGO         6903273 2019     6  29   2    -7.522000    66.682999     -26.27        nan        nan    333.590        nan        nan        nan      1.649
           ARGO         6903273 2019     6  29   2    -7.522000    66.682999     -31.62        nan        nan    332.488        nan        nan        nan      1.562
           ARGO         6903273 2019     6  29   2    -7.522000    66.682999     -36.02        nan        nan    334.049        nan        nan        nan      1.487
           ARGO         6903273 2019     6  29   2    -7.522000    66.682999     -41.09        nan        nan    332.326        nan        nan        nan      1.372
           ARGO         6903273 2019     6  29   2    -7.522000    66.682999     -46.44        nan        nan    329.816        nan        nan        nan      1.224
           ARGO         6903273 2019     6  29   2    -7.522000    66.682999     -51.49        nan        nan    326.807        nan        nan        nan      0.817
           ARGO         6903273 2019     6  29   2    -7.522000    66.682999     -56.55        nan        nan    324.919        nan        nan        nan      0.605
           ARGO         6903273 2019     6  29   2    -7.522000    66.682999     -61.62        nan        nan    325.220        nan        nan        nan      0.428
           ARGO         6903273 2019     6  29   2    -7.522000    66.682999     -66.68        nan        nan    324.170        nan        nan        nan      0.396
           ARGO         6903273 2019     6  29   2    -7.522000    66.682999     -71.34        nan        nan    324.906        nan        nan        nan      0.317
           ARGO         6903273 2019     6  29   2    -7.522000    66.682999     -76.71        nan        nan    324.707        nan        nan        nan      0.230
           ARGO         6903273 2019     6  29   2    -7.522000    66.682999     -81.40        nan        nan    325.146        nan        nan        nan      0.202
           ARGO         6903273 2019     6  29   2    -7.522000    66.682999     -86.02        nan        nan    324.857        nan        nan        nan      0.176
           ARGO         6903273 2019     6  29   2    -7.522000    66.682999     -90.97        nan        nan    325.263        nan        nan        nan      0.119
           ARGO         6903273 2019     6  29   2    -7.522000    66.682999     -96.13        nan        nan    325.552        nan        nan        nan      0.094
           ARGO         6903273 2019     6  29   2    -7.522000    66.682999    -101.14        nan        nan    325.836        nan        nan        nan      0.076
           ARGO         6903273 2019     6  29   2    -7.522000    66.682999    -106.29        nan        nan    326.330        nan        nan        nan      0.058
           ARGO         6903273 2019     6  29   2    -7.522000    66.682999    -111.55        nan        nan    325.677        nan        nan        nan      0.061
           ARGO         6903273 2019     6  29   2    -7.522000    66.682999    -115.82        nan        nan    325.236        nan        nan        nan      0.050
           ARGO         6903273 2019     6  29   2    -7.522000    66.682999    -121.07        nan        nan    323.837        nan        nan        nan      0.040
           ARGO         6903273 2019     6  29   2    -7.522000    66.682999    -125.76        nan        nan    322.969        nan        nan        nan      0.050
           ARGO         6903273 2019     6  29   2    -7.522000    66.682999    -131.19        nan        nan    321.596        nan        nan        nan      0.029
           ARGO         6903273 2019     6  29   2    -7.522000    66.682999    -136.60        nan        nan    319.743        nan        nan        nan      0.022
           ARGO         6903273 2019     6  29   2    -7.522000    66.682999    -141.04        nan        nan    319.193        nan        nan        nan      0.032
           ARGO         6903273 2019     6  29   2    -7.522000    66.682999    -146.58        nan        nan    318.686        nan        nan        nan      0.018
           ARGO         6903273 2019     6  29   2    -7.522000    66.682999    -151.19        nan        nan    315.788        nan        nan        nan      0.018
           ARGO         6903273 2019     6  29   2    -7.522000    66.682999    -156.04        nan        nan    313.120        nan        nan        nan      0.018
           ARGO         6903273 2019     6  29   2    -7.522000    66.682999    -161.63        nan        nan    309.869        nan        nan        nan      0.014
           ARGO         6903273 2019     6  29   2    -7.522000    66.682999    -166.20        nan        nan    307.908        nan        nan        nan      0.014
           ARGO         6903273 2019     6  29   2    -7.522000    66.682999    -178.24        nan        nan    307.493        nan        nan        nan      0.011
           ARGO         6903273 2019     6  29   2    -7.522000    66.682999    -186.41        nan        nan    308.469        nan        nan        nan      0.011
           ARGO         6903273 2019     6  29   2    -7.522000    66.682999    -251.63        nan        nan    307.953        nan        nan        nan      0.011
           ARGO         6903273 2019     6  29   2    -7.522000    66.682999    -261.57        nan        nan    308.554        nan        nan        nan      0.011
           ARGO         6903273 2019     6  29   2    -7.522000    66.682999    -341.29        nan        nan    309.919        nan        nan        nan      0.011
           ARGO         6903273 2019     6  29   2    -7.522000    66.682999    -349.40        nan        nan    310.161        nan        nan        nan      0.011
           ARGO         6903273 2019     6  29   2    -7.522000    66.682999    -361.06        nan        nan    310.282        nan        nan        nan      0.011
           ARGO         6903273 2019     6  29   2    -7.522000    66.682999    -421.69        nan        nan    310.459        nan        nan        nan      0.011
           ARGO         6903273 2019     6  29   2    -7.522000    66.682999    -440.89        nan        nan    310.672        nan        nan        nan      0.011
           ARGO         6903273 2019     6  29   2    -7.522000    66.682999    -501.02        nan        nan    311.392        nan        nan        nan      0.011
           ARGO         6903273 2019     6  29   2    -7.522000    66.682999    -751.75        nan        nan    308.740        nan        nan        nan      0.014
           ARGO         6903273 2019     6  29   2    -7.522000    66.682999   -1101.22        nan        nan    309.415        nan        nan        nan      0.011
           ARGO         6903273 2019     6  29   2    -7.522000    66.682999   -1351.54        nan        nan    306.532        nan        nan        nan      0.011
           ARGO         6903273 2019     6  29   2    -7.522000    66.682999   -1450.96        nan        nan    302.349        nan        nan        nan      0.011
           ARGO         6903273 2019     6  29   2    -7.522000    66.682999   -1551.49        nan        nan    302.104        nan        nan        nan      0.014
           ARGO         6903273 2019     6  29   2    -7.522000    66.682999   -1651.67        nan        nan    301.736        nan        nan        nan      0.014
           ARGO         6903273 2019     6  29   2    -7.522000    66.682999   -1801.23        nan        nan    300.402        nan        nan        nan      0.011
           ARGO         6903273 2019     6  29   2    -7.522000    66.682999   -1851.61        nan        nan    300.073        nan        nan        nan      0.011
           ARGO         6903273 2019     6  29   2    -7.522000    66.682999   -1951.69        nan        nan    297.889        nan        nan        nan      0.011
           ARGO         6903549 2019     6  29  11     0.571780    67.494957     -12.10        nan        nan    301.602        nan        nan        nan      1.455
           ARGO         6903549 2019     6  29  11     0.571780    67.494957     -13.60        nan        nan    301.473        nan        nan        nan      1.454
           ARGO         6903549 2019     6  29  11     0.571780    67.494957     -15.10      8.708     35.022    301.150        nan        nan        nan      1.618
           ARGO         6903549 2019     6  29  11     0.571780    67.494957     -16.50        nan        nan    300.668        nan        nan        nan      1.423
           ARGO         6903549 2019     6  29  11     0.571780    67.494957     -18.10        nan        nan    300.701        nan        nan        nan      1.261
           ARGO         6903549 2019     6  29  11     0.571780    67.494957     -19.70        nan        nan    301.836        nan        nan        nan      1.288
           ARGO         6903549 2019     6  29  11     0.571780    67.494957     -21.50        nan        nan    302.479        nan        nan        nan      0.746
           ARGO         6903549 2019     6  29  11     0.571780    67.494957     -23.20        nan        nan    301.542        nan        nan        nan      0.875
           ARGO         6903549 2019     6  29  11     0.571780    67.494957     -25.00        nan        nan    301.349        nan        nan        nan      0.609
           ARGO         6903549 2019     6  29  11     0.571780    67.494957     -27.00        nan        nan    301.077        nan        nan        nan      0.600
           ARGO         6903549 2019     6  29  11     0.571780    67.494957     -29.00        nan        nan    300.665        nan        nan        nan      0.553
           ARGO         6903549 2019     6  29  11     0.571780    67.494957     -31.10        nan        nan    299.889        nan        nan        nan      0.504
           ARGO         6903549 2019     6  29  11     0.571780    67.494957     -33.30        nan        nan    298.963        nan        nan        nan      0.425
           ARGO         6903549 2019     6  29  11     0.571780    67.494957     -35.50        nan        nan    297.546        nan        nan        nan      0.369
           ARGO         6903549 2019     6  29  11     0.571780    67.494957     -37.70        nan        nan    296.269        nan        nan        nan      0.292
           ARGO         6903549 2019     6  29  11     0.571780    67.494957     -40.00        nan        nan    296.468        nan        nan        nan      0.212
           ARGO         6903549 2019     6  29  11     0.571780    67.494957     -42.30        nan        nan    295.682        nan        nan        nan      0.210
           ARGO         6903549 2019     6  29  11     0.571780    67.494957     -44.70        nan        nan    295.451        nan        nan        nan      0.167
           ARGO         6903549 2019     6  29  11     0.571780    67.494957     -47.00      6.424     34.988    295.629        nan        nan        nan      0.156
           ARGO         6903549 2019     6  29  11     0.571780    67.494957     -49.40        nan        nan    295.564        nan        nan        nan      0.124
           ARGO         6903549 2019     6  29  11     0.571780    67.494957     -51.80        nan        nan    295.408        nan        nan        nan      0.127
           ARGO         6903549 2019     6  29  11     0.571780    67.494957     -54.20        nan        nan    294.896        nan        nan        nan      0.109
           ARGO         6903549 2019     6  29  11     0.571780    67.494957     -56.60        nan        nan    295.079        nan        nan        nan      0.101
           ARGO         6903549 2019     6  29  11     0.571780    67.494957     -59.10        nan        nan    294.747        nan        nan        nan      0.082
           ARGO         6903549 2019     6  29  11     0.571780    67.494957     -61.60        nan        nan    295.235        nan        nan        nan      0.059
           ARGO         6903549 2019     6  29  11     0.571780    67.494957     -64.00        nan        nan    294.512        nan        nan        nan      0.069
           ARGO         6903549 2019     6  29  11     0.571780    67.494957     -66.60        nan        nan    294.826        nan        nan        nan      0.058
           ARGO         6903549 2019     6  29  11     0.571780    67.494957     -69.00      5.717     34.960    294.880        nan        nan        nan      0.054
           ARGO         6903549 2019     6  29  11     0.571780    67.494957     -71.50        nan        nan    295.323        nan        nan        nan      0.041
           ARGO         6903549 2019     6  29  11     0.571780    67.494957     -74.00        nan        nan    295.758        nan        nan        nan      0.050
           ARGO         6903549 2019     6  29  11     0.571780    67.494957     -76.50        nan        nan    295.771        nan        nan        nan      0.033
           ARGO         6903549 2019     6  29  11     0.571780    67.494957     -79.10        nan        nan    296.070        nan        nan        nan      0.029
           ARGO         6903549 2019     6  29  11     0.571780    67.494957     -81.60        nan        nan    296.719        nan        nan        nan      0.029
           ARGO         6903549 2019     6  29  11     0.571780    67.494957     -84.10        nan        nan    297.133        nan        nan        nan      0.029
           ARGO         6903549 2019     6  29  11     0.571780    67.494957     -86.60        nan        nan    297.382        nan        nan        nan      0.022
           ARGO         6903549 2019     6  29  11     0.571780    67.494957     -89.10        nan        nan    297.597        nan        nan        nan      0.023
           ARGO         6903549 2019     6  29  11     0.571780    67.494957     -91.60        nan        nan    297.873        nan        nan        nan      0.031
           ARGO         6903549 2019     6  29  11     0.571780    67.494957     -94.10        nan        nan    298.427        nan        nan        nan      0.015
           ARGO         6903549 2019     6  29  11     0.571780    67.494957     -96.60        nan        nan    298.644        nan        nan        nan      0.022
           ARGO         6903549 2019     6  29  11     0.571780    67.494957     -99.00        nan        nan    298.567        nan        nan        nan      0.022
           ARGO         6903549 2019     6  29  11     0.571780    67.494957    -101.50        nan        nan    298.521        nan        nan        nan      0.022
           ARGO         6903549 2019     6  29  11     0.571780    67.494957    -104.00        nan        nan    298.097        nan        nan        nan      0.022
           ARGO         6903549 2019     6  29  11     0.571780    67.494957    -106.40        nan        nan    297.577        nan        nan        nan      0.018
           ARGO         6903549 2019     6  29  11     0.571780    67.494957    -108.90        nan        nan    296.817        nan        nan        nan      0.015
           ARGO         6903549 2019     6  29  11     0.571780    67.494957    -111.20        nan        nan    296.091        nan        nan        nan      0.018
           ARGO         6903549 2019     6  29  11     0.571780    67.494957    -113.60        nan        nan    295.539        nan        nan        nan      0.011
           ARGO         6903549 2019     6  29  11     0.571780    67.494957    -116.00        nan        nan    295.980        nan        nan        nan      0.015
           ARGO         6903549 2019     6  29  11     0.571780    67.494957    -118.50        nan        nan    295.541        nan        nan        nan      0.015
           ARGO         6903549 2019     6  29  11     0.571780    67.494957    -120.90        nan        nan    296.031        nan        nan        nan      0.017
           ARGO         6903549 2019     6  29  11     0.571780    67.494957    -125.60        nan        nan    296.102        nan        nan        nan      0.015
           ARGO         6903549 2019     6  29  11     0.571780    67.494957    -127.90        nan        nan    296.242        nan        nan        nan      0.015
           ARGO         6903549 2019     6  29  11     0.571780    67.494957    -130.30        nan        nan    296.125        nan        nan        nan      0.014
           ARGO         6903549 2019     6  29  11     0.571780    67.494957    -134.90        nan        nan    295.416        nan        nan        nan      0.011
           ARGO         6903549 2019     6  29  11     0.571780    67.494957    -137.20        nan        nan    294.785        nan        nan        nan      0.011
           ARGO         6903549 2019     6  29  11     0.571780    67.494957    -139.50        nan        nan    294.005        nan        nan        nan      0.011
           ARGO         6903549 2019     6  29  11     0.571780    67.494957    -141.80        nan        nan    292.960        nan        nan        nan      0.014
           ARGO         6903549 2019     6  29  11     0.571780    67.494957    -146.30        nan        nan    291.633        nan        nan        nan      0.011
           ARGO         6903549 2019     6  29  11     0.571780    67.494957    -148.50        nan        nan    290.780        nan        nan        nan      0.011
           ARGO         6903549 2019     6  29  11     0.571780    67.494957    -150.80        nan        nan    290.650        nan        nan        nan      0.011
           ARGO         6903549 2019     6  29  11     0.571780    67.494957    -153.20        nan        nan    290.382        nan        nan        nan      0.018
           ARGO         6903549 2019     6  29  11     0.571780    67.494957    -155.50        nan        nan    290.400        nan        nan        nan      0.011
           ARGO         6903549 2019     6  29  11     0.571780    67.494957    -165.00      4.182     34.930    291.868        nan        nan        nan      0.011
           ARGO         6903549 2019     6  29  11     0.571780    67.494957    -177.50        nan        nan    295.737        nan        nan        nan      0.011
           ARGO         6903549 2019     6  29  11     0.571780    67.494957    -201.60        nan        nan    292.475        nan        nan        nan      0.011
           ARGO         6903549 2019     6  29  11     0.571780    67.494957    -203.50        nan        nan    292.419        nan        nan        nan      0.010
           ARGO         6903549 2019     6  29  11     0.571780    67.494957    -224.20        nan        nan    289.617        nan        nan        nan      0.011
           ARGO         6903549 2019     6  29  11     0.571780    67.494957    -233.80        nan        nan    290.324        nan        nan        nan      0.010
           ARGO         6903549 2019     6  29  11     0.571780    67.494957    -243.60        nan        nan    291.107        nan        nan        nan      0.011
           ARGO         6903549 2019     6  29  11     0.571780    67.494957    -249.80        nan        nan    291.172        nan        nan        nan      0.014
           ARGO         6903549 2019     6  29  11     0.571780    67.494957    -260.10        nan        nan    291.947        nan        nan        nan      0.014
           ARGO         6903549 2019     6  29  11     0.571780    67.494957    -262.20        nan        nan    292.370        nan        nan        nan      0.011
           ARGO         6903549 2019     6  29  11     0.571780    67.494957    -264.20        nan        nan    292.707        nan        nan        nan      0.011
           ARGO         6903549 2019     6  29  11     0.571780    67.494957    -270.30        nan        nan    292.617        nan        nan        nan      0.011
           ARGO         6903549 2019     6  29  11     0.571780    67.494957    -289.10        nan        nan    292.633        nan        nan        nan      0.011
           ARGO         6903549 2019     6  29  11     0.571780    67.494957    -503.40        nan        nan    301.278        nan        nan        nan      0.011
           ARGO         6903549 2019     6  29  11     0.571780    67.494957    -558.60        nan        nan    300.665        nan        nan        nan      0.011
           ARGO         6903549 2019     6  29  11     0.571780    67.494957    -570.10        nan        nan    301.244        nan        nan        nan      0.011
           ARGO         6903549 2019     6  29  11     0.571780    67.494957    -593.40        nan        nan    301.157        nan        nan        nan      0.011
           ARGO         6903549 2019     6  29  11     0.571780    67.494957    -616.40        nan        nan    301.019        nan        nan        nan      0.014
           ARGO         6903549 2019     6  29  11     0.571780    67.494957    -652.40        nan        nan    300.893        nan        nan        nan      0.011
           ARGO         6903549 2019     6  29  11     0.571780    67.494957    -722.60        nan        nan    300.003        nan        nan        nan      0.011
           ARGO         6903549 2019     6  29  11     0.571780    67.494957    -792.50        nan        nan    300.535        nan        nan        nan      0.011
           ARGO         6903549 2019     6  29  11     0.571780    67.494957    -802.10        nan        nan    300.463        nan        nan        nan      0.011
           ARGO         6903549 2019     6  29  11     0.571780    67.494957    -874.50        nan        nan    300.707        nan        nan        nan      0.011
           ARGO         6903549 2019     6  29  11     0.571780    67.494957    -896.80        nan        nan    300.789        nan        nan        nan      0.014
           ARGO         6903549 2019     6  29  11     0.571780    67.494957    -994.90        nan        nan    300.844        nan        nan        nan      0.011
           ARGO         6903549 2019     6  29  11     0.571780    67.494957   -1106.10        nan        nan    300.136        nan        nan        nan      0.011
           ARGO         6903549 2019     6  29  11     0.571780    67.494957   -1354.20        nan        nan    296.382        nan        nan        nan      0.015
           ARGO         6903549 2019     6  29  11     0.571780    67.494957   -1442.40        nan        nan    295.647        nan        nan        nan      0.011
           ARGO         6903549 2019     6  29  11     0.571780    67.494957   -1700.20        nan        nan    293.003        nan        nan        nan      0.015
           ARGO         6903549 2019     6  29  11     0.571780    67.494957   -1734.50        nan        nan    293.433        nan        nan        nan      0.011
           ARGO         6903549 2019     6  29  11     0.571780    67.494957   -1835.90        nan        nan    292.234        nan        nan        nan      0.011
           ARGO         6903549 2019     6  29  11     0.571780    67.494957   -1899.80        nan        nan    291.949        nan        nan        nan      0.015
           ARGO         6903549 2019     6  29  11     0.571780    67.494957   -1915.80        nan        nan    292.476        nan        nan        nan      0.011
           ARGO         6903549 2019     6  29  11     0.571780    67.494957   -1932.80        nan        nan    291.761        nan        nan        nan      0.011
           ARGO         6903549 2019     6  29  11     0.571780    67.494957   -1969.80        nan        nan    292.377        nan        nan        nan      0.011
           ARGO         6903549 2019     7   4  11     0.072520    67.775772     -22.12        nan        nan    299.687        nan        nan        nan      2.197
           ARGO         6903549 2019     7   4  11     0.072520    67.775772     -23.82        nan        nan    298.744        nan        nan        nan      2.238
           ARGO         6903549 2019     7   4  11     0.072520    67.775772     -25.52        nan        nan    298.102        nan        nan        nan      2.224
           ARGO         6903549 2019     7   4  11     0.072520    67.775772     -27.12        nan        nan    297.206        nan        nan        nan      2.076
           ARGO         6903549 2019     7   4  11     0.072520    67.775772     -28.62        nan        nan    296.602        nan        nan        nan      1.917
           ARGO         6903549 2019     7   4  11     0.072520    67.775772     -30.12        nan        nan    296.197        nan        nan        nan      1.663
           ARGO         6903549 2019     7   4  11     0.072520    67.775772     -31.62        nan        nan    296.997        nan        nan        nan      1.046
           ARGO         6903549 2019     7   4  11     0.072520    67.775772     -33.42        nan        nan    299.084        nan        nan        nan      0.770
           ARGO         6903549 2019     7   4  11     0.072520    67.775772     -35.22        nan        nan    298.634        nan        nan        nan      0.654
           ARGO         6903549 2019     7   4  11     0.072520    67.775772     -37.12        nan        nan    298.241        nan        nan        nan      0.559
           ARGO         6903549 2019     7   4  11     0.072520    67.775772     -39.12        nan        nan    298.162        nan        nan        nan      0.435
           ARGO         6903549 2019     7   4  11     0.072520    67.775772     -41.22        nan        nan    297.628        nan        nan        nan      0.372
           ARGO         6903549 2019     7   4  11     0.072520    67.775772     -43.22        nan        nan    297.574        nan        nan        nan      0.306
           ARGO         6903549 2019     7   4  11     0.072520    67.775772     -45.32        nan        nan    297.066        nan        nan        nan      0.264
           ARGO         6903549 2019     7   4  11     0.072520    67.775772     -47.42        nan        nan    296.200        nan        nan        nan      0.241
           ARGO         6903549 2019     7   4  11     0.072520    67.775772     -49.52        nan        nan    295.778        nan        nan        nan      0.172
           ARGO         6903549 2019     7   4  11     0.072520    67.775772     -51.62        nan        nan    295.136        nan        nan        nan      0.141
           ARGO         6903549 2019     7   4  11     0.072520    67.775772     -53.72        nan        nan    294.532        nan        nan        nan      0.130
           ARGO         6903549 2019     7   4  11     0.072520    67.775772     -55.82        nan        nan    293.761        nan        nan        nan      0.117
           ARGO         6903549 2019     7   4  11     0.072520    67.775772     -57.92        nan        nan    293.045        nan        nan        nan      0.115
           ARGO         6903549 2019     7   4  11     0.072520    67.775772     -60.12        nan        nan    292.905        nan        nan        nan      0.100
           ARGO         6903549 2019     7   4  11     0.072520    67.775772     -62.32        nan        nan    292.397        nan        nan        nan      0.105
           ARGO         6903549 2019     7   4  11     0.072520    67.775772     -64.52        nan        nan    291.917        nan        nan        nan      0.076
           ARGO         6903549 2019     7   4  11     0.072520    67.775772     -66.72        nan        nan    291.416        nan        nan        nan      0.065
           ARGO         6903549 2019     7   4  11     0.072520    67.775772     -69.02        nan        nan    290.630        nan        nan        nan      0.054
           ARGO         6903549 2019     7   4  11     0.072520    67.775772     -71.42        nan        nan    290.513        nan        nan        nan      0.043
           ARGO         6903549 2019     7   4  11     0.072520    67.775772     -73.72        nan        nan    290.663        nan        nan        nan      0.036
           ARGO         6903549 2019     7   4  11     0.072520    67.775772     -76.02        nan        nan    291.358        nan        nan        nan      0.037
           ARGO         6903549 2019     7   4  11     0.072520    67.775772     -78.42        nan        nan    291.569        nan        nan        nan      0.042
           ARGO         6903549 2019     7   4  11     0.072520    67.775772     -80.72        nan        nan    291.706        nan        nan        nan      0.033
           ARGO         6903549 2019     7   4  11     0.072520    67.775772     -83.02        nan        nan    291.712        nan        nan        nan      0.033
           ARGO         6903549 2019     7   4  11     0.072520    67.775772     -85.32        nan        nan    292.132        nan        nan        nan      0.036
           ARGO         6903549 2019     7   4  11     0.072520    67.775772     -87.72        nan        nan    292.726        nan        nan        nan      0.031
           ARGO         6903549 2019     7   4  11     0.072520    67.775772     -90.02        nan        nan    293.058        nan        nan        nan      0.022
           ARGO         6903549 2019     7   4  11     0.072520    67.775772     -92.42        nan        nan    293.505        nan        nan        nan      0.022
           ARGO         6903549 2019     7   4  11     0.072520    67.775772     -94.72        nan        nan    293.597        nan        nan        nan      0.022
           ARGO         6903549 2019     7   4  11     0.072520    67.775772     -97.02        nan        nan    294.181        nan        nan        nan      0.024
           ARGO         6903549 2019     7   4  11     0.072520    67.775772     -99.42        nan        nan    294.159        nan        nan        nan      0.015
           ARGO         6903549 2019     7   4  11     0.072520    67.775772    -101.72        nan        nan    294.188        nan        nan        nan      0.018
           ARGO         6903549 2019     7   4  11     0.072520    67.775772    -104.12        nan        nan    294.659        nan        nan        nan      0.015
           ARGO         6903549 2019     7   4  11     0.072520    67.775772    -106.52        nan        nan    295.118        nan        nan        nan      0.015
           ARGO         6903549 2019     7   4  11     0.072520    67.775772    -108.82        nan        nan    295.389        nan        nan        nan      0.015
           ARGO         6903549 2019     7   4  11     0.072520    67.775772    -111.22        nan        nan    295.743        nan        nan        nan      0.022
           ARGO         6903549 2019     7   4  11     0.072520    67.775772    -113.52        nan        nan    295.908        nan        nan        nan      0.025
           ARGO         6903549 2019     7   4  11     0.072520    67.775772    -115.82        nan        nan    295.933        nan        nan        nan      0.020
           ARGO         6903549 2019     7   4  11     0.072520    67.775772    -118.12        nan        nan    295.918        nan        nan        nan      0.012
           ARGO         6903549 2019     7   4  11     0.072520    67.775772    -120.42        nan        nan    296.024        nan        nan        nan      0.019
           ARGO         6903549 2019     7   4  11     0.072520    67.775772    -122.62        nan        nan    296.077        nan        nan        nan      0.020
           ARGO         6903549 2019     7   4  11     0.072520    67.775772    -131.72        nan        nan    296.747        nan        nan        nan      0.015
           ARGO         6903549 2019     7   4  11     0.072520    67.775772    -133.92        nan        nan    296.711        nan        nan        nan      0.015
           ARGO         6903549 2019     7   4  11     0.072520    67.775772    -136.22        nan        nan    295.982        nan        nan        nan      0.015
           ARGO         6903549 2019     7   4  11     0.072520    67.775772    -138.42        nan        nan    295.914        nan        nan        nan      0.018
           ARGO         6903549 2019     7   4  11     0.072520    67.775772    -140.82        nan        nan    296.613        nan        nan        nan      0.014
           ARGO         6903549 2019     7   4  11     0.072520    67.775772    -143.12        nan        nan    296.708        nan        nan        nan      0.010
           ARGO         6903549 2019     7   4  11     0.072520    67.775772    -150.02        nan        nan    295.769        nan        nan        nan      0.014
           ARGO         6903549 2019     7   4  11     0.072520    67.775772    -152.22        nan        nan    295.488        nan        nan        nan      0.011
           ARGO         6903549 2019     7   4  11     0.072520    67.775772    -154.52        nan        nan    295.856        nan        nan        nan      0.011
           ARGO         6903549 2019     7   4  11     0.072520    67.775772    -156.92        nan        nan    296.029        nan        nan        nan      0.014
           ARGO         6903549 2019     7   4  11     0.072520    67.775772    -168.52        nan        nan    296.647        nan        nan        nan      0.011
           ARGO         6903549 2019     7   4  11     0.072520    67.775772    -170.92        nan        nan    296.657        nan        nan        nan      0.014
           ARGO         6903549 2019     7   4  11     0.072520    67.775772    -177.82        nan        nan    297.438        nan        nan        nan      0.014
           ARGO         6903549 2019     7   4  11     0.072520    67.775772    -186.32        nan        nan    297.038        nan        nan        nan      0.014
           ARGO         6903549 2019     7   4  11     0.072520    67.775772    -206.40        nan        nan    296.023        nan        nan        nan      0.011
           ARGO         6903549 2019     7   4  11     0.072520    67.775772    -209.90        nan        nan    295.324        nan        nan        nan      0.011
           ARGO         6903549 2019     7   4  11     0.072520    67.775772    -215.20        nan        nan    294.212        nan        nan        nan      0.010
           ARGO         6903549 2019     7   4  11     0.072520    67.775772    -227.60        nan        nan    288.956        nan        nan        nan      0.011
           ARGO         6903549 2019     7   4  11     0.072520    67.775772    -231.30        nan        nan    288.613        nan        nan        nan      0.011
           ARGO         6903549 2019     7   4  11     0.072520    67.775772    -236.70        nan        nan    288.726        nan        nan        nan      0.014
           ARGO         6903549 2019     7   4  11     0.072520    67.775772    -240.50        nan        nan    288.792        nan        nan        nan      0.011
           ARGO         6903549 2019     7   4  11     0.072520    67.775772    -246.20        nan        nan    289.483        nan        nan        nan      0.011
           ARGO         6903549 2019     7   4  11     0.072520    67.775772    -250.10        nan        nan    289.819        nan        nan        nan      0.011
           ARGO         6903549 2019     7   4  11     0.072520    67.775772    -264.60        nan        nan    289.492        nan        nan        nan      0.010
           ARGO         6903549 2019     7   4  11     0.072520    67.775772    -268.80        nan        nan    289.810        nan        nan        nan      0.011
           ARGO         6903549 2019     7   4  11     0.072520    67.775772    -273.00        nan        nan    289.936        nan        nan        nan      0.011
           ARGO         6903549 2019     7   4  11     0.072520    67.775772    -322.10        nan        nan    292.551        nan        nan        nan      0.014
           ARGO         6903549 2019     7   4  11     0.072520    67.775772    -344.20        nan        nan    293.681        nan        nan        nan      0.014
           ARGO         6903549 2019     7   4  11     0.072520    67.775772    -415.30        nan        nan    298.826        nan        nan        nan      0.014
           ARGO         6903549 2019     7   4  11     0.072520    67.775772    -434.10        nan        nan    299.094        nan        nan        nan      0.011
           ARGO         6903549 2019     7   4  11     0.072520    67.775772    -513.10        nan        nan    301.563        nan        nan        nan      0.014
           ARGO         6903549 2019     7   4  11     0.072520    67.775772    -543.00        nan        nan    302.176        nan        nan        nan      0.011
           ARGO         6903549 2019     7   4  11     0.072520    67.775772    -563.60        nan        nan    302.058        nan        nan        nan      0.014
           ARGO         6903549 2019     7   4  11     0.072520    67.775772    -616.50        nan        nan    300.814        nan        nan        nan      0.014
           ARGO         6903549 2019     7   4  11     0.072520    67.775772    -689.40        nan        nan    300.719        nan        nan        nan      0.011
           ARGO         6903549 2019     7   4  11     0.072520    67.775772    -697.40        nan        nan    300.195        nan        nan        nan      0.014
           ARGO         6903549 2019     7   4  11     0.072520    67.775772    -722.50        nan        nan    300.252        nan        nan        nan      0.011
           ARGO         6903549 2019     7   4  11     0.072520    67.775772    -769.20        nan        nan    299.886        nan        nan        nan      0.011
           ARGO         6903549 2019     7   4  11     0.072520    67.775772    -822.60        nan        nan    300.508        nan        nan        nan      0.011
           ARGO         6903549 2019     7   4  11     0.072520    67.775772    -868.80        nan        nan    300.609        nan        nan        nan      0.011
           ARGO         6903549 2019     7   4  11     0.072520    67.775772    -967.40        nan        nan    300.660        nan        nan        nan      0.011
           ARGO         6903549 2019     7   4  11     0.072520    67.775772   -1083.20        nan        nan    300.627        nan        nan        nan      0.011
           ARGO         6903549 2019     7   4  11     0.072520    67.775772   -1094.30        nan        nan    300.759        nan        nan        nan      0.015
           ARGO         6903549 2019     7   4  11     0.072520    67.775772   -1140.80        nan        nan    299.406        nan        nan        nan      0.011
           ARGO         6903549 2019     7   4  11     0.072520    67.775772   -1422.40        nan        nan    296.319        nan        nan        nan      0.014
           ARGO         6903549 2019     7   4  11     0.072520    67.775772   -1483.50        nan        nan    295.208        nan        nan        nan      0.015
           ARGO         6903549 2019     7   4  11     0.072520    67.775772   -1501.80        nan        nan    295.376        nan        nan        nan      0.011
           ARGO         6903549 2019     7   4  11     0.072520    67.775772   -1585.60        nan        nan    294.676        nan        nan        nan      0.011
           ARGO         6903549 2019     7   4  11     0.072520    67.775772   -1608.80        nan        nan    294.336        nan        nan        nan      0.011
           ARGO         6903549 2019     7   4  11     0.072520    67.775772   -1742.70        nan        nan    293.542        nan        nan        nan      0.015
           ARGO         6903549 2019     7   4  11     0.072520    67.775772   -1784.80        nan        nan    292.472        nan        nan        nan      0.011
           ARGO         6903549 2019     7   4  11     0.072520    67.775772   -1872.30        nan        nan    293.084        nan        nan        nan      0.011
           ARGO         6903549 2019     7   4  11     0.072520    67.775772   -1907.60        nan        nan    292.868        nan        nan        nan      0.011
           ARGO         6903549 2019     7   4  11     0.072520    67.775772   -1946.30        nan        nan    291.771        nan        nan        nan      0.011
           ARGO         6903549 2019     7   4  11     0.072520    67.775772   -1966.40        nan        nan    292.491        nan        nan        nan      0.011
           ARGO         6903550 2019     6  30  11     0.633210    69.641899      -9.20        nan        nan    319.057        nan        nan        nan      0.824
           ARGO         6903550 2019     6  30  11     0.633210    69.641899     -11.00      5.962     35.058    317.314        nan        nan        nan      0.820
           ARGO         6903550 2019     6  30  11     0.633210    69.641899     -12.60        nan        nan    316.081        nan        nan        nan      0.801
           ARGO         6903550 2019     6  30  11     0.633210    69.641899     -14.40        nan        nan    314.995        nan        nan        nan      0.693
           ARGO         6903550 2019     6  30  11     0.633210    69.641899     -16.10        nan        nan    313.633        nan        nan        nan      0.684
           ARGO         6903550 2019     6  30  11     0.633210    69.641899     -17.80        nan        nan    312.379        nan        nan        nan      0.678
           ARGO         6903550 2019     6  30  11     0.633210    69.641899     -19.60        nan        nan    310.766        nan        nan        nan      0.575
           ARGO         6903550 2019     6  30  11     0.633210    69.641899     -21.40        nan        nan    308.867        nan        nan        nan      0.479
           ARGO         6903550 2019     6  30  11     0.633210    69.641899     -23.20        nan        nan    307.065        nan        nan        nan      0.407
           ARGO         6903550 2019     6  30  11     0.633210    69.641899     -25.10        nan        nan    306.156        nan        nan        nan      0.295
           ARGO         6903550 2019     6  30  11     0.633210    69.641899     -27.00        nan        nan    305.713        nan        nan        nan      0.196
           ARGO         6903550 2019     6  30  11     0.633210    69.641899     -28.80        nan        nan    305.309        nan        nan        nan      0.156
           ARGO         6903550 2019     6  30  11     0.633210    69.641899     -30.80        nan        nan    304.985        nan        nan        nan      0.141
           ARGO         6903550 2019     6  30  11     0.633210    69.641899     -32.80        nan        nan    304.558        nan        nan        nan      0.146
           ARGO         6903550 2019     6  30  11     0.633210    69.641899     -34.90        nan        nan    304.047        nan        nan        nan      0.138
           ARGO         6903550 2019     6  30  11     0.633210    69.641899     -37.00        nan        nan    303.564        nan        nan        nan      0.118
           ARGO         6903550 2019     6  30  11     0.633210    69.641899     -39.20        nan        nan    303.095        nan        nan        nan      0.118
           ARGO         6903550 2019     6  30  11     0.633210    69.641899     -41.40        nan        nan    302.687        nan        nan        nan      0.113
           ARGO         6903550 2019     6  30  11     0.633210    69.641899     -43.50        nan        nan    302.189        nan        nan        nan      0.106
           ARGO         6903550 2019     6  30  11     0.633210    69.641899     -45.90        nan        nan    301.545        nan        nan        nan      0.106
           ARGO         6903550 2019     6  30  11     0.633210    69.641899     -48.10        nan        nan    301.229        nan        nan        nan      0.078
           ARGO         6903550 2019     6  30  11     0.633210    69.641899     -50.30        nan        nan    300.904        nan        nan        nan      0.055
           ARGO         6903550 2019     6  30  11     0.633210    69.641899     -52.60        nan        nan    300.612        nan        nan        nan      0.046
           ARGO         6903550 2019     6  30  11     0.633210    69.641899     -54.80        nan        nan    300.522        nan        nan        nan      0.041
           ARGO         6903550 2019     6  30  11     0.633210    69.641899     -57.00      5.007     35.071    300.463        nan        nan        nan      0.040
           ARGO         6903550 2019     6  30  11     0.633210    69.641899     -59.20        nan        nan    300.374        nan        nan        nan      0.040
           ARGO         6903550 2019     6  30  11     0.633210    69.641899     -61.40        nan        nan    300.309        nan        nan        nan      0.031
           ARGO         6903550 2019     6  30  11     0.633210    69.641899     -63.70        nan        nan    300.194        nan        nan        nan      0.040
           ARGO         6903550 2019     6  30  11     0.633210    69.641899     -66.00        nan        nan    300.113        nan        nan        nan      0.033
           ARGO         6903550 2019     6  30  11     0.633210    69.641899     -68.20        nan        nan    299.996        nan        nan        nan      0.028
           ARGO         6903550 2019     6  30  11     0.633210    69.641899     -70.50        nan        nan    299.911        nan        nan        nan      0.022
           ARGO         6903550 2019     6  30  11     0.633210    69.641899     -72.80        nan        nan    299.911        nan        nan        nan      0.023
           ARGO         6903550 2019     6  30  11     0.633210    69.641899     -75.10        nan        nan    299.883        nan        nan        nan      0.019
           ARGO         6903550 2019     6  30  11     0.633210    69.641899     -77.40        nan        nan    299.930        nan        nan        nan      0.015
           ARGO         6903550 2019     6  30  11     0.633210    69.641899     -79.70        nan        nan    299.863        nan        nan        nan      0.017
           ARGO         6903550 2019     6  30  11     0.633210    69.641899     -82.00        nan        nan    299.849        nan        nan        nan      0.016
           ARGO         6903550 2019     6  30  11     0.633210    69.641899     -84.30        nan        nan    299.856        nan        nan        nan      0.015
           ARGO         6903550 2019     6  30  11     0.633210    69.641899     -86.60        nan        nan    299.846        nan        nan        nan      0.019
           ARGO         6903550 2019     6  30  11     0.633210    69.641899     -89.00      4.963     35.072    299.826        nan        nan        nan      0.015
           ARGO         6903550 2019     6  30  11     0.633210    69.641899     -91.30        nan        nan    299.820        nan        nan        nan      0.011
           ARGO         6903550 2019     6  30  11     0.633210    69.641899     -93.60        nan        nan    299.784        nan        nan        nan      0.011
           ARGO         6903550 2019     6  30  11     0.633210    69.641899     -96.00        nan        nan    299.761        nan        nan        nan      0.013
           ARGO         6903550 2019     6  30  11     0.633210    69.641899     -98.20        nan        nan    299.814        nan        nan        nan      0.015
           ARGO         6903550 2019     6  30  11     0.633210    69.641899    -101.22        nan        nan    299.789        nan        nan        nan      0.013
           ARGO         6903550 2019     6  30  11     0.633210    69.641899    -105.72        nan        nan    299.820        nan        nan        nan      0.012
           ARGO         6903550 2019     6  30  11     0.633210    69.641899    -107.32        nan        nan    299.784        nan        nan        nan      0.011
           ARGO         6903550 2019     6  30  11     0.633210    69.641899    -110.52        nan        nan    299.771        nan        nan        nan      0.015
           ARGO         6903550 2019     6  30  11     0.633210    69.641899    -112.12        nan        nan    299.787        nan        nan        nan      0.013
           ARGO         6903550 2019     6  30  11     0.633210    69.641899    -113.62        nan        nan    299.791        nan        nan        nan      0.014
           ARGO         6903550 2019     6  30  11     0.633210    69.641899    -115.32        nan        nan    299.783        nan        nan        nan      0.017
           ARGO         6903550 2019     6  30  11     0.633210    69.641899    -116.92        nan        nan    299.769        nan        nan        nan      0.015
           ARGO         6903550 2019     6  30  11     0.633210    69.641899    -118.52        nan        nan    299.785        nan        nan        nan      0.015
           ARGO         6903550 2019     6  30  11     0.633210    69.641899    -120.12        nan        nan    299.800        nan        nan        nan      0.012
           ARGO         6903550 2019     6  30  11     0.633210    69.641899    -123.42        nan        nan    299.783        nan        nan        nan      0.012
           ARGO         6903550 2019     6  30  11     0.633210    69.641899    -125.02        nan        nan    299.800        nan        nan        nan      0.012
           ARGO         6903550 2019     6  30  11     0.633210    69.641899    -135.02        nan        nan    299.700        nan        nan        nan      0.012
           ARGO         6903550 2019     6  30  11     0.633210    69.641899    -136.72        nan        nan    299.688        nan        nan        nan      0.014
           ARGO         6903550 2019     6  30  11     0.633210    69.641899    -140.12        nan        nan    299.663        nan        nan        nan      0.014
           ARGO         6903550 2019     6  30  11     0.633210    69.641899    -141.82        nan        nan    299.642        nan        nan        nan      0.017
           ARGO         6903550 2019     6  30  11     0.633210    69.641899    -143.52        nan        nan    299.655        nan        nan        nan      0.013
           ARGO         6903550 2019     6  30  11     0.633210    69.641899    -214.82        nan        nan    299.049        nan        nan        nan      0.012
           ARGO         6903550 2019     6  30  11     0.633210    69.641899    -216.62        nan        nan    299.019        nan        nan        nan      0.011
           ARGO         6903550 2019     6  30  11     0.633210    69.641899    -225.92        nan        nan        nan        nan        nan        nan      0.010
           ARGO         6903550 2019     6  30  11     0.633210    69.641899    -227.82        nan        nan    298.966        nan        nan        nan      0.010
           ARGO         6903550 2019     6  30  11     0.633210    69.641899    -237.32        nan        nan    299.035        nan        nan        nan      0.011
           ARGO         6903550 2019     6  30  11     0.633210    69.641899    -245.12        nan        nan    299.061        nan        nan        nan      0.011
           ARGO         6903550 2019     6  30  11     0.633210    69.641899    -275.80        nan        nan    298.891        nan        nan        nan      0.011
           ARGO         6903550 2019     6  30  11     0.633210    69.641899    -277.90        nan        nan    298.919        nan        nan        nan      0.012
           ARGO         6903550 2019     6  30  11     0.633210    69.641899    -414.12        nan        nan    298.348        nan        nan        nan      0.011
           ARGO         6903550 2019     6  30  11     0.633210    69.641899    -608.40        nan        nan    297.950        nan        nan        nan      0.011
           ARGO         6903550 2019     6  30  11     0.633210    69.641899    -869.20        nan        nan    297.346        nan        nan        nan      0.014
           ARGO         6903550 2019     6  30  11     0.633210    69.641899   -1141.60        nan        nan    295.033        nan        nan        nan      0.011
           ARGO         6903550 2019     6  30  11     0.633210    69.641899   -1158.00        nan        nan    295.291        nan        nan        nan      0.011
           ARGO         6903550 2019     6  30  11     0.633210    69.641899   -1210.30        nan        nan    299.103        nan        nan        nan      0.011
           ARGO         6903550 2019     6  30  11     0.633210    69.641899   -1229.70        nan        nan    300.779        nan        nan        nan      0.011
           ARGO         6903550 2019     6  30  11     0.633210    69.641899   -1292.50        nan        nan    301.897        nan        nan        nan      0.011
           ARGO         6903550 2019     6  30  11     0.633210    69.641899   -1591.20        nan        nan    301.444        nan        nan        nan      0.011
           ARGO         6903550 2019     6  30  11     0.633210    69.641899   -1636.10        nan        nan    301.199        nan        nan        nan      0.011
           ARGO         6903550 2019     6  30  11     0.633210    69.641899   -1773.10        nan        nan    300.489        nan        nan        nan      0.011
           ARGO         6903550 2019     6  30  11     0.633210    69.641899   -1815.10        nan        nan    300.134        nan        nan        nan      0.011
           ARGO         6903550 2019     6  30  11     0.633210    69.641899   -1837.20        nan        nan    299.840        nan        nan        nan      0.011
           ARGO         6903550 2019     6  30  11     0.633210    69.641899   -1860.20        nan        nan    299.683        nan        nan        nan      0.018
           ARGO         6903550 2019     6  30  11     0.633210    69.641899   -1883.70        nan        nan    299.365        nan        nan        nan      0.015
           ARGO         6903550 2019     6  30  11     0.633210    69.641899   -1908.37        nan        nan    299.100        nan        nan        nan      0.011
           ARGO         6903550 2019     6  30  11     0.633210    69.641899   -1946.90        nan        nan    298.304        nan        nan        nan      0.014
           ARGO         6903551 2019     6  29  11    -2.028240    75.393692     -24.70        nan        nan    342.931        nan        nan        nan      0.138
           ARGO         6903551 2019     6  29  11    -2.028240    75.393692     -27.10        nan        nan    338.853        nan        nan        nan      0.295
           ARGO         6903551 2019     6  29  11    -2.028240    75.393692     -29.70        nan        nan    334.975        nan        nan        nan      0.515
           ARGO         6903551 2019     6  29  11    -2.028240    75.393692     -32.90        nan        nan    335.253        nan        nan        nan      1.305
           ARGO         6903551 2019     6  29  11    -2.028240    75.393692     -36.30        nan        nan    336.524        nan        nan        nan      1.708
           ARGO         6903551 2019     6  29  11    -2.028240    75.393692     -39.90        nan        nan    335.382        nan        nan        nan      1.619
           ARGO         6903551 2019     6  29  11    -2.028240    75.393692     -43.50        nan        nan    333.955        nan        nan        nan      1.910
           ARGO         6903551 2019     6  29  11    -2.028240    75.393692     -47.10        nan        nan    333.101        nan        nan        nan      1.774
           ARGO         6903551 2019     6  29  11    -2.028240    75.393692     -50.70        nan        nan    332.661        nan        nan        nan      1.830
           ARGO         6903551 2019     6  29  11    -2.028240    75.393692     -54.40        nan        nan    332.347        nan        nan        nan      0.627
           ARGO         6903551 2019     6  29  11    -2.028240    75.393692     -58.00        nan        nan    331.956        nan        nan        nan      0.419
           ARGO         6903551 2019     6  29  11    -2.028240    75.393692     -61.50        nan        nan    331.632        nan        nan        nan      0.271
           ARGO         6903551 2019     6  29  11    -2.028240    75.393692     -64.90      0.678     34.889    331.695        nan        nan        nan      0.165
           ARGO         6903551 2019     6  29  11    -2.028240    75.393692     -68.40        nan        nan    331.816        nan        nan        nan      0.143
           ARGO         6903551 2019     6  29  11    -2.028240    75.393692     -71.60        nan        nan    331.617        nan        nan        nan      0.398
           ARGO         6903551 2019     6  29  11    -2.028240    75.393692     -74.80        nan        nan    331.247        nan        nan        nan      0.280
           ARGO         6903551 2019     6  29  11    -2.028240    75.393692     -78.00        nan        nan    330.552        nan        nan        nan      0.157
           ARGO         6903551 2019     6  29  11    -2.028240    75.393692     -80.90      0.775     34.908    329.511        nan        nan        nan      0.166
           ARGO         6903551 2019     6  29  11    -2.028240    75.393692     -83.90        nan        nan    328.798        nan        nan        nan      0.185
           ARGO         6903551 2019     6  29  11    -2.028240    75.393692     -86.70        nan        nan    328.321        nan        nan        nan      0.125
           ARGO         6903551 2019     6  29  11    -2.028240    75.393692     -89.50        nan        nan    328.369        nan        nan        nan      0.130
           ARGO         6903551 2019     6  29  11    -2.028240    75.393692     -92.10        nan        nan    327.691        nan        nan        nan      0.126
           ARGO         6903551 2019     6  29  11    -2.028240    75.393692     -94.70        nan        nan    326.799        nan        nan        nan      0.232
           ARGO         6903551 2019     6  29  11    -2.028240    75.393692     -97.30        nan        nan    325.915        nan        nan        nan      0.117
           ARGO         6903551 2019     6  29  11    -2.028240    75.393692     -99.70        nan        nan    326.019        nan        nan        nan      0.124
           ARGO         6903551 2019     6  29  11    -2.028240    75.393692    -102.20        nan        nan    326.048        nan        nan        nan      0.121
           ARGO         6903551 2019     6  29  11    -2.028240    75.393692    -104.60        nan        nan    325.861        nan        nan        nan      0.128
           ARGO         6903551 2019     6  29  11    -2.028240    75.393692    -107.00        nan        nan    325.597        nan        nan        nan      0.212
           ARGO         6903551 2019     6  29  11    -2.028240    75.393692    -109.40        nan        nan    325.059        nan        nan        nan      0.208
           ARGO         6903551 2019     6  29  11    -2.028240    75.393692    -111.80        nan        nan    325.005        nan        nan        nan      0.113
           ARGO         6903551 2019     6  29  11    -2.028240    75.393692    -114.10        nan        nan    324.798        nan        nan        nan      0.115
           ARGO         6903551 2019     6  29  11    -2.028240    75.393692    -116.50        nan        nan    324.407        nan        nan        nan      0.143
           ARGO         6903551 2019     6  29  11    -2.028240    75.393692    -118.80        nan        nan    323.937        nan        nan        nan      0.113
           ARGO         6903551 2019     6  29  11    -2.028240    75.393692    -121.20        nan        nan    323.723        nan        nan        nan      0.114
           ARGO         6903551 2019     6  29  11    -2.028240    75.393692    -123.60        nan        nan    323.619        nan        nan        nan      0.123
           ARGO         6903551 2019     6  29  11    -2.028240    75.393692    -125.90        nan        nan    323.547        nan        nan        nan      0.117
           ARGO         6903551 2019     6  29  11    -2.028240    75.393692    -128.20        nan        nan    323.556        nan        nan        nan      0.117
           ARGO         6903551 2019     6  29  11    -2.028240    75.393692    -129.90        nan        nan    323.754        nan        nan        nan      0.117
           ARGO         6903551 2019     6  29  11    -2.028240    75.393692    -131.30        nan        nan    324.153        nan        nan        nan      0.113
           ARGO         6903551 2019     6  29  11    -2.028240    75.393692    -132.90        nan        nan    324.244        nan        nan        nan      0.113
           ARGO         6903551 2019     6  29  11    -2.028240    75.393692    -134.40        nan        nan    324.494        nan        nan        nan      0.109
           ARGO         6903551 2019     6  29  11    -2.028240    75.393692    -135.90        nan        nan    324.639        nan        nan        nan      0.109
           ARGO         6903551 2019     6  29  11    -2.028240    75.393692    -137.50        nan        nan    324.804        nan        nan        nan      0.464
           ARGO         6903551 2019     6  29  11    -2.028240    75.393692    -139.10        nan        nan    325.122        nan        nan        nan      0.106
           ARGO         6903551 2019     6  29  11    -2.028240    75.393692    -140.70        nan        nan    325.174        nan        nan        nan      0.109
           ARGO         6903551 2019     6  29  11    -2.028240    75.393692    -142.30        nan        nan    325.244        nan        nan        nan      0.109
           ARGO         6903551 2019     6  29  11    -2.028240    75.393692    -144.00        nan        nan    325.054        nan        nan        nan      0.099
           ARGO         6903551 2019     6  29  11    -2.028240    75.393692    -145.60        nan        nan    324.786        nan        nan        nan      0.106
           ARGO         6903551 2019     6  29  11    -2.028240    75.393692    -147.30        nan        nan    324.882        nan        nan        nan      0.106
           ARGO         6903551 2019     6  29  11    -2.028240    75.393692    -149.00      0.340     34.913    325.230        nan        nan        nan      0.110
           ARGO         6903551 2019     6  29  11    -2.028240    75.393692    -150.70        nan        nan    325.479        nan        nan        nan      0.124
           ARGO         6903551 2019     6  29  11    -2.028240    75.393692    -152.40        nan        nan    325.686        nan        nan        nan      0.150
           ARGO         6903551 2019     6  29  11    -2.028240    75.393692    -154.20        nan        nan    326.027        nan        nan        nan      0.113
           ARGO         6903551 2019     6  29  11    -2.028240    75.393692    -156.00        nan        nan    326.157        nan        nan        nan      0.112
           ARGO         6903551 2019     6  29  11    -2.028240    75.393692    -157.70        nan        nan    326.423        nan        nan        nan      0.146
           ARGO         6903551 2019     6  29  11    -2.028240    75.393692    -159.60        nan        nan    326.698        nan        nan        nan      0.109
           ARGO         6903551 2019     6  29  11    -2.028240    75.393692    -161.40        nan        nan    327.043        nan        nan        nan      0.103
           ARGO         6903551 2019     6  29  11    -2.028240    75.393692    -163.30        nan        nan    327.326        nan        nan        nan      0.113
           ARGO         6903551 2019     6  29  11    -2.028240    75.393692    -165.00        nan        nan    327.495        nan        nan        nan      0.109
           ARGO         6903551 2019     6  29  11    -2.028240    75.393692    -167.00        nan        nan    327.803        nan        nan        nan      0.103
           ARGO         6903551 2019     6  29  11    -2.028240    75.393692    -168.80        nan        nan    327.773        nan        nan        nan      0.105
           ARGO         6903551 2019     6  29  11    -2.028240    75.393692    -170.70        nan        nan    327.864        nan        nan        nan      0.098
           ARGO         6903551 2019     6  29  11    -2.028240    75.393692    -172.50        nan        nan    328.132        nan        nan        nan      0.095
           ARGO         6903551 2019     6  29  11    -2.028240    75.393692    -174.40        nan        nan    328.150        nan        nan        nan      0.095
           ARGO         6903551 2019     6  29  11    -2.028240    75.393692    -176.20        nan        nan    328.059        nan        nan        nan      0.092
           ARGO         6903551 2019     6  29  11    -2.028240    75.393692    -178.00        nan        nan    327.918        nan        nan        nan      0.098
           ARGO         6903551 2019     6  29  11    -2.028240    75.393692    -180.00        nan        nan    327.788        nan        nan        nan      0.096
           ARGO         6903551 2019     6  29  11    -2.028240    75.393692    -181.80        nan        nan    327.536        nan        nan        nan      0.102
           ARGO         6903551 2019     6  29  11    -2.028240    75.393692    -183.70        nan        nan    327.395        nan        nan        nan      0.091
           ARGO         6903551 2019     6  29  11    -2.028240    75.393692    -185.70        nan        nan    327.582        nan        nan        nan      0.078
           ARGO         6903551 2019     6  29  11    -2.028240    75.393692    -187.50        nan        nan    328.033        nan        nan        nan      0.087
           ARGO         6903551 2019     6  29  11    -2.028240    75.393692    -189.40        nan        nan    327.731        nan        nan        nan      0.080
           ARGO         6903551 2019     6  29  11    -2.028240    75.393692    -191.30        nan        nan    327.485        nan        nan        nan      0.084
           ARGO         6903551 2019     6  29  11    -2.028240    75.393692    -193.20        nan        nan    326.995        nan        nan        nan      0.087
           ARGO         6903551 2019     6  29  11    -2.028240    75.393692    -195.10      0.267     34.921    326.441        nan        nan        nan      0.080
           ARGO         6903551 2019     6  29  11    -2.028240    75.393692    -197.00        nan        nan    326.257        nan        nan        nan      0.077
           ARGO         6903551 2019     6  29  11    -2.028240    75.393692    -198.90      0.261     34.922    326.234        nan        nan        nan      0.077
           ARGO         6903551 2019     6  29  11    -2.028240    75.393692    -200.80        nan        nan    326.156        nan        nan        nan      0.080
           ARGO         6903551 2019     6  29  11    -2.028240    75.393692    -202.70        nan        nan    326.350        nan        nan        nan      0.084
           ARGO         6903551 2019     6  29  11    -2.028240    75.393692    -204.70        nan        nan    326.321        nan        nan        nan      0.080
           ARGO         6903551 2019     6  29  11    -2.028240    75.393692    -206.60        nan        nan    326.037        nan        nan        nan      0.077
           ARGO         6903551 2019     6  29  11    -2.028240    75.393692    -208.50        nan        nan    325.656        nan        nan        nan      0.076
           ARGO         6903551 2019     6  29  11    -2.028240    75.393692    -210.40        nan        nan    325.720        nan        nan        nan      0.069
           ARGO         6903551 2019     6  29  11    -2.028240    75.393692    -212.30        nan        nan    325.910        nan        nan        nan      0.059
           ARGO         6903551 2019     6  29  11    -2.028240    75.393692    -214.20        nan        nan    326.508        nan        nan        nan      0.066
           ARGO         6903551 2019     6  29  11    -2.028240    75.393692    -216.10        nan        nan    326.819        nan        nan        nan      0.073
           ARGO         6903551 2019     6  29  11    -2.028240    75.393692    -218.00        nan        nan    326.541        nan        nan        nan      0.066
           ARGO         6903551 2019     6  29  11    -2.028240    75.393692    -219.90        nan        nan    326.003        nan        nan        nan      0.066
           ARGO         6903551 2019     6  29  11    -2.028240    75.393692    -221.90        nan        nan    326.086        nan        nan        nan      0.066
           ARGO         6903551 2019     6  29  11    -2.028240    75.393692    -223.90        nan        nan    327.185        nan        nan        nan      0.065
           ARGO         6903551 2019     6  29  11    -2.028240    75.393692    -225.80        nan        nan    327.931        nan        nan        nan      0.055
           ARGO         6903551 2019     6  29  11    -2.028240    75.393692    -227.70        nan        nan    328.071        nan        nan        nan      0.058
           ARGO         6903551 2019     6  29  11    -2.028240    75.393692    -229.60        nan        nan    328.066        nan        nan        nan      0.052
           ARGO         6903551 2019     6  29  11    -2.028240    75.393692    -231.60        nan        nan    327.998        nan        nan        nan      0.062
           ARGO         6903551 2019     6  29  11    -2.028240    75.393692    -233.60        nan        nan    327.984        nan        nan        nan      0.058
           ARGO         6903551 2019     6  29  11    -2.028240    75.393692    -235.40        nan        nan    328.031        nan        nan        nan      0.051
           ARGO         6903551 2019     6  29  11    -2.028240    75.393692    -237.40        nan        nan    328.019        nan        nan        nan      0.055
           ARGO         6903551 2019     6  29  11    -2.028240    75.393692    -239.40        nan        nan    327.841        nan        nan        nan      0.055
           ARGO         6903551 2019     6  29  11    -2.028240    75.393692    -241.40        nan        nan    327.842        nan        nan        nan      0.051
           ARGO         6903551 2019     6  29  11    -2.028240    75.393692    -243.30        nan        nan    327.890        nan        nan        nan      0.051
           ARGO         6903551 2019     6  29  11    -2.028240    75.393692    -245.30        nan        nan    327.741        nan        nan        nan      0.058
           ARGO         6903551 2019     6  29  11    -2.028240    75.393692    -247.20        nan        nan    327.529        nan        nan        nan      0.051
           ARGO         6903551 2019     6  29  11    -2.028240    75.393692    -249.30        nan        nan    327.374        nan        nan        nan      0.054
           ARGO         6903551 2019     6  29  11    -2.028240    75.393692    -251.30        nan        nan    327.044        nan        nan        nan      0.048
           ARGO         6903551 2019     6  29  11    -2.028240    75.393692    -253.40        nan        nan    326.888        nan        nan        nan      0.054
           ARGO         6903551 2019     6  29  11    -2.028240    75.393692    -255.40        nan        nan    326.863        nan        nan        nan      0.047
           ARGO         6903551 2019     6  29  11    -2.028240    75.393692    -257.40        nan        nan    326.863        nan        nan        nan      0.044
           ARGO         6903551 2019     6  29  11    -2.028240    75.393692    -259.40        nan        nan    327.010        nan        nan        nan      0.047
           ARGO         6903551 2019     6  29  11    -2.028240    75.393692    -261.50        nan        nan    326.967        nan        nan        nan      0.052
           ARGO         6903551 2019     6  29  11    -2.028240    75.393692    -263.50        nan        nan    327.004        nan        nan        nan      0.058
           ARGO         6903551 2019     6  29  11    -2.028240    75.393692    -265.60        nan        nan    327.057        nan        nan        nan      0.058
           ARGO         6903551 2019     6  29  11    -2.028240    75.393692    -267.70        nan        nan    326.926        nan        nan        nan      0.055
           ARGO         6903551 2019     6  29  11    -2.028240    75.393692    -269.70        nan        nan    326.988        nan        nan        nan      0.058
           ARGO         6903551 2019     6  29  11    -2.028240    75.393692    -271.90        nan        nan    326.955        nan        nan        nan      0.054
           ARGO         6903551 2019     6  29  11    -2.028240    75.393692    -273.90        nan        nan    326.793        nan        nan        nan      0.047
           ARGO         6903551 2019     6  29  11    -2.028240    75.393692    -276.00        nan        nan    326.751        nan        nan        nan      0.048
           ARGO         6903551 2019     6  29  11    -2.028240    75.393692    -278.10        nan        nan    326.451        nan        nan        nan      0.055
           ARGO         6903551 2019     6  29  11    -2.028240    75.393692    -280.30        nan        nan    326.028        nan        nan        nan      0.047
           ARGO         6903551 2019     6  29  11    -2.028240    75.393692    -282.40        nan        nan    325.748        nan        nan        nan      0.047
           ARGO         6903551 2019     6  29  11    -2.028240    75.393692    -284.50        nan        nan    325.554        nan        nan        nan      0.047
           ARGO         6903551 2019     6  29  11    -2.028240    75.393692    -286.70        nan        nan    325.676        nan        nan        nan      0.048
           ARGO         6903551 2019     6  29  11    -2.028240    75.393692    -288.90        nan        nan    325.990        nan        nan        nan      0.051
           ARGO         6903551 2019     6  29  11    -2.028240    75.393692    -291.10      0.183     34.924    326.098        nan        nan        nan      0.051
           ARGO         6903551 2019     6  29  11    -2.028240    75.393692    -293.30        nan        nan    325.946        nan        nan        nan      0.054
           ARGO         6903551 2019     6  29  11    -2.028240    75.393692    -295.40        nan        nan    325.886        nan        nan        nan      0.048
           ARGO         6903551 2019     6  29  11    -2.028240    75.393692    -297.60        nan        nan    326.167        nan        nan        nan      0.051
           ARGO         6903551 2019     6  29  11    -2.028240    75.393692    -306.00        nan        nan    325.763        nan        nan        nan      0.044
           ARGO         6903551 2019     6  29  11    -2.028240    75.393692    -317.20        nan        nan    325.946        nan        nan        nan      0.037
           ARGO         6903551 2019     6  29  11    -2.028240    75.393692    -328.70        nan        nan    326.436        nan        nan        nan      0.047
           ARGO         6903551 2019     6  29  11    -2.028240    75.393692    -340.50        nan        nan    326.091        nan        nan        nan      0.044
           ARGO         6903551 2019     6  29  11    -2.028240    75.393692    -352.30        nan        nan    326.142        nan        nan        nan      0.051
           ARGO         6903551 2019     6  29  11    -2.028240    75.393692    -364.70        nan        nan    325.429        nan        nan        nan      0.037
           ARGO         6903551 2019     6  29  11    -2.028240    75.393692    -374.40        nan        nan    325.282        nan        nan        nan      0.040
           ARGO         6903551 2019     6  29  11    -2.028240    75.393692    -382.10        nan        nan    325.729        nan        nan        nan      0.033
           ARGO         6903551 2019     6  29  11    -2.028240    75.393692    -390.10        nan        nan    326.638        nan        nan        nan      0.033
           ARGO         6903551 2019     6  29  11    -2.028240    75.393692    -398.40        nan        nan    326.923        nan        nan        nan      0.044
           ARGO         6903551 2019     6  29  11    -2.028240    75.393692    -406.80        nan        nan    326.499        nan        nan        nan      0.033
           ARGO         6903551 2019     6  29  11    -2.028240    75.393692    -415.30        nan        nan    326.155        nan        nan        nan      0.044
           ARGO         6903551 2019     6  29  11    -2.028240    75.393692    -424.00        nan        nan    325.910        nan        nan        nan      0.036
           ARGO         6903551 2019     6  29  11    -2.028240    75.393692    -432.80        nan        nan    326.048        nan        nan        nan      0.047
           ARGO         6903551 2019     6  29  11    -2.028240    75.393692    -441.80        nan        nan    325.923        nan        nan        nan      0.033
           ARGO         6903551 2019     6  29  11    -2.028240    75.393692    -450.90        nan        nan    325.996        nan        nan        nan      0.033
           ARGO         6903551 2019     6  29  11    -2.028240    75.393692    -460.10        nan        nan    326.209        nan        nan        nan      0.040
           ARGO         6903551 2019     6  29  11    -2.028240    75.393692    -469.30        nan        nan    326.074        nan        nan        nan      0.033
           ARGO         6903551 2019     6  29  11    -2.028240    75.393692    -478.80        nan        nan    326.210        nan        nan        nan      0.022
           ARGO         6903551 2019     6  29  11    -2.028240    75.393692    -488.40        nan        nan    326.571        nan        nan        nan      0.026
           ARGO         6903551 2019     6  29  11    -2.028240    75.393692    -498.10        nan        nan    326.544        nan        nan        nan      0.029
           ARGO         6903551 2019     6  29  11    -2.028240    75.393692    -508.00        nan        nan    326.519        nan        nan        nan      0.025
           ARGO         6903551 2019     6  29  11    -2.028240    75.393692    -518.00        nan        nan    326.110        nan        nan        nan      0.022
           ARGO         6903551 2019     6  29  11    -2.028240    75.393692    -528.20        nan        nan    325.503        nan        nan        nan      0.033
           ARGO         6903551 2019     6  29  11    -2.028240    75.393692    -538.60        nan        nan    325.451        nan        nan        nan      0.026
           ARGO         6903551 2019     6  29  11    -2.028240    75.393692    -549.30        nan        nan    325.711        nan        nan        nan      0.026
           ARGO         6903551 2019     6  29  11    -2.028240    75.393692    -560.00        nan        nan    325.636        nan        nan        nan      0.029
           ARGO         6903551 2019     6  29  11    -2.028240    75.393692    -570.80        nan        nan    325.829        nan        nan        nan      0.029
           ARGO         6903551 2019     6  29  11    -2.028240    75.393692    -581.80        nan        nan    325.510        nan        nan        nan      0.022
           ARGO         6903551 2019     6  29  11    -2.028240    75.393692    -593.00     -0.082     34.916    325.354        nan        nan        nan      0.018
           ARGO         6903551 2019     6  29  11    -2.028240    75.393692    -604.50        nan        nan    325.799        nan        nan        nan      0.022
           ARGO         6903551 2019     6  29  11    -2.028240    75.393692    -616.30        nan        nan    325.920        nan        nan        nan      0.022
           ARGO         6903551 2019     6  29  11    -2.028240    75.393692    -628.30        nan        nan    326.557        nan        nan        nan      0.025
           ARGO         6903551 2019     6  29  11    -2.028240    75.393692    -642.27        nan        nan    326.990        nan        nan        nan      0.018
           ARGO         6903551 2019     6  29  11    -2.028240    75.393692    -652.90        nan        nan    326.916        nan        nan        nan      0.018
           ARGO         6903551 2019     6  29  11    -2.028240    75.393692    -662.10        nan        nan    327.036        nan        nan        nan      0.022
           ARGO         6903551 2019     6  29  11    -2.028240    75.393692    -670.30        nan        nan    327.000        nan        nan        nan      0.022
           ARGO         6903551 2019     6  29  11    -2.028240    75.393692    -678.80        nan        nan    327.006        nan        nan        nan      0.025
           ARGO         6903551 2019     6  29  11    -2.028240    75.393692    -687.40        nan        nan    326.795        nan        nan        nan      0.022
           ARGO         6903551 2019     6  29  11    -2.028240    75.393692    -696.10        nan        nan    326.712        nan        nan        nan      0.018
           ARGO         6903551 2019     6  29  11    -2.028240    75.393692    -705.10     -0.096     34.916    326.658        nan        nan        nan      0.015
           ARGO         6903551 2019     6  29  11    -2.028240    75.393692    -714.30        nan        nan    326.571        nan        nan        nan      0.018
           ARGO         6903551 2019     6  29  11    -2.028240    75.393692    -723.80        nan        nan    326.546        nan        nan        nan      0.018
           ARGO         6903551 2019     6  29  11    -2.028240    75.393692    -733.50        nan        nan    326.453        nan        nan        nan      0.025
           ARGO         6903551 2019     6  29  11    -2.028240    75.393692    -743.30        nan        nan    326.168        nan        nan        nan      0.022
           ARGO         6903551 2019     6  29  11    -2.028240    75.393692    -753.50        nan        nan    326.081        nan        nan        nan      0.018
           ARGO         6903551 2019     6  29  11    -2.028240    75.393692    -764.00        nan        nan    326.014        nan        nan        nan      0.018
           ARGO         6903551 2019     6  29  11    -2.028240    75.393692    -774.50        nan        nan    325.683        nan        nan        nan      0.015
           ARGO         6903551 2019     6  29  11    -2.028240    75.393692    -785.40        nan        nan    325.690        nan        nan        nan      0.011
           ARGO         6903551 2019     6  29  11    -2.028240    75.393692    -796.40        nan        nan    325.643        nan        nan        nan      0.018
           ARGO         6903551 2019     6  29  11    -2.028240    75.393692    -807.60        nan        nan    325.587        nan        nan        nan      0.012
           ARGO         6903551 2019     6  29  11    -2.028240    75.393692    -819.00        nan        nan    325.583        nan        nan        nan      0.044
           ARGO         6903551 2019     6  29  11    -2.028240    75.393692    -830.80        nan        nan    325.380        nan        nan        nan      0.018
           ARGO         6903551 2019     6  29  11    -2.028240    75.393692    -842.80        nan        nan    325.335        nan        nan        nan      0.022
           ARGO         6903551 2019     6  29  11    -2.028240    75.393692    -854.90        nan        nan    325.351        nan        nan        nan      0.011
           ARGO         6903551 2019     6  29  11    -2.028240    75.393692    -865.40        nan        nan    325.202        nan        nan        nan      0.018
           ARGO         6903551 2019     6  29  11    -2.028240    75.393692    -873.00     -0.173     34.913    324.933        nan        nan        nan      0.018
           ARGO         6903551 2019     6  29  11    -2.028240    75.393692    -880.80        nan        nan    324.592        nan        nan        nan      0.011
           ARGO         6903551 2019     6  29  11    -2.028240    75.393692    -888.90        nan        nan    324.468        nan        nan        nan      0.015
           ARGO         6903551 2019     6  29  11    -2.028240    75.393692    -897.10        nan        nan    324.427        nan        nan        nan      0.011
           ARGO         6903551 2019     6  29  11    -2.028240    75.393692    -905.60        nan        nan    324.419        nan        nan        nan      0.015
           ARGO         6903551 2019     6  29  11    -2.028240    75.393692    -915.22        nan        nan    324.487        nan        nan        nan      0.014
           ARGO         6903551 2019     6  29  11    -2.028240    75.393692    -946.92        nan        nan    324.132        nan        nan        nan      0.013
           ARGO         6903551 2019     6  29  11    -2.028240    75.393692    -956.32        nan        nan    323.749        nan        nan        nan      0.012
           ARGO         6903551 2019     6  29  11    -2.028240    75.393692    -966.22        nan        nan    323.391        nan        nan        nan      0.011
           ARGO         6903551 2019     6  29  11    -2.028240    75.393692    -986.32        nan        nan    323.154        nan        nan        nan      0.012
           ARGO         6903551 2019     6  29  11    -2.028240    75.393692    -996.72        nan        nan    323.398        nan        nan        nan      0.015
           ARGO         6903551 2019     6  29  11    -2.028240    75.393692   -1007.32        nan        nan    322.329        nan        nan        nan      0.012
           ARGO         6903551 2019     6  29  11    -2.028240    75.393692   -1029.12        nan        nan    324.969        nan        nan        nan      0.012
           ARGO         6903551 2019     6  29  11    -2.028240    75.393692   -1040.22        nan        nan    324.845        nan        nan        nan      0.031
           ARGO         6903551 2019     6  29  11    -2.028240    75.393692   -1051.42        nan        nan    324.340        nan        nan        nan      0.024
           ARGO         6903551 2019     6  29  11    -2.028240    75.393692   -1063.22        nan        nan    323.778        nan        nan        nan      0.015
           ARGO         6903551 2019     6  29  11    -2.028240    75.393692   -1132.00        nan        nan    320.047        nan        nan        nan      0.011
           ARGO         6903551 2019     6  29  11    -2.028240    75.393692   -1148.90        nan        nan    319.864        nan        nan        nan      0.014
           ARGO         6903551 2019     6  29  11    -2.028240    75.393692   -1184.70        nan        nan    320.207        nan        nan        nan      0.022
           ARGO         6903551 2019     6  29  11    -2.028240    75.393692   -1204.00        nan        nan    320.435        nan        nan        nan      0.142
           ARGO         6903551 2019     6  29  11    -2.028240    75.393692   -1223.90        nan        nan    320.535        nan        nan        nan      0.011
           ARGO         6903551 2019     6  29  11    -2.028240    75.393692   -1266.20        nan        nan    319.599        nan        nan        nan      0.011
           ARGO         6903551 2019     6  29  11    -2.028240    75.393692   -1288.50        nan        nan    319.886        nan        nan        nan      0.011
           ARGO         6903551 2019     6  29  11    -2.028240    75.393692   -1311.50        nan        nan    319.628        nan        nan        nan      0.015
           ARGO         6903551 2019     6  29  11    -2.028240    75.393692   -1360.00        nan        nan    317.321        nan        nan        nan      0.015
           ARGO         6903551 2019     6  29  11    -2.028240    75.393692   -1380.60        nan        nan    316.464        nan        nan        nan      0.018
           ARGO         6903551 2019     6  29  11    -2.028240    75.393692   -1432.10        nan        nan    315.742        nan        nan        nan      0.018
           ARGO         6903551 2019     6  29  11    -2.028240    75.393692   -1489.70        nan        nan    314.615        nan        nan        nan      0.015
           ARGO         6903551 2019     6  29  11    -2.028240    75.393692   -1510.10        nan        nan    314.140        nan        nan        nan      0.018
           ARGO         6903551 2019     6  29  11    -2.028240    75.393692   -1531.60        nan        nan    313.884        nan        nan        nan      0.011
           ARGO         6903551 2019     6  29  11    -2.028240    75.393692   -1576.90        nan        nan    313.429        nan        nan        nan      0.011
           ARGO         6903551 2019     6  29  11    -2.028240    75.393692   -1602.60        nan        nan    313.852        nan        nan        nan      0.011
           ARGO         6903551 2019     6  29  11    -2.028240    75.393692   -1636.90        nan        nan    313.788        nan        nan        nan      0.011
           ARGO         6903551 2019     6  29  11    -2.028240    75.393692   -1708.80        nan        nan    313.836        nan        nan        nan      0.018
           ARGO         6903551 2019     6  29  11    -2.028240    75.393692   -1749.70        nan        nan    312.368        nan        nan        nan      0.011
           ARGO         6903551 2019     6  29  11    -2.028240    75.393692   -1899.00        nan        nan    309.094        nan        nan        nan      0.011
           ARGO         6903551 2019     6  29  11    -2.028240    75.393692   -1916.20        nan        nan    308.549        nan        nan        nan      0.015
           ARGO         6903551 2019     6  29  11    -2.028240    75.393692   -1934.10        nan        nan    307.968        nan        nan        nan      0.011
           ARGO         6903551 2019     6  29  11    -2.028240    75.393692   -1952.70        nan        nan    307.107        nan        nan        nan      0.015
           ARGO         6903551 2019     6  29  11    -2.028240    75.393692   -1989.64        nan        nan    302.772        nan        nan        nan      0.018
           ARGO         6903551 2019     7   4  11    -0.926750    75.367844     -24.40        nan        nan    343.287        nan        nan        nan      0.252
           ARGO         6903551 2019     7   4  11    -0.926750    75.367844     -26.60        nan        nan    342.963        nan        nan        nan      0.255
           ARGO         6903551 2019     7   4  11    -0.926750    75.367844     -28.80        nan        nan    342.483        nan        nan        nan      0.315
           ARGO         6903551 2019     7   4  11    -0.926750    75.367844     -31.00      2.937     34.830    341.452        nan        nan        nan      0.360
           ARGO         6903551 2019     7   4  11    -0.926750    75.367844     -33.30        nan        nan    340.046        nan        nan        nan      0.667
           ARGO         6903551 2019     7   4  11    -0.926750    75.367844     -35.50        nan        nan    338.432        nan        nan        nan      0.803
           ARGO         6903551 2019     7   4  11    -0.926750    75.367844     -37.80        nan        nan    336.418        nan        nan        nan      1.031
           ARGO         6903551 2019     7   4  11    -0.926750    75.367844     -39.90        nan        nan    334.011        nan        nan        nan      0.724
           ARGO         6903551 2019     7   4  11    -0.926750    75.367844     -41.90        nan        nan    331.238        nan        nan        nan      0.876
           ARGO         6903551 2019     7   4  11    -0.926750    75.367844     -44.00        nan        nan    328.910        nan        nan        nan      0.672
           ARGO         6903551 2019     7   4  11    -0.926750    75.367844     -46.00        nan        nan    326.887        nan        nan        nan      0.748
           ARGO         6903551 2019     7   4  11    -0.926750    75.367844     -48.40        nan        nan    328.346        nan        nan        nan      1.124
           ARGO         6903551 2019     7   4  11    -0.926750    75.367844     -50.70        nan        nan    329.363        nan        nan        nan      0.868
           ARGO         6903551 2019     7   4  11    -0.926750    75.367844     -52.90      0.806     34.874    329.517        nan        nan        nan      1.039
           ARGO         6903551 2019     7   4  11    -0.926750    75.367844     -55.20        nan        nan    329.015        nan        nan        nan      0.676
           ARGO         6903551 2019     7   4  11    -0.926750    75.367844     -57.50        nan        nan    328.927        nan        nan        nan      0.303
           ARGO         6903551 2019     7   4  11    -0.926750    75.367844     -59.80        nan        nan    328.367        nan        nan        nan      0.142
           ARGO         6903551 2019     7   4  11    -0.926750    75.367844     -62.00        nan        nan    327.766        nan        nan        nan      0.106
           ARGO         6903551 2019     7   4  11    -0.926750    75.367844     -64.20        nan        nan    327.363        nan        nan        nan      0.110
           ARGO         6903551 2019     7   4  11    -0.926750    75.367844     -66.50        nan        nan    326.672        nan        nan        nan      0.113
           ARGO         6903551 2019     7   4  11    -0.926750    75.367844     -68.80        nan        nan    325.945        nan        nan        nan      0.116
           ARGO         6903551 2019     7   4  11    -0.926750    75.367844     -71.00        nan        nan    325.895        nan        nan        nan      0.106
           ARGO         6903551 2019     7   4  11    -0.926750    75.367844     -73.30        nan        nan    325.951        nan        nan        nan      0.103
           ARGO         6903551 2019     7   4  11    -0.926750    75.367844     -75.60        nan        nan    325.952        nan        nan        nan      0.110
           ARGO         6903551 2019     7   4  11    -0.926750    75.367844     -77.70        nan        nan    325.955        nan        nan        nan      0.113
           ARGO         6903551 2019     7   4  11    -0.926750    75.367844     -80.00        nan        nan    325.886        nan        nan        nan      0.133
           ARGO         6903551 2019     7   4  11    -0.926750    75.367844     -82.20        nan        nan    325.721        nan        nan        nan      0.109
           ARGO         6903551 2019     7   4  11    -0.926750    75.367844     -84.40        nan        nan    325.528        nan        nan        nan      0.102
           ARGO         6903551 2019     7   4  11    -0.926750    75.367844     -86.70        nan        nan    325.670        nan        nan        nan      0.105
           ARGO         6903551 2019     7   4  11    -0.926750    75.367844     -89.00        nan        nan    325.612        nan        nan        nan      0.103
           ARGO         6903551 2019     7   4  11    -0.926750    75.367844     -91.20        nan        nan    325.376        nan        nan        nan      0.114
           ARGO         6903551 2019     7   4  11    -0.926750    75.367844     -93.50        nan        nan    325.273        nan        nan        nan      0.130
           ARGO         6903551 2019     7   4  11    -0.926750    75.367844     -95.70        nan        nan    324.995        nan        nan        nan      0.113
           ARGO         6903551 2019     7   4  11    -0.926750    75.367844     -98.00        nan        nan    324.780        nan        nan        nan      0.109
           ARGO         6903551 2019     7   4  11    -0.926750    75.367844    -100.30        nan        nan    324.743        nan        nan        nan      0.106
           ARGO         6903551 2019     7   4  11    -0.926750    75.367844    -102.70        nan        nan    324.681        nan        nan        nan      0.103
           ARGO         6903551 2019     7   4  11    -0.926750    75.367844    -105.00        nan        nan    324.616        nan        nan        nan      0.105
           ARGO         6903551 2019     7   4  11    -0.926750    75.367844    -107.30        nan        nan    324.556        nan        nan        nan      0.100
           ARGO         6903551 2019     7   4  11    -0.926750    75.367844    -109.60        nan        nan    324.452        nan        nan        nan      0.109
           ARGO         6903551 2019     7   4  11    -0.926750    75.367844    -112.00        nan        nan    324.327        nan        nan        nan      0.102
           ARGO         6903551 2019     7   4  11    -0.926750    75.367844    -114.20        nan        nan    324.340        nan        nan        nan      0.102
           ARGO         6903551 2019     7   4  11    -0.926750    75.367844    -116.60        nan        nan    324.508        nan        nan        nan      0.088
           ARGO         6903551 2019     7   4  11    -0.926750    75.367844    -119.00      0.407     34.917    324.572        nan        nan        nan      0.094
           ARGO         6903551 2019     7   4  11    -0.926750    75.367844    -121.20        nan        nan    325.024        nan        nan        nan      0.084
           ARGO         6903551 2019     7   4  11    -0.926750    75.367844    -123.10        nan        nan    325.155        nan        nan        nan      0.088
           ARGO         6903551 2019     7   4  11    -0.926750    75.367844    -124.60        nan        nan    325.336        nan        nan        nan      0.091
           ARGO         6903551 2019     7   4  11    -0.926750    75.367844    -126.10        nan        nan    325.408        nan        nan        nan      0.087
           ARGO         6903551 2019     7   4  11    -0.926750    75.367844    -127.50        nan        nan    325.510        nan        nan        nan      0.084
           ARGO         6903551 2019     7   4  11    -0.926750    75.367844    -129.00        nan        nan    325.555        nan        nan        nan      0.084
           ARGO         6903551 2019     7   4  11    -0.926750    75.367844    -130.60        nan        nan    325.745        nan        nan        nan      0.081
           ARGO         6903551 2019     7   4  11    -0.926750    75.367844    -132.20        nan        nan    325.968        nan        nan        nan      0.098
           ARGO         6903551 2019     7   4  11    -0.926750    75.367844    -133.70        nan        nan    326.070        nan        nan        nan      0.084
           ARGO         6903551 2019     7   4  11    -0.926750    75.367844    -135.20        nan        nan    326.191        nan        nan        nan      0.077
           ARGO         6903551 2019     7   4  11    -0.926750    75.367844    -136.90        nan        nan    326.220        nan        nan        nan      0.080
           ARGO         6903551 2019     7   4  11    -0.926750    75.367844    -138.50        nan        nan    326.581        nan        nan        nan      0.076
           ARGO         6903551 2019     7   4  11    -0.926750    75.367844    -140.10        nan        nan    326.659        nan        nan        nan      0.070
           ARGO         6903551 2019     7   4  11    -0.926750    75.367844    -141.70        nan        nan    326.851        nan        nan        nan      0.080
           ARGO         6903551 2019     7   4  11    -0.926750    75.367844    -143.30        nan        nan    327.017        nan        nan        nan      0.077
           ARGO         6903551 2019     7   4  11    -0.926750    75.367844    -145.00        nan        nan    326.986        nan        nan        nan      0.073
           ARGO         6903551 2019     7   4  11    -0.926750    75.367844    -146.70        nan        nan    327.247        nan        nan        nan      0.073
           ARGO         6903551 2019     7   4  11    -0.926750    75.367844    -148.40        nan        nan    327.275        nan        nan        nan      0.069
           ARGO         6903551 2019     7   4  11    -0.926750    75.367844    -150.10        nan        nan    327.278        nan        nan        nan      0.073
           ARGO         6903551 2019     7   4  11    -0.926750    75.367844    -151.90        nan        nan    327.328        nan        nan        nan      0.066
           ARGO         6903551 2019     7   4  11    -0.926750    75.367844    -153.60        nan        nan    327.310        nan        nan        nan      0.066
           ARGO         6903551 2019     7   4  11    -0.926750    75.367844    -155.50        nan        nan    327.330        nan        nan        nan      0.073
           ARGO         6903551 2019     7   4  11    -0.926750    75.367844    -157.30        nan        nan    327.462        nan        nan        nan      0.075
           ARGO         6903551 2019     7   4  11    -0.926750    75.367844    -159.00      0.251     34.916    327.531        nan        nan        nan      0.065
           ARGO         6903551 2019     7   4  11    -0.926750    75.367844    -160.80        nan        nan    327.473        nan        nan        nan      0.059
           ARGO         6903551 2019     7   4  11    -0.926750    75.367844    -162.50        nan        nan    327.463        nan        nan        nan      0.062
           ARGO         6903551 2019     7   4  11    -0.926750    75.367844    -164.40        nan        nan    327.466        nan        nan        nan      0.062
           ARGO         6903551 2019     7   4  11    -0.926750    75.367844    -166.20        nan        nan    327.430        nan        nan        nan      0.059
           ARGO         6903551 2019     7   4  11    -0.926750    75.367844    -168.10        nan        nan    327.385        nan        nan        nan      0.069
           ARGO         6903551 2019     7   4  11    -0.926750    75.367844    -170.00        nan        nan    327.336        nan        nan        nan      0.065
           ARGO         6903551 2019     7   4  11    -0.926750    75.367844    -171.70        nan        nan    327.360        nan        nan        nan      0.058
           ARGO         6903551 2019     7   4  11    -0.926750    75.367844    -173.60        nan        nan    327.329        nan        nan        nan      0.058
           ARGO         6903551 2019     7   4  11    -0.926750    75.367844    -175.50        nan        nan    327.295        nan        nan        nan      0.051
           ARGO         6903551 2019     7   4  11    -0.926750    75.367844    -177.50        nan        nan    327.271        nan        nan        nan      0.054
           ARGO         6903551 2019     7   4  11    -0.926750    75.367844    -179.30        nan        nan    327.153        nan        nan        nan      0.047
           ARGO         6903551 2019     7   4  11    -0.926750    75.367844    -181.20        nan        nan    327.094        nan        nan        nan      0.052
           ARGO         6903551 2019     7   4  11    -0.926750    75.367844    -183.20        nan        nan    327.210        nan        nan        nan      0.058
           ARGO         6903551 2019     7   4  11    -0.926750    75.367844    -185.00      0.213     34.918    327.255        nan        nan        nan      0.051
           ARGO         6903551 2019     7   4  11    -0.926750    75.367844    -187.10        nan        nan    327.140        nan        nan        nan      0.057
           ARGO         6903551 2019     7   4  11    -0.926750    75.367844    -189.00      0.216     34.919    327.383        nan        nan        nan      0.044
           ARGO         6903551 2019     7   4  11    -0.926750    75.367844    -190.90        nan        nan    327.386        nan        nan        nan      0.051
           ARGO         6903551 2019     7   4  11    -0.926750    75.367844    -192.90      0.221     34.919    327.366        nan        nan        nan      0.047
           ARGO         6903551 2019     7   4  11    -0.926750    75.367844    -195.00        nan        nan    327.321        nan        nan        nan      0.048
           ARGO         6903551 2019     7   4  11    -0.926750    75.367844    -196.90      0.223     34.920    327.571        nan        nan        nan      0.055
           ARGO         6903551 2019     7   4  11    -0.926750    75.367844    -199.00      0.223     34.920    327.598        nan        nan        nan      0.051
           ARGO         6903551 2019     7   4  11    -0.926750    75.367844    -201.00        nan        nan    327.573        nan        nan        nan      0.040
           ARGO         6903551 2019     7   4  11    -0.926750    75.367844    -203.00        nan        nan    327.456        nan        nan        nan      0.051
           ARGO         6903551 2019     7   4  11    -0.926750    75.367844    -205.10        nan        nan    327.457        nan        nan        nan      0.047
           ARGO         6903551 2019     7   4  11    -0.926750    75.367844    -207.20        nan        nan    327.604        nan        nan        nan      0.047
           ARGO         6903551 2019     7   4  11    -0.926750    75.367844    -209.20        nan        nan    327.631        nan        nan        nan      0.036
           ARGO         6903551 2019     7   4  11    -0.926750    75.367844    -211.30        nan        nan    327.610        nan        nan        nan      0.040
           ARGO         6903551 2019     7   4  11    -0.926750    75.367844    -213.50        nan        nan    327.631        nan        nan        nan      0.041
           ARGO         6903551 2019     7   4  11    -0.926750    75.367844    -215.50        nan        nan    327.573        nan        nan        nan      0.051
           ARGO         6903551 2019     7   4  11    -0.926750    75.367844    -217.70        nan        nan    327.578        nan        nan        nan      0.047
           ARGO         6903551 2019     7   4  11    -0.926750    75.367844    -219.70        nan        nan    327.540        nan        nan        nan      0.047
           ARGO         6903551 2019     7   4  11    -0.926750    75.367844    -221.90        nan        nan    327.462        nan        nan        nan      0.044
           ARGO         6903551 2019     7   4  11    -0.926750    75.367844    -224.00        nan        nan    327.458        nan        nan        nan      0.047
           ARGO         6903551 2019     7   4  11    -0.926750    75.367844    -226.20        nan        nan    327.460        nan        nan        nan      0.047
           ARGO         6903551 2019     7   4  11    -0.926750    75.367844    -228.30        nan        nan    327.499        nan        nan        nan      0.041
           ARGO         6903551 2019     7   4  11    -0.926750    75.367844    -230.40        nan        nan    327.470        nan        nan        nan      0.051
           ARGO         6903551 2019     7   4  11    -0.926750    75.367844    -232.60        nan        nan    327.391        nan        nan        nan      0.047
           ARGO         6903551 2019     7   4  11    -0.926750    75.367844    -234.70        nan        nan    327.165        nan        nan        nan      0.040
           ARGO         6903551 2019     7   4  11    -0.926750    75.367844    -236.80        nan        nan    327.379        nan        nan        nan      0.044
           ARGO         6903551 2019     7   4  11    -0.926750    75.367844    -239.00        nan        nan    327.375        nan        nan        nan      0.044
           ARGO         6903551 2019     7   4  11    -0.926750    75.367844    -241.20        nan        nan    327.334        nan        nan        nan      0.044
           ARGO         6903551 2019     7   4  11    -0.926750    75.367844    -243.30        nan        nan    327.228        nan        nan        nan      0.047
           ARGO         6903551 2019     7   4  11    -0.926750    75.367844    -245.50        nan        nan    327.291        nan        nan        nan      0.041
           ARGO         6903551 2019     7   4  11    -0.926750    75.367844    -247.70        nan        nan    327.472        nan        nan        nan      0.047
           ARGO         6903551 2019     7   4  11    -0.926750    75.367844    -249.80        nan        nan    327.496        nan        nan        nan      0.041
           ARGO         6903551 2019     7   4  11    -0.926750    75.367844    -252.10        nan        nan    327.394        nan        nan        nan      0.047
           ARGO         6903551 2019     7   4  11    -0.926750    75.367844    -254.20        nan        nan    327.268        nan        nan        nan      0.047
           ARGO         6903551 2019     7   4  11    -0.926750    75.367844    -256.40        nan        nan    327.105        nan        nan        nan      0.041
           ARGO         6903551 2019     7   4  11    -0.926750    75.367844    -258.60        nan        nan    327.068        nan        nan        nan      0.055
           ARGO         6903551 2019     7   4  11    -0.926750    75.367844    -260.90        nan        nan    326.963        nan        nan        nan      0.051
           ARGO         6903551 2019     7   4  11    -0.926750    75.367844    -263.10      0.167     34.920    327.006        nan        nan        nan      0.055
           ARGO         6903551 2019     7   4  11    -0.926750    75.367844    -265.30        nan        nan    326.979        nan        nan        nan      0.055
           ARGO         6903551 2019     7   4  11    -0.926750    75.367844    -267.60        nan        nan    326.977        nan        nan        nan      0.054
           ARGO         6903551 2019     7   4  11    -0.926750    75.367844    -269.80        nan        nan    327.043        nan        nan        nan      0.048
           ARGO         6903551 2019     7   4  11    -0.926750    75.367844    -272.10        nan        nan    326.970        nan        nan        nan      0.051
           ARGO         6903551 2019     7   4  11    -0.926750    75.367844    -274.30        nan        nan    327.015        nan        nan        nan      0.051
           ARGO         6903551 2019     7   4  11    -0.926750    75.367844    -276.60        nan        nan    327.071        nan        nan        nan      0.052
           ARGO         6903551 2019     7   4  11    -0.926750    75.367844    -278.90        nan        nan    327.080        nan        nan        nan      0.064
           ARGO         6903551 2019     7   4  11    -0.926750    75.367844    -281.10        nan        nan    327.065        nan        nan        nan      0.044
           ARGO         6903551 2019     7   4  11    -0.926750    75.367844    -283.50        nan        nan    327.187        nan        nan        nan      0.044
           ARGO         6903551 2019     7   4  11    -0.926750    75.367844    -285.70        nan        nan    327.105        nan        nan        nan      0.051
           ARGO         6903551 2019     7   4  11    -0.926750    75.367844    -288.00        nan        nan    327.353        nan        nan        nan      0.051
           ARGO         6903551 2019     7   4  11    -0.926750    75.367844    -290.40        nan        nan    327.536        nan        nan        nan      0.040
           ARGO         6903551 2019     7   4  11    -0.926750    75.367844    -292.60        nan        nan    327.504        nan        nan        nan      0.040
           ARGO         6903551 2019     7   4  11    -0.926750    75.367844    -295.00        nan        nan    327.541        nan        nan        nan      0.040
           ARGO         6903551 2019     7   4  11    -0.926750    75.367844    -297.40        nan        nan    327.573        nan        nan        nan      0.040
           ARGO         6903551 2019     7   4  11    -0.926750    75.367844    -302.80        nan        nan    327.524        nan        nan        nan      0.044
           ARGO         6903551 2019     7   4  11    -0.926750    75.367844    -314.60        nan        nan    327.698        nan        nan        nan      0.036
           ARGO         6903551 2019     7   4  11    -0.926750    75.367844    -326.60        nan        nan    327.729        nan        nan        nan      0.033
           ARGO         6903551 2019     7   4  11    -0.926750    75.367844    -338.80        nan        nan    327.687        nan        nan        nan      0.022
           ARGO         6903551 2019     7   4  11    -0.926750    75.367844    -350.90        nan        nan    327.833        nan        nan        nan      0.029
           ARGO         6903551 2019     7   4  11    -0.926750    75.367844    -363.20        nan        nan    327.543        nan        nan        nan      0.036
           ARGO         6903551 2019     7   4  11    -0.926750    75.367844    -374.70        nan        nan    327.387        nan        nan        nan      0.036
           ARGO         6903551 2019     7   4  11    -0.926750    75.367844    -382.60        nan        nan    327.412        nan        nan        nan      0.036
           ARGO         6903551 2019     7   4  11    -0.926750    75.367844    -390.60        nan        nan    326.974        nan        nan        nan      0.036
           ARGO         6903551 2019     7   4  11    -0.926750    75.367844    -398.90      0.015     34.916    327.109        nan        nan        nan      0.022
           ARGO         6903551 2019     7   4  11    -0.926750    75.367844    -407.50        nan        nan    327.143        nan        nan        nan      0.029
           ARGO         6903551 2019     7   4  11    -0.926750    75.367844    -416.40        nan        nan    326.889        nan        nan        nan      0.036
           ARGO         6903551 2019     7   4  11    -0.926750    75.367844    -425.70        nan        nan    326.703        nan        nan        nan      0.033
           ARGO         6903551 2019     7   4  11    -0.926750    75.367844    -435.30        nan        nan    326.762        nan        nan        nan      0.022
           ARGO         6903551 2019     7   4  11    -0.926750    75.367844    -445.10        nan        nan    326.747        nan        nan        nan      0.018
           ARGO         6903551 2019     7   4  11    -0.926750    75.367844    -455.00        nan        nan    326.571        nan        nan        nan      0.022
           ARGO         6903551 2019     7   4  11    -0.926750    75.367844    -465.10        nan        nan    326.352        nan        nan        nan      0.026
           ARGO         6903551 2019     7   4  11    -0.926750    75.367844    -475.40        nan        nan    326.151        nan        nan        nan      0.029
           ARGO         6903551 2019     7   4  11    -0.926750    75.367844    -485.90        nan        nan    326.264        nan        nan        nan      0.022
           ARGO         6903551 2019     7   4  11    -0.926750    75.367844    -496.60        nan        nan    326.274        nan        nan        nan      0.022
           ARGO         6903551 2019     7   4  11    -0.926750    75.367844    -507.70        nan        nan    326.039        nan        nan        nan      0.029
           ARGO         6903551 2019     7   4  11    -0.926750    75.367844    -519.10        nan        nan    325.715        nan        nan        nan      0.029
           ARGO         6903551 2019     7   4  11    -0.926750    75.367844    -530.70        nan        nan    326.074        nan        nan        nan      0.025
           ARGO         6903551 2019     7   4  11    -0.926750    75.367844    -542.40        nan        nan    326.654        nan        nan        nan      0.022
           ARGO         6903551 2019     7   4  11    -0.926750    75.367844    -554.30        nan        nan    327.026        nan        nan        nan      0.022
           ARGO         6903551 2019     7   4  11    -0.926750    75.367844    -566.60        nan        nan    327.190        nan        nan        nan      0.025
           ARGO         6903551 2019     7   4  11    -0.926750    75.367844    -579.00        nan        nan    327.503        nan        nan        nan      0.022
           ARGO         6903551 2019     7   4  11    -0.926750    75.367844    -591.50        nan        nan    327.670        nan        nan        nan      0.018
           ARGO         6903551 2019     7   4  11    -0.926750    75.367844    -604.20        nan        nan    327.981        nan        nan        nan      0.022
           ARGO         6903551 2019     7   4  11    -0.926750    75.367844    -615.10        nan        nan    328.067        nan        nan        nan      0.022
           ARGO         6903551 2019     7   4  11    -0.926750    75.367844    -623.10        nan        nan    328.048        nan        nan        nan      0.018
           ARGO         6903551 2019     7   4  11    -0.926750    75.367844    -631.40        nan        nan    328.050        nan        nan        nan      0.015
           ARGO         6903551 2019     7   4  11    -0.926750    75.367844    -639.90        nan        nan    328.059        nan        nan        nan      0.018
           ARGO         6903551 2019     7   4  11    -0.926750    75.367844    -648.60        nan        nan    327.934        nan        nan        nan      0.015
           ARGO         6903551 2019     7   4  11    -0.926750    75.367844    -657.40        nan        nan    327.966        nan        nan        nan      0.018
           ARGO         6903551 2019     7   4  11    -0.926750    75.367844    -666.40        nan        nan    327.592        nan        nan        nan      0.015
           ARGO         6903551 2019     7   4  11    -0.926750    75.367844    -675.80        nan        nan    327.658        nan        nan        nan      0.022
           ARGO         6903551 2019     7   4  11    -0.926750    75.367844    -685.40        nan        nan    327.379        nan        nan        nan      0.018
           ARGO         6903551 2019     7   4  11    -0.926750    75.367844    -695.30        nan        nan    327.085        nan        nan        nan      0.022
           ARGO         6903551 2019     7   4  11    -0.926750    75.367844    -705.50        nan        nan    326.381        nan        nan        nan      0.018
           ARGO         6903551 2019     7   4  11    -0.926750    75.367844    -715.70        nan        nan    325.901        nan        nan        nan      0.018
           ARGO         6903551 2019     7   4  11    -0.926750    75.367844    -726.10        nan        nan    325.734        nan        nan        nan      0.018
           ARGO         6903551 2019     7   4  11    -0.926750    75.367844    -736.60        nan        nan    325.686        nan        nan        nan      0.022
           ARGO         6903551 2019     7   4  11    -0.926750    75.367844    -747.30        nan        nan    325.696        nan        nan        nan      0.018
           ARGO         6903551 2019     7   4  11    -0.926750    75.367844    -758.10        nan        nan    325.573        nan        nan        nan      0.014
           ARGO         6903551 2019     7   4  11    -0.926750    75.367844    -780.30        nan        nan    325.558        nan        nan        nan      0.018
           ARGO         6903551 2019     7   4  11    -0.926750    75.367844    -791.80        nan        nan    325.296        nan        nan        nan      0.014
           ARGO         6903551 2019     7   4  11    -0.926750    75.367844    -803.40        nan        nan    324.889        nan        nan        nan      0.011
           ARGO         6903551 2019     7   4  11    -0.926750    75.367844    -815.30        nan        nan    324.750        nan        nan        nan      0.011
           ARGO         6903551 2019     7   4  11    -0.926750    75.367844    -827.30        nan        nan    325.072        nan        nan        nan      0.011
           ARGO         6903551 2019     7   4  11    -0.926750    75.367844    -839.60        nan        nan    324.877        nan        nan        nan      0.015
           ARGO         6903551 2019     7   4  11    -0.926750    75.367844    -851.90        nan        nan    324.540        nan        nan        nan      0.018
           ARGO         6903551 2019     7   4  11    -0.926750    75.367844    -864.40        nan        nan    324.193        nan        nan        nan      0.018
           ARGO         6903551 2019     7   4  11    -0.926750    75.367844    -876.20        nan        nan    323.946        nan        nan        nan      0.011
           ARGO         6903551 2019     7   4  11    -0.926750    75.367844    -884.10        nan        nan    324.226        nan        nan        nan      0.015
           ARGO         6903551 2019     7   4  11    -0.926750    75.367844    -892.10        nan        nan    324.510        nan        nan        nan      0.011
           ARGO         6903551 2019     7   4  11    -0.926750    75.367844    -900.30        nan        nan    324.657        nan        nan        nan      0.015
           ARGO         6903551 2019     7   4  11    -0.926750    75.367844    -908.70        nan        nan    324.992        nan        nan        nan      0.011
           ARGO         6903551 2019     7   4  11    -0.926750    75.367844    -926.10        nan        nan    324.797        nan        nan        nan      0.011
           ARGO         6903551 2019     7   4  11    -0.926750    75.367844    -935.10        nan        nan    324.915        nan        nan        nan      0.011
           ARGO         6903551 2019     7   4  11    -0.926750    75.367844    -944.20        nan        nan    324.912        nan        nan        nan      0.011
           ARGO         6903551 2019     7   4  11    -0.926750    75.367844    -953.60        nan        nan    324.581        nan        nan        nan      0.011
           ARGO         6903551 2019     7   4  11    -0.926750    75.367844    -963.00        nan        nan    323.584        nan        nan        nan      0.015
           ARGO         6903551 2019     7   4  11    -0.926750    75.367844    -972.60        nan        nan    322.911        nan        nan        nan      0.011
           ARGO         6903551 2019     7   4  11    -0.926750    75.367844    -982.60        nan        nan    322.999        nan        nan        nan      0.011
           ARGO         6903551 2019     7   4  11    -0.926750    75.367844    -992.80        nan        nan    322.803        nan        nan        nan      0.011
           ARGO         6903551 2019     7   4  11    -0.926750    75.367844   -1003.10        nan        nan    321.844        nan        nan        nan      0.014
           ARGO         6903551 2019     7   4  11    -0.926750    75.367844   -1024.00        nan        nan    321.645        nan        nan        nan      0.011
           ARGO         6903551 2019     7   4  11    -0.926750    75.367844   -1034.90        nan        nan    320.794        nan        nan        nan      0.018
           ARGO         6903551 2019     7   4  11    -0.926750    75.367844   -1045.80        nan        nan    320.107        nan        nan        nan      0.014
           ARGO         6903551 2019     7   4  11    -0.926750    75.367844   -1056.90        nan        nan    319.576        nan        nan        nan      0.011
           ARGO         6903551 2019     7   4  11    -0.926750    75.367844   -1068.10        nan        nan    319.585        nan        nan        nan      0.018
           ARGO         6903551 2019     7   4  11    -0.926750    75.367844   -1090.90        nan        nan    319.147        nan        nan        nan      0.018
           ARGO         6903551 2019     7   4  11    -0.926750    75.367844   -1114.50        nan        nan    319.288        nan        nan        nan      0.011
           ARGO         6903551 2019     7   4  11    -0.926750    75.367844   -1139.10        nan        nan    320.544        nan        nan        nan      0.018
           ARGO         6903551 2019     7   4  11    -0.926750    75.367844   -1156.00        nan        nan    320.809        nan        nan        nan      0.011
           ARGO         6903551 2019     7   4  11    -0.926750    75.367844   -1172.50     -0.289     34.912    320.907        nan        nan        nan      0.011
           ARGO         6903551 2019     7   4  11    -0.926750    75.367844   -1189.70        nan        nan    320.907        nan        nan        nan      0.015
           ARGO         6903551 2019     7   4  11    -0.926750    75.367844   -1207.60     -0.299     34.912    320.715        nan        nan        nan      0.011
           ARGO         6903551 2019     7   4  11    -0.926750    75.367844   -1226.10        nan        nan    320.325        nan        nan        nan      0.011
           ARGO         6903551 2019     7   4  11    -0.926750    75.367844   -1245.20        nan        nan    319.685        nan        nan        nan      0.011
           ARGO         6903551 2019     7   4  11    -0.926750    75.367844   -1265.00        nan        nan    318.503        nan        nan        nan      0.011
           ARGO         6903551 2019     7   4  11    -0.926750    75.367844   -1306.70        nan        nan    316.502        nan        nan        nan      0.015
           ARGO         6903551 2019     7   4  11    -0.926750    75.367844   -1328.50        nan        nan    315.479        nan        nan        nan      0.015
           ARGO         6903551 2019     7   4  11    -0.926750    75.367844   -1401.45        nan        nan    314.047        nan        nan        nan      0.011
           ARGO         6903551 2019     7   4  11    -0.926750    75.367844   -1451.10        nan        nan    313.829        nan        nan        nan      0.018
           ARGO         6903551 2019     7   4  11    -0.926750    75.367844   -1487.60        nan        nan    313.830        nan        nan        nan      0.011
           ARGO         6903551 2019     7   4  11    -0.926750    75.367844   -1527.10        nan        nan    313.936        nan        nan        nan      0.011
           ARGO         6903551 2019     7   4  11    -0.926750    75.367844   -1547.90        nan        nan    313.578        nan        nan        nan      0.011
           ARGO         6903551 2019     7   4  11    -0.926750    75.367844   -1569.70        nan        nan    313.618        nan        nan        nan      0.011
           ARGO         6903551 2019     7   4  11    -0.926750    75.367844   -1592.30        nan        nan    313.615        nan        nan        nan      0.011
           ARGO         6903551 2019     7   4  11    -0.926750    75.367844   -1659.10        nan        nan    312.716        nan        nan        nan      0.011
           ARGO         6903551 2019     7   4  11    -0.926750    75.367844   -1732.40        nan        nan    310.485        nan        nan        nan      0.011
           ARGO         6903551 2019     7   4  11    -0.926750    75.367844   -1752.70        nan        nan    309.960        nan        nan        nan      0.011
           ARGO         6903551 2019     7   4  11    -0.926750    75.367844   -1774.20        nan        nan    308.923        nan        nan        nan      0.011
           ARGO         6903551 2019     7   4  11    -0.926750    75.367844   -1819.80        nan        nan    307.215        nan        nan        nan      0.014
           ARGO         6903551 2019     7   4  11    -0.926750    75.367844   -1890.40        nan        nan    305.001        nan        nan        nan      0.015
           ARGO         6903551 2019     7   4  11    -0.926750    75.367844   -1906.90        nan        nan    304.622        nan        nan        nan      0.018
           ARGO         6903551 2019     7   4  11    -0.926750    75.367844   -1941.80        nan        nan    303.494        nan        nan        nan      0.011
           ARGO         6903551 2019     7   4  11    -0.926750    75.367844   -1960.30        nan        nan    302.966        nan        nan        nan      0.011
           ARGO         6903551 2019     7   4  11    -0.926750    75.367844   -1979.40        nan        nan    302.417        nan        nan        nan      0.018
           ARGO         6903551 2019     7   4  11    -0.926750    75.367844   -1996.47        nan        nan    302.198        nan        nan        nan      0.015
           ARGO         6903553 2019     6  30  10     0.755050    69.545601     -42.76        nan        nan        nan        nan        nan        nan      0.889
           ARGO         6903553 2019     6  30  10     0.755050    69.545601     -44.25        nan        nan    323.781        nan        nan        nan      1.031
           ARGO         6903553 2019     6  30  10     0.755050    69.545601     -46.73        nan        nan        nan        nan        nan        nan      0.857
           ARGO         6903553 2019     6  30  10     0.755050    69.545601     -48.18        nan        nan    323.801        nan        nan        nan      0.848
           ARGO         6903553 2019     6  30  10     0.755050    69.545601     -50.79        nan        nan    323.786        nan        nan        nan      0.902
           ARGO         6903553 2019     6  30  10     0.755050    69.545601     -53.14        nan        nan        nan        nan        nan        nan      0.997
           ARGO         6903553 2019     6  30  10     0.755050    69.545601     -54.51        nan        nan    323.376        nan        nan        nan      0.918
           ARGO         6903553 2019     6  30  10     0.755050    69.545601     -56.75        nan        nan        nan        nan        nan        nan      1.159
           ARGO         6903553 2019     6  30  10     0.755050    69.545601     -58.06        nan        nan    323.119        nan        nan        nan      0.783
           ARGO         6903553 2019     6  30  10     0.755050    69.545601     -62.92        nan        nan        nan        nan        nan        nan      0.886
           ARGO         6903553 2019     6  30  10     0.755050    69.545601     -63.94        nan        nan    322.107        nan        nan        nan      0.934
           ARGO         6903553 2019     6  30  10     0.755050    69.545601     -65.50        nan        nan    320.564        nan        nan        nan      0.798
           ARGO         6903553 2019     6  30  10     0.755050    69.545601     -67.01        nan        nan    320.253        nan        nan        nan      0.764
           ARGO         6903553 2019     6  30  10     0.755050    69.545601     -68.61        nan        nan        nan        nan        nan        nan      0.724
           ARGO         6903553 2019     6  30  10     0.755050    69.545601     -69.58        nan        nan    319.723        nan        nan        nan      0.716
           ARGO         6903553 2019     6  30  10     0.755050    69.545601     -71.36        nan        nan    319.006        nan        nan        nan      0.709
           ARGO         6903553 2019     6  30  10     0.755050    69.545601     -73.21        nan        nan        nan        nan        nan        nan      0.720
           ARGO         6903553 2019     6  30  10     0.755050    69.545601     -74.33        nan        nan    317.080        nan        nan        nan      0.768
           ARGO         6903553 2019     6  30  10     0.755050    69.545601     -76.25        nan        nan    316.095        nan        nan        nan      0.717
           ARGO         6903553 2019     6  30  10     0.755050    69.545601     -77.95        nan        nan        nan        nan        nan        nan      0.634
           ARGO         6903553 2019     6  30  10     0.755050    69.545601     -78.95        nan        nan    314.865        nan        nan        nan      0.527
           ARGO         6903553 2019     6  30  10     0.755050    69.545601     -82.28        nan        nan    312.208        nan        nan        nan      0.399
           ARGO         6903553 2019     6  30  10     0.755050    69.545601     -83.81        nan        nan        nan        nan        nan        nan      0.396
           ARGO         6903553 2019     6  30  10     0.755050    69.545601     -84.75        nan        nan    309.872        nan        nan        nan      0.282
           ARGO         6903553 2019     6  30  10     0.755050    69.545601     -86.23        nan        nan        nan        nan        nan        nan      0.122
           ARGO         6903553 2019     6  30  10     0.755050    69.545601     -87.16        nan        nan    308.709        nan        nan        nan      0.092
           ARGO         6903553 2019     6  30  10     0.755050    69.545601     -90.96        nan        nan    307.322        nan        nan        nan      0.047
           ARGO         6903553 2019     6  30  10     0.755050    69.545601     -92.48        nan        nan    306.865        nan        nan        nan      0.040
           ARGO         6903553 2019     6  30  10     0.755050    69.545601     -93.89        nan        nan        nan        nan        nan        nan      0.036
           ARGO         6903553 2019     6  30  10     0.755050    69.545601     -95.59        nan        nan    306.865        nan        nan        nan      0.027
           ARGO         6903553 2019     6  30  10     0.755050    69.545601     -99.17        nan        nan        nan        nan        nan        nan      0.014
           ARGO         6903553 2019     6  30  10     0.755050    69.545601    -100.01        nan        nan    306.714        nan        nan        nan      0.018
           ARGO         6903553 2019     6  30  10     0.755050    69.545601    -103.44        nan        nan        nan        nan        nan        nan      0.014
           ARGO         6903553 2019     6  30  10     0.755050    69.545601    -104.37        nan        nan    306.633        nan        nan        nan      0.018
           ARGO         6903553 2019     6  30  10     0.755050    69.545601    -108.33        nan        nan        nan        nan        nan        nan      0.014
           ARGO         6903553 2019     6  30  10     0.755050    69.545601    -109.37        nan        nan    306.732        nan        nan        nan      0.011
           ARGO         6903553 2019     6  30  10     0.755050    69.545601    -113.60        nan        nan        nan        nan        nan        nan      0.014
           ARGO         6903553 2019     6  30  10     0.755050    69.545601    -114.53        nan        nan    306.749        nan        nan        nan      0.014
           ARGO         6903553 2019     6  30  10     0.755050    69.545601    -118.87        nan        nan        nan        nan        nan        nan      0.014
           ARGO         6903553 2019     6  30  10     0.755050    69.545601    -119.85        nan        nan    306.716        nan        nan        nan      0.015
           ARGO         6903553 2019     6  30  10     0.755050    69.545601    -123.10        nan        nan        nan        nan        nan        nan      0.018
           ARGO         6903553 2019     6  30  10     0.755050    69.545601    -124.12        nan        nan    306.682        nan        nan        nan      0.014
           ARGO         6903553 2019     6  30  10     0.755050    69.545601    -128.62        nan        nan        nan        nan        nan        nan      0.011
           ARGO         6903553 2019     6  30  10     0.755050    69.545601    -129.68        nan        nan    306.731        nan        nan        nan      0.025
           ARGO         6903553 2019     6  30  10     0.755050    69.545601    -133.93        nan        nan        nan        nan        nan        nan      0.022
           ARGO         6903553 2019     6  30  10     0.755050    69.545601    -134.83        nan        nan    306.690        nan        nan        nan      0.017
           ARGO         6903553 2019     6  30  10     0.755050    69.545601    -138.90        nan        nan        nan        nan        nan        nan      0.011
           ARGO         6903553 2019     6  30  10     0.755050    69.545601    -139.88        nan        nan    306.699        nan        nan        nan      0.014
           ARGO         6903553 2019     6  30  10     0.755050    69.545601    -143.80        nan        nan        nan        nan        nan        nan      0.011
           ARGO         6903553 2019     6  30  10     0.755050    69.545601    -144.80        nan        nan    306.621        nan        nan        nan      0.014
           ARGO         6903553 2019     6  30  10     0.755050    69.545601    -148.91        nan        nan        nan        nan        nan        nan      0.011
           ARGO         6903553 2019     6  30  10     0.755050    69.545601    -149.96        nan        nan    306.595        nan        nan        nan      0.014
           ARGO         6903553 2019     6  30  10     0.755050    69.545601    -153.80        nan        nan        nan        nan        nan        nan      0.011
           ARGO         6903553 2019     6  30  10     0.755050    69.545601    -154.85        nan        nan    306.430        nan        nan        nan      0.011
           ARGO         6903553 2019     6  30  10     0.755050    69.545601    -158.53        nan        nan        nan        nan        nan        nan      0.011
           ARGO         6903553 2019     6  30  10     0.755050    69.545601    -159.63        nan        nan    306.349        nan        nan        nan      0.011
           ARGO         6903553 2019     6  30  10     0.755050    69.545601    -163.43        nan        nan        nan        nan        nan        nan      0.011
           ARGO         6903553 2019     6  30  10     0.755050    69.545601    -164.58        nan        nan    306.501        nan        nan        nan      0.014
           ARGO         6903553 2019     6  30  10     0.755050    69.545601    -168.72        nan        nan        nan        nan        nan        nan      0.011
           ARGO         6903553 2019     6  30  10     0.755050    69.545601    -169.83        nan        nan    306.231        nan        nan        nan      0.017
           ARGO         6903553 2019     6  30  10     0.755050    69.545601    -172.52        nan        nan        nan        nan        nan        nan      0.011
           ARGO         6903553 2019     6  30  10     0.755050    69.545601    -173.63        nan        nan    306.414        nan        nan        nan      0.011
           ARGO         6903553 2019     6  30  10     0.755050    69.545601    -177.53        nan        nan        nan        nan        nan        nan      0.011
           ARGO         6903553 2019     6  30  10     0.755050    69.545601    -178.76        nan        nan    306.375        nan        nan        nan      0.015
           ARGO         6903553 2019     6  30  10     0.755050    69.545601    -183.51        nan        nan        nan        nan        nan        nan      0.018
           ARGO         6903553 2019     6  30  10     0.755050    69.545601    -184.48        nan        nan    306.161        nan        nan        nan      0.011
           ARGO         6903553 2019     6  30  10     0.755050    69.545601    -188.58        nan        nan        nan        nan        nan        nan      0.014
           ARGO         6903553 2019     6  30  10     0.755050    69.545601    -189.58        nan        nan    306.059        nan        nan        nan      0.012
           ARGO         6903553 2019     6  30  10     0.755050    69.545601    -193.72        nan        nan        nan        nan        nan        nan      0.018
           ARGO         6903553 2019     6  30  10     0.755050    69.545601    -194.74        nan        nan    305.910        nan        nan        nan      0.014
           ARGO         6903553 2019     6  30  10     0.755050    69.545601    -198.30        nan        nan        nan        nan        nan        nan      0.014
           ARGO         6903553 2019     6  30  10     0.755050    69.545601    -199.43        nan        nan    305.864        nan        nan        nan      0.011
           ARGO         6903553 2019     6  30  10     0.755050    69.545601    -203.71        nan        nan        nan        nan        nan        nan      0.014
           ARGO         6903553 2019     6  30  10     0.755050    69.545601    -204.81        nan        nan    306.112        nan        nan        nan      0.022
           ARGO         6903553 2019     6  30  10     0.755050    69.545601    -208.80        nan        nan        nan        nan        nan        nan      0.022
           ARGO         6903553 2019     6  30  10     0.755050    69.545601    -209.88        nan        nan    306.112        nan        nan        nan      0.015
           ARGO         6903553 2019     6  30  10     0.755050    69.545601    -213.60        nan        nan        nan        nan        nan        nan      0.018
           ARGO         6903553 2019     6  30  10     0.755050    69.545601    -214.73        nan        nan    305.780        nan        nan        nan      0.015
           ARGO         6903553 2019     6  30  10     0.755050    69.545601    -218.25        nan        nan        nan        nan        nan        nan      0.022
           ARGO         6903553 2019     6  30  10     0.755050    69.545601    -219.39        nan        nan    306.012        nan        nan        nan      0.018
           ARGO         6903553 2019     6  30  10     0.755050    69.545601    -223.21        nan        nan        nan        nan        nan        nan      0.014
           ARGO         6903553 2019     6  30  10     0.755050    69.545601    -224.35        nan        nan    305.965        nan        nan        nan      0.015
           ARGO         6903553 2019     6  30  10     0.755050    69.545601    -228.64        nan        nan        nan        nan        nan        nan      0.018
           ARGO         6903553 2019     6  30  10     0.755050    69.545601    -229.74        nan        nan    305.995        nan        nan        nan      0.017
           ARGO         6903553 2019     6  30  10     0.755050    69.545601    -233.24        nan        nan        nan        nan        nan        nan      0.011
           ARGO         6903553 2019     6  30  10     0.755050    69.545601    -234.43        nan        nan    306.029        nan        nan        nan      0.014
           ARGO         6903553 2019     6  30  10     0.755050    69.545601    -237.49        nan        nan        nan        nan        nan        nan      0.014
           ARGO         6903553 2019     6  30  10     0.755050    69.545601    -238.73        nan        nan    305.964        nan        nan        nan      0.014
           ARGO         6903553 2019     6  30  10     0.755050    69.545601    -243.27        nan        nan        nan        nan        nan        nan      0.011
           ARGO         6903553 2019     6  30  10     0.755050    69.545601    -244.42        nan        nan    305.952        nan        nan        nan      0.014
           ARGO         6903553 2019     6  30  10     0.755050    69.545601    -248.85        nan        nan        nan        nan        nan        nan      0.014
           ARGO         6903553 2019     6  30  10     0.755050    69.545601    -249.82        nan        nan    305.914        nan        nan        nan      0.011
           ARGO         6903553 2019     6  30  10     0.755050    69.545601    -253.80        nan        nan        nan        nan        nan        nan      0.014
           ARGO         6903553 2019     6  30  10     0.755050    69.545601    -254.78        nan        nan    305.670        nan        nan        nan      0.015
           ARGO         6903553 2019     6  30  10     0.755050    69.545601    -258.72        nan        nan        nan        nan        nan        nan      0.018
           ARGO         6903553 2019     6  30  10     0.755050    69.545601    -259.74        nan        nan    305.975        nan        nan        nan      0.021
           ARGO         6903553 2019     6  30  10     0.755050    69.545601    -263.69        nan        nan        nan        nan        nan        nan      0.018
           ARGO         6903553 2019     6  30  10     0.755050    69.545601    -264.73        nan        nan    305.915        nan        nan        nan      0.014
           ARGO         6903553 2019     6  30  10     0.755050    69.545601    -268.53        nan        nan        nan        nan        nan        nan      0.014
           ARGO         6903553 2019     6  30  10     0.755050    69.545601    -269.56        nan        nan    305.610        nan        nan        nan      0.014
           ARGO         6903553 2019     6  30  10     0.755050    69.545601    -273.47        nan        nan        nan        nan        nan        nan      0.011
           ARGO         6903553 2019     6  30  10     0.755050    69.545601    -274.54        nan        nan    305.819        nan        nan        nan      0.011
           ARGO         6903553 2019     6  30  10     0.755050    69.545601    -278.67        nan        nan        nan        nan        nan        nan      0.014
           ARGO         6903553 2019     6  30  10     0.755050    69.545601    -279.72        nan        nan    305.692        nan        nan        nan      0.017
           ARGO         6903553 2019     6  30  10     0.755050    69.545601    -283.83        nan        nan        nan        nan        nan        nan      0.011
           ARGO         6903553 2019     6  30  10     0.755050    69.545601    -284.87        nan        nan    305.846        nan        nan        nan      0.014
           ARGO         6903553 2019     6  30  10     0.755050    69.545601    -288.78        nan        nan        nan        nan        nan        nan      0.014
           ARGO         6903553 2019     6  30  10     0.755050    69.545601    -289.82        nan        nan    305.876        nan        nan        nan      0.018
           ARGO         6903553 2019     6  30  10     0.755050    69.545601    -293.53        nan        nan        nan        nan        nan        nan      0.014
           ARGO         6903553 2019     6  30  10     0.755050    69.545601    -294.59        nan        nan    305.585        nan        nan        nan      0.014
           ARGO         6903553 2019     6  30  10     0.755050    69.545601    -298.53        nan        nan        nan        nan        nan        nan      0.011
           ARGO         6903553 2019     6  30  10     0.755050    69.545601    -299.61        nan        nan    305.435        nan        nan        nan      0.014
           ARGO         6903553 2019     6  30  10     0.755050    69.545601    -303.54        nan        nan        nan        nan        nan        nan      0.014
           ARGO         6903553 2019     6  30  10     0.755050    69.545601    -304.62        nan        nan    305.591        nan        nan        nan      0.015
           ARGO         6903553 2019     6  30  10     0.755050    69.545601    -308.54        nan        nan        nan        nan        nan        nan      0.018
           ARGO         6903553 2019     6  30  10     0.755050    69.545601    -309.62        nan        nan    305.250        nan        nan        nan      0.014
           ARGO         6903553 2019     6  30  10     0.755050    69.545601    -314.52        nan        nan    305.156        nan        nan        nan      0.017
           ARGO         6903553 2019     6  30  10     0.755050    69.545601    -318.69        nan        nan        nan        nan        nan        nan      0.011
           ARGO         6903553 2019     6  30  10     0.755050    69.545601    -319.78        nan        nan    305.293        nan        nan        nan      0.014
           ARGO         6903553 2019     6  30  10     0.755050    69.545601    -323.71        nan        nan        nan        nan        nan        nan      0.011
           ARGO         6903553 2019     6  30  10     0.755050    69.545601    -324.77        nan        nan    305.458        nan        nan        nan      0.011
           ARGO         6903553 2019     6  30  10     0.755050    69.545601    -328.58        nan        nan        nan        nan        nan        nan      0.014
           ARGO         6903553 2019     6  30  10     0.755050    69.545601    -329.65        nan        nan    305.396        nan        nan        nan      0.014
           ARGO         6903553 2019     6  30  10     0.755050    69.545601    -333.53        nan        nan        nan        nan        nan        nan      0.014
           ARGO         6903553 2019     6  30  10     0.755050    69.545601    -334.64        nan        nan    305.365        nan        nan        nan      0.011
           ARGO         6903553 2019     6  30  10     0.755050    69.545601    -338.56        nan        nan        nan        nan        nan        nan      0.011
           ARGO         6903553 2019     6  30  10     0.755050    69.545601    -339.68        nan        nan    305.371        nan        nan        nan      0.011
           ARGO         6903553 2019     6  30  10     0.755050    69.545601    -343.46        nan        nan        nan        nan        nan        nan      0.014
           ARGO         6903553 2019     6  30  10     0.755050    69.545601    -344.56        nan        nan    305.043        nan        nan        nan      0.018
           ARGO         6903553 2019     6  30  10     0.755050    69.545601    -348.35        nan        nan        nan        nan        nan        nan      0.014
           ARGO         6903553 2019     6  30  10     0.755050    69.545601    -349.48        nan        nan    305.259        nan        nan        nan      0.011
           ARGO         6903553 2019     6  30  10     0.755050    69.545601    -353.47        nan        nan        nan        nan        nan        nan      0.011
           ARGO         6903553 2019     6  30  10     0.755050    69.545601    -354.58        nan        nan    305.281        nan        nan        nan      0.011
           ARGO         6903553 2019     6  30  10     0.755050    69.545601    -358.57        nan        nan        nan        nan        nan        nan      0.011
           ARGO         6903553 2019     6  30  10     0.755050    69.545601    -359.67        nan        nan    304.976        nan        nan        nan      0.010
           ARGO         6903553 2019     6  30  10     0.755050    69.545601    -364.65        nan        nan    305.016        nan        nan        nan      0.011
           ARGO         6903553 2019     6  30  10     0.755050    69.545601    -368.59        nan        nan        nan        nan        nan        nan      0.011
           ARGO         6903553 2019     6  30  10     0.755050    69.545601    -369.69        nan        nan    305.149        nan        nan        nan      0.011
           ARGO         6903553 2019     6  30  10     0.755050    69.545601    -373.66        nan        nan        nan        nan        nan        nan      0.011
           ARGO         6903553 2019     6  30  10     0.755050    69.545601    -374.76        nan        nan    304.905        nan        nan        nan      0.014
           ARGO         6903553 2019     6  30  10     0.755050    69.545601    -379.67        nan        nan    304.899        nan        nan        nan      0.011
           ARGO         6903553 2019     6  30  10     0.755050    69.545601    -383.50        nan        nan        nan        nan        nan        nan      0.011
           ARGO         6903553 2019     6  30  10     0.755050    69.545601    -384.60        nan        nan    305.194        nan        nan        nan      0.011
           ARGO         6903553 2019     6  30  10     0.755050    69.545601    -388.45        nan        nan        nan        nan        nan        nan      0.014
           ARGO         6903553 2019     6  30  10     0.755050    69.545601    -394.67        nan        nan    304.794        nan        nan        nan      0.011
           ARGO         6903553 2019     6  30  10     0.755050    69.545601    -398.50        nan        nan        nan        nan        nan        nan      0.011
           ARGO         6903553 2019     6  30  10     0.755050    69.545601    -399.60        nan        nan    305.187        nan        nan        nan      0.010
           ARGO         6903553 2019     6  30  10     0.755050    69.545601    -404.59        nan        nan    305.143        nan        nan        nan      0.011
           ARGO         6903553 2019     6  30  10     0.755050    69.545601    -408.57        nan        nan        nan        nan        nan        nan      0.011
           ARGO         6903553 2019     6  30  10     0.755050    69.545601    -409.69        nan        nan    305.106        nan        nan        nan      0.014
           ARGO         6903553 2019     6  30  10     0.755050    69.545601    -413.54        nan        nan        nan        nan        nan        nan      0.011
           ARGO         6903553 2019     6  30  10     0.755050    69.545601    -418.42        nan        nan        nan        nan        nan        nan      0.011
           ARGO         6903553 2019     6  30  10     0.755050    69.545601    -419.55        nan        nan    304.836        nan        nan        nan      0.017
           ARGO         6903553 2019     6  30  10     0.755050    69.545601    -423.38        nan        nan        nan        nan        nan        nan      0.011
           ARGO         6903553 2019     6  30  10     0.755050    69.545601    -424.51        nan        nan    305.273        nan        nan        nan      0.011
           ARGO         6903553 2019     6  30  10     0.755050    69.545601    -428.68        nan        nan        nan        nan        nan        nan      0.011
           ARGO         6903553 2019     6  30  10     0.755050    69.545601    -429.80        nan        nan    305.073        nan        nan        nan      0.010
           ARGO         6903553 2019     6  30  10     0.755050    69.545601    -438.50        nan        nan        nan        nan        nan        nan      0.014
           ARGO         6903553 2019     6  30  10     0.755050    69.545601    -444.62        nan        nan    305.033        nan        nan        nan      0.011
           ARGO         6903553 2019     6  30  10     0.755050    69.545601    -448.46        nan        nan        nan        nan        nan        nan      0.011
           ARGO         6903553 2019     6  30  10     0.755050    69.545601    -449.60        nan        nan    304.873        nan        nan        nan      0.011
           ARGO         6903553 2019     6  30  10     0.755050    69.545601    -453.47        nan        nan        nan        nan        nan        nan      0.011
           ARGO         6903553 2019     6  30  10     0.755050    69.545601    -454.61        nan        nan    304.552        nan        nan        nan      0.010
           ARGO         6903553 2019     6  30  10     0.755050    69.545601    -459.64        nan        nan    304.788        nan        nan        nan      0.011
           ARGO         6903553 2019     6  30  10     0.755050    69.545601    -463.62        nan        nan        nan        nan        nan        nan      0.011
           ARGO         6903553 2019     6  30  10     0.755050    69.545601    -468.49        nan        nan        nan        nan        nan        nan      0.014
           ARGO         6903553 2019     6  30  10     0.755050    69.545601    -483.44        nan        nan        nan        nan        nan        nan      0.011
           ARGO         6903553 2019     6  30  10     0.755050    69.545601    -488.39        nan        nan        nan        nan        nan        nan      0.011
           ARGO         6903553 2019     6  30  10     0.755050    69.545601    -489.58        nan        nan    304.540        nan        nan        nan      0.011
           ARGO         6903553 2019     6  30  10     0.755050    69.545601    -492.88        nan        nan        nan        nan        nan        nan      0.011
           ARGO         6903553 2019     6  30  10     0.755050    69.545601    -494.08        nan        nan    304.284        nan        nan        nan      0.011
           ARGO         6903553 2019     6  30  10     0.755050    69.545601    -497.75        nan        nan        nan        nan        nan        nan      0.011
           ARGO         6903553 2019     6  30  10     0.755050    69.545601    -498.94        nan        nan    304.476        nan        nan        nan      0.010
           ARGO         6903553 2019     6  30  10     0.755050    69.545601    -509.66        nan        nan    304.164        nan        nan        nan      0.010
           ARGO         6903553 2019     6  30  10     0.755050    69.545601    -519.73        nan        nan    304.108        nan        nan        nan      0.010
           ARGO         6903553 2019     6  30  10     0.755050    69.545601    -529.65        nan        nan    304.071        nan        nan        nan      0.011
           ARGO         6903553 2019     6  30  10     0.755050    69.545601    -534.48        nan        nan        nan        nan        nan        nan      0.011
           ARGO         6903553 2019     6  30  10     0.755050    69.545601    -539.66        nan        nan    304.081        nan        nan        nan      0.011
           ARGO         6903553 2019     6  30  10     0.755050    69.545601    -544.49        nan        nan        nan        nan        nan        nan      0.014
           ARGO         6903553 2019     6  30  10     0.755050    69.545601    -559.15        nan        nan    304.156        nan        nan        nan      0.011
           ARGO         6903553 2019     6  30  10     0.755050    69.545601    -564.39        nan        nan        nan        nan        nan        nan      0.011
           ARGO         6903553 2019     6  30  10     0.755050    69.545601    -574.45        nan        nan        nan        nan        nan        nan      0.011
           ARGO         6903553 2019     6  30  10     0.755050    69.545601    -579.73        nan        nan    303.976        nan        nan        nan      0.011
           ARGO         6903553 2019     6  30  10     0.755050    69.545601    -584.43        nan        nan        nan        nan        nan        nan      0.011
           ARGO         6903553 2019     6  30  10     0.755050    69.545601    -589.67        nan        nan    304.144        nan        nan        nan      0.014
           ARGO         6903553 2019     6  30  10     0.755050    69.545601    -594.32        nan        nan        nan        nan        nan        nan      0.011
           ARGO         6903553 2019     6  30  10     0.755050    69.545601    -598.42        nan        nan    304.212        nan        nan        nan      0.011
           ARGO         6903553 2019     6  30  10     0.755050    69.545601    -603.77        nan        nan        nan        nan        nan        nan      0.011
           ARGO         6903553 2019     6  30  10     0.755050    69.545601    -609.31        nan        nan    304.069        nan        nan        nan      0.011
           ARGO         6903553 2019     6  30  10     0.755050    69.545601    -614.54        nan        nan        nan        nan        nan        nan      0.011
           ARGO         6903553 2019     6  30  10     0.755050    69.545601    -619.72        nan        nan    303.929        nan        nan        nan      0.011
           ARGO         6903553 2019     6  30  10     0.755050    69.545601    -624.48        nan        nan        nan        nan        nan        nan      0.011
           ARGO         6903553 2019     6  30  10     0.755050    69.545601    -629.23        nan        nan    303.895        nan        nan        nan      0.011
           ARGO         6903553 2019     6  30  10     0.755050    69.545601    -634.43        nan        nan        nan        nan        nan        nan      0.011
           ARGO         6903553 2019     6  30  10     0.755050    69.545601    -649.22        nan        nan    304.138        nan        nan        nan      0.011
           ARGO         6903553 2019     6  30  10     0.755050    69.545601    -654.42        nan        nan        nan        nan        nan        nan      0.011
           ARGO         6903553 2019     6  30  10     0.755050    69.545601    -659.66        nan        nan    304.094        nan        nan        nan      0.011
           ARGO         6903553 2019     6  30  10     0.755050    69.545601    -664.44        nan        nan        nan        nan        nan        nan      0.011
           ARGO         6903553 2019     6  30  10     0.755050    69.545601    -669.13        nan        nan    303.948        nan        nan        nan      0.014
           ARGO         6903553 2019     6  30  10     0.755050    69.545601    -679.66        nan        nan    303.944        nan        nan        nan      0.011
           ARGO         6903553 2019     6  30  10     0.755050    69.545601    -684.41        nan        nan        nan        nan        nan        nan      0.011
           ARGO         6903553 2019     6  30  10     0.755050    69.545601    -704.32        nan        nan        nan        nan        nan        nan      0.011
           ARGO         6903553 2019     6  30  10     0.755050    69.545601    -709.65        nan        nan    304.122        nan        nan        nan      0.011
           ARGO         6903553 2019     6  30  10     0.755050    69.545601    -714.45        nan        nan        nan        nan        nan        nan      0.011
           ARGO         6903553 2019     6  30  10     0.755050    69.545601    -719.01        nan        nan    303.960        nan        nan        nan      0.011
           ARGO         6903553 2019     6  30  10     0.755050    69.545601    -724.31        nan        nan        nan        nan        nan        nan      0.011
           ARGO         6903553 2019     6  30  10     0.755050    69.545601    -729.12        nan        nan    303.857        nan        nan        nan      0.011
           ARGO         6903553 2019     6  30  10     0.755050    69.545601    -744.46        nan        nan        nan        nan        nan        nan      0.011
           ARGO         6903553 2019     6  30  10     0.755050    69.545601    -749.67        nan        nan    303.784        nan        nan        nan      0.011
           ARGO         6903553 2019     6  30  10     0.755050    69.545601    -754.33        nan        nan        nan        nan        nan        nan      0.014
           ARGO         6903553 2019     6  30  10     0.755050    69.545601    -758.40        nan        nan    303.859        nan        nan        nan      0.011
           ARGO         6903553 2019     6  30  10     0.755050    69.545601    -763.69        nan        nan        nan        nan        nan        nan      0.014
           ARGO         6903553 2019     6  30  10     0.755050    69.545601    -784.45        nan        nan        nan        nan        nan        nan      0.011
           ARGO         6903553 2019     6  30  10     0.755050    69.545601    -789.20        nan        nan    304.026        nan        nan        nan      0.011
           ARGO         6903553 2019     6  30  10     0.755050    69.545601    -799.72        nan        nan    303.996        nan        nan        nan      0.011
           ARGO         6903553 2019     6  30  10     0.755050    69.545601    -804.43        nan        nan        nan        nan        nan        nan      0.014
           ARGO         6903553 2019     6  30  10     0.755050    69.545601    -809.68        nan        nan    303.779        nan        nan        nan      0.011
           ARGO         6903553 2019     6  30  10     0.755050    69.545601    -814.45        nan        nan        nan        nan        nan        nan      0.014
           ARGO         6903553 2019     6  30  10     0.755050    69.545601    -819.05        nan        nan    303.766        nan        nan        nan      0.011
           ARGO         6903553 2019     6  30  10     0.755050    69.545601    -824.33        nan        nan        nan        nan        nan        nan      0.011
           ARGO         6903553 2019     6  30  10     0.755050    69.545601    -829.74        nan        nan    303.933        nan        nan        nan      0.011
           ARGO         6903553 2019     6  30  10     0.755050    69.545601    -834.48        nan        nan        nan        nan        nan        nan      0.011
           ARGO         6903553 2019     6  30  10     0.755050    69.545601    -844.46        nan        nan        nan        nan        nan        nan      0.011
           ARGO         6903553 2019     6  30  10     0.755050    69.545601    -854.35        nan        nan        nan        nan        nan        nan      0.011
           ARGO         6903553 2019     6  30  10     0.755050    69.545601    -859.71        nan        nan    303.744        nan        nan        nan      0.011
           ARGO         6903553 2019     6  30  10     0.755050    69.545601    -864.42        nan        nan        nan        nan        nan        nan      0.014
           ARGO         6903553 2019     6  30  10     0.755050    69.545601    -869.63        nan        nan    303.414        nan        nan        nan      0.011
           ARGO         6903553 2019     6  30  10     0.755050    69.545601    -874.37        nan        nan        nan        nan        nan        nan      0.011
           ARGO         6903553 2019     6  30  10     0.755050    69.545601    -879.59        nan        nan    303.571        nan        nan        nan      0.011
           ARGO         6903553 2019     6  30  10     0.755050    69.545601    -884.31        nan        nan        nan        nan        nan        nan      0.011
           ARGO         6903553 2019     6  30  10     0.755050    69.545601    -894.24        nan        nan        nan        nan        nan        nan      0.011
           ARGO         6903553 2019     6  30  10     0.755050    69.545601    -899.23        nan        nan    303.445        nan        nan        nan      0.011
           ARGO         6903553 2019     6  30  10     0.755050    69.545601    -909.24        nan        nan    303.329        nan        nan        nan      0.014
           ARGO         6903553 2019     6  30  10     0.755050    69.545601    -914.41        nan        nan        nan        nan        nan        nan      0.011
           ARGO         6903553 2019     6  30  10     0.755050    69.545601    -919.22        nan        nan    303.287        nan        nan        nan      0.011
           ARGO         6903553 2019     6  30  10     0.755050    69.545601    -934.44        nan        nan        nan        nan        nan        nan      0.011
           ARGO         6903553 2019     6  30  10     0.755050    69.545601    -939.65        nan        nan    302.905        nan        nan        nan      0.011
           ARGO         6903553 2019     6  30  10     0.755050    69.545601    -944.51        nan        nan        nan        nan        nan        nan      0.011
           ARGO         6903553 2019     6  30  10     0.755050    69.545601    -949.66        nan        nan    302.726        nan        nan        nan      0.011
           ARGO         6903553 2019     6  30  10     0.755050    69.545601    -954.31        nan        nan        nan        nan        nan        nan      0.014
           ARGO         6903553 2019     6  30  10     0.755050    69.545601    -959.62        nan        nan    302.522        nan        nan        nan      0.011
           ARGO         6903553 2019     6  30  10     0.755050    69.545601    -964.31        nan        nan        nan        nan        nan        nan      0.014
           ARGO         6903553 2019     6  30  10     0.755050    69.545601    -974.27        nan        nan        nan        nan        nan        nan      0.011
           ARGO         6903553 2019     6  30  10     0.755050    69.545601    -984.14        nan        nan        nan        nan        nan        nan      0.011
           ARGO         6903553 2019     6  30  10     0.755050    69.545601    -988.83        nan        nan    301.347        nan        nan        nan      0.011
           ARGO         6903553 2019     6  30  10     0.755050    69.545601    -994.19        nan        nan        nan        nan        nan        nan      0.011
           ARGO         6903553 2019     6  30  10     0.755050    69.545601    -999.55        nan        nan    301.003        nan        nan        nan      0.010
           ARGO         6903553 2019     6  30  10     0.755050    69.545601   -1009.40        nan        nan    300.642        nan        nan        nan      0.010
           ARGO         6903553 2019     6  30  10     0.755050    69.545601   -1019.45        nan        nan    300.092        nan        nan        nan      0.011
           ARGO         6903553 2019     6  30  10     0.755050    69.545601   -1024.29        nan        nan        nan        nan        nan        nan      0.011
           ARGO         6903553 2019     6  30  10     0.755050    69.545601   -1029.59        nan        nan    299.519        nan        nan        nan      0.011
           ARGO         6903553 2019     6  30  10     0.755050    69.545601   -1034.35        nan        nan        nan        nan        nan        nan      0.011
           ARGO         6903553 2019     6  30  10     0.755050    69.545601   -1039.42        nan        nan    299.486        nan        nan        nan      0.011
           ARGO         6903553 2019     6  30  10     0.755050    69.545601   -1044.30        nan        nan        nan        nan        nan        nan      0.014
           ARGO         6903553 2019     6  30  10     0.755050    69.545601   -1049.31        nan        nan    299.023        nan        nan        nan      0.010
           ARGO         6903553 2019     6  30  10     0.755050    69.545601   -1058.81        nan        nan    298.288        nan        nan        nan      0.014
           ARGO         6903553 2019     6  30  10     0.755050    69.545601   -1063.96        nan        nan        nan        nan        nan        nan      0.011
           ARGO         6903553 2019     6  30  10     0.755050    69.545601   -1069.52        nan        nan    297.215        nan        nan        nan      0.011
           ARGO         6903553 2019     6  30  10     0.755050    69.545601   -1074.39        nan        nan        nan        nan        nan        nan      0.011
           ARGO         6903553 2019     6  30  10     0.755050    69.545601   -1079.65        nan        nan    296.604        nan        nan        nan      0.011
           ARGO         6903553 2019     6  30  10     0.755050    69.545601   -1084.36        nan        nan        nan        nan        nan        nan      0.011
           ARGO         6903553 2019     6  30  10     0.755050    69.545601   -1089.42        nan        nan    296.618        nan        nan        nan      0.014
           ARGO         6903553 2019     6  30  10     0.755050    69.545601   -1098.52        nan        nan    296.421        nan        nan        nan      0.011
           ARGO         6903553 2019     6  30  10     0.755050    69.545601   -1103.73        nan        nan        nan        nan        nan        nan      0.011
           ARGO         6903553 2019     6  30  10     0.755050    69.545601   -1109.24        nan        nan    297.351        nan        nan        nan      0.014
           ARGO         6903553 2019     6  30  10     0.755050    69.545601   -1119.82        nan        nan    298.631        nan        nan        nan      0.014
           ARGO         6903553 2019     6  30  10     0.755050    69.545601   -1124.57        nan        nan        nan        nan        nan        nan      0.011
           ARGO         6903553 2019     6  30  10     0.755050    69.545601   -1129.77        nan        nan    300.205        nan        nan        nan      0.011
           ARGO         6903553 2019     6  30  10     0.755050    69.545601   -1134.60        nan        nan        nan        nan        nan        nan      0.011
           ARGO         6903553 2019     6  30  10     0.755050    69.545601   -1139.86        nan        nan    302.491        nan        nan        nan      0.018
           ARGO         6903553 2019     6  30  10     0.755050    69.545601   -1144.42        nan        nan        nan        nan        nan        nan      0.014
           ARGO         6903553 2019     6  30  10     0.755050    69.545601   -1148.91        nan        nan    304.053        nan        nan        nan      0.018
           ARGO         6903553 2019     6  30  10     0.755050    69.545601   -1153.88        nan        nan        nan        nan        nan        nan      0.018
           ARGO         6903553 2019     6  30  10     0.755050    69.545601   -1158.57        nan        nan    305.003        nan        nan        nan      0.011
           ARGO         6903553 2019     6  30  10     0.755050    69.545601   -1164.03        nan        nan        nan        nan        nan        nan      0.014
           ARGO         6903553 2019     6  30  10     0.755050    69.545601   -1169.64        nan        nan    305.449        nan        nan        nan      0.011
           ARGO         6903553 2019     6  30  10     0.755050    69.545601   -1174.66        nan        nan        nan        nan        nan        nan      0.011
           ARGO         6903553 2019     6  30  10     0.755050    69.545601   -1179.73        nan        nan    305.613        nan        nan        nan      0.011
           ARGO         6903553 2019     6  30  10     0.755050    69.545601   -1184.57        nan        nan        nan        nan        nan        nan      0.011
           ARGO         6903553 2019     6  30  10     0.755050    69.545601   -1189.72        nan        nan    306.295        nan        nan        nan      0.011
           ARGO         6903553 2019     6  30  10     0.755050    69.545601   -1194.60        nan        nan        nan        nan        nan        nan      0.014
           ARGO         6903553 2019     6  30  10     0.755050    69.545601   -1199.19        nan        nan    306.482        nan        nan        nan      0.011
           ARGO         6903553 2019     6  30  10     0.755050    69.545601   -1204.25        nan        nan        nan        nan        nan        nan      0.018
           ARGO         6903553 2019     6  30  10     0.755050    69.545601   -1209.03        nan        nan    306.679        nan        nan        nan      0.014
           ARGO         6903553 2019     6  30  10     0.755050    69.545601   -1214.29        nan        nan        nan        nan        nan        nan      0.018
           ARGO         6903553 2019     6  30  10     0.755050    69.545601   -1219.00        nan        nan    306.827        nan        nan        nan      0.014
           ARGO         6903553 2019     6  30  10     0.755050    69.545601   -1224.18        nan        nan        nan        nan        nan        nan      0.011
           ARGO         6903553 2019     6  30  10     0.755050    69.545601   -1229.46        nan        nan    307.008        nan        nan        nan      0.011
           ARGO         6903553 2019     6  30  10     0.755050    69.545601   -1234.39        nan        nan        nan        nan        nan        nan      0.011
           ARGO         6903553 2019     6  30  10     0.755050    69.545601   -1239.05        nan        nan    307.060        nan        nan        nan      0.014
           ARGO         6903553 2019     6  30  10     0.755050    69.545601   -1244.19        nan        nan        nan        nan        nan        nan      0.014
           ARGO         6903553 2019     6  30  10     0.755050    69.545601   -1249.52        nan        nan    307.110        nan        nan        nan      0.014
           ARGO         6903553 2019     6  30  10     0.755050    69.545601   -1254.12        nan        nan        nan        nan        nan        nan      0.011
           ARGO         6903553 2019     6  30  10     0.755050    69.545601   -1259.20        nan        nan    307.559        nan        nan        nan      0.017
           ARGO         6903553 2019     6  30  10     0.755050    69.545601   -1264.28        nan        nan        nan        nan        nan        nan      0.011
           ARGO         6903553 2019     6  30  10     0.755050    69.545601   -1269.50        nan        nan    307.612        nan        nan        nan      0.011
           ARGO         6903553 2019     6  30  10     0.755050    69.545601   -1274.23        nan        nan        nan        nan        nan        nan      0.011
           ARGO         6903553 2019     6  30  10     0.755050    69.545601   -1279.53        nan        nan    307.610        nan        nan        nan      0.018
           ARGO         6903553 2019     6  30  10     0.755050    69.545601   -1284.31        nan        nan        nan        nan        nan        nan      0.018
           ARGO         6903553 2019     6  30  10     0.755050    69.545601   -1288.82        nan        nan    307.955        nan        nan        nan      0.011
           ARGO         6903553 2019     6  30  10     0.755050    69.545601   -1294.13        nan        nan        nan        nan        nan        nan      0.018
           ARGO         6903553 2019     6  30  10     0.755050    69.545601   -1298.98        nan        nan    308.017        nan        nan        nan      0.014
           ARGO         6903553 2019     6  30  10     0.755050    69.545601   -1304.17        nan        nan        nan        nan        nan        nan      0.011
           ARGO         6903553 2019     6  30  10     0.755050    69.545601   -1309.42        nan        nan    307.901        nan        nan        nan      0.012
           ARGO         6903553 2019     6  30  10     0.755050    69.545601   -1314.23        nan        nan        nan        nan        nan        nan      0.018
           ARGO         6903553 2019     6  30  10     0.755050    69.545601   -1319.42        nan        nan    307.914        nan        nan        nan      0.011
           ARGO         6903553 2019     6  30  10     0.755050    69.545601   -1324.24        nan        nan        nan        nan        nan        nan      0.011
           ARGO         6903553 2019     6  30  10     0.755050    69.545601   -1329.46        nan        nan    307.864        nan        nan        nan      0.011
           ARGO         6903553 2019     6  30  10     0.755050    69.545601   -1334.10        nan        nan        nan        nan        nan        nan      0.011
           ARGO         6903553 2019     6  30  10     0.755050    69.545601   -1338.67        nan        nan    307.911        nan        nan        nan      0.011
           ARGO         6903553 2019     6  30  10     0.755050    69.545601   -1343.93        nan        nan        nan        nan        nan        nan      0.018
           ARGO         6903553 2019     6  30  10     0.755050    69.545601   -1349.38        nan        nan    307.827        nan        nan        nan      0.014
           ARGO         6903553 2019     6  30  10     0.755050    69.545601   -1354.26        nan        nan        nan        nan        nan        nan      0.011
           ARGO         6903553 2019     6  30  10     0.755050    69.545601   -1359.51        nan        nan    307.760        nan        nan        nan      0.017
           ARGO         6903553 2019     6  30  10     0.755050    69.545601   -1364.35        nan        nan        nan        nan        nan        nan      0.011
           ARGO         6903553 2019     6  30  10     0.755050    69.545601   -1369.47        nan        nan    307.971        nan        nan        nan      0.011
           ARGO         6903553 2019     6  30  10     0.755050    69.545601   -1374.20        nan        nan        nan        nan        nan        nan      0.014
           ARGO         6903553 2019     6  30  10     0.755050    69.545601   -1378.93        nan        nan    307.756        nan        nan        nan      0.011
           ARGO         6903553 2019     6  30  10     0.755050    69.545601   -1384.07        nan        nan        nan        nan        nan        nan      0.011
           ARGO         6903553 2019     6  30  10     0.755050    69.545601   -1389.34        nan        nan    307.838        nan        nan        nan      0.014
           ARGO         6903553 2019     6  30  10     0.755050    69.545601   -1394.22        nan        nan        nan        nan        nan        nan      0.011
           ARGO         6903553 2019     6  30  10     0.755050    69.545601   -1399.16        nan        nan    307.878        nan        nan        nan      0.011
           ARGO         6903553 2019     6  30  10     0.755050    69.545601   -1404.09        nan        nan        nan        nan        nan        nan      0.011
           ARGO         6903553 2019     6  30  10     0.755050    69.545601   -1408.87        nan        nan    307.867        nan        nan        nan      0.014
           ARGO         6903553 2019     6  30  10     0.755050    69.545601   -1414.10        nan        nan        nan        nan        nan        nan      0.014
           ARGO         6903553 2019     6  30  10     0.755050    69.545601   -1418.80        nan        nan    307.806        nan        nan        nan      0.011
           ARGO         6903553 2019     6  30  10     0.755050    69.545601   -1424.17        nan        nan        nan        nan        nan        nan      0.014
           ARGO         6903553 2019     6  30  10     0.755050    69.545601   -1428.99        nan        nan    307.893        nan        nan        nan      0.014
           ARGO         6903553 2019     6  30  10     0.755050    69.545601   -1434.21        nan        nan        nan        nan        nan        nan      0.011
           ARGO         6903553 2019     6  30  10     0.755050    69.545601   -1439.46        nan        nan    307.769        nan        nan        nan      0.011
           ARGO         6903553 2019     6  30  10     0.755050    69.545601   -1444.31        nan        nan        nan        nan        nan        nan      0.011
           ARGO         6903553 2019     6  30  10     0.755050    69.545601   -1449.52        nan        nan    307.682        nan        nan        nan      0.014
           ARGO         6903553 2019     6  30  10     0.755050    69.545601   -1454.29        nan        nan        nan        nan        nan        nan      0.014
           ARGO         6903553 2019     6  30  10     0.755050    69.545601   -1459.52        nan        nan    307.627        nan        nan        nan      0.014
           ARGO         6903553 2019     6  30  10     0.755050    69.545601   -1464.39        nan        nan        nan        nan        nan        nan      0.011
           ARGO         6903553 2019     6  30  10     0.755050    69.545601   -1469.12        nan        nan    307.516        nan        nan        nan      0.011
           ARGO         6903553 2019     6  30  10     0.755050    69.545601   -1474.30        nan        nan        nan        nan        nan        nan      0.014
           ARGO         6903553 2019     6  30  10     0.755050    69.545601   -1479.52        nan        nan    307.527        nan        nan        nan      0.017
           ARGO         6903553 2019     6  30  10     0.755050    69.545601   -1484.31        nan        nan        nan        nan        nan        nan      0.011
           ARGO         6903553 2019     6  30  10     0.755050    69.545601   -1488.47        nan        nan    307.529        nan        nan        nan      0.014
           ARGO         6903553 2019     6  30  10     0.755050    69.545601   -1493.59        nan        nan        nan        nan        nan        nan      0.014
           ARGO         6903553 2019     6  30  10     0.755050    69.545601   -1499.32        nan        nan    307.348        nan        nan        nan      0.011
           ARGO         6903553 2019     6  30  10     0.755050    69.545601   -1504.35        nan        nan        nan        nan        nan        nan      0.011
           ARGO         6903553 2019     6  30  10     0.755050    69.545601   -1509.70        nan        nan    307.288        nan        nan        nan      0.015
           ARGO         6903553 2019     6  30  10     0.755050    69.545601   -1514.47        nan        nan        nan        nan        nan        nan      0.018
           ARGO         6903553 2019     6  30  10     0.755050    69.545601   -1519.68        nan        nan    307.183        nan        nan        nan      0.011
           ARGO         6903553 2019     6  30  10     0.755050    69.545601   -1524.54        nan        nan        nan        nan        nan        nan      0.011
           ARGO         6903553 2019     6  30  10     0.755050    69.545601   -1529.26        nan        nan    307.256        nan        nan        nan      0.011
           ARGO         6903553 2019     6  30  10     0.755050    69.545601   -1534.27        nan        nan        nan        nan        nan        nan      0.011
           ARGO         6903553 2019     6  30  10     0.755050    69.545601   -1539.48        nan        nan    307.183        nan        nan        nan      0.011
           ARGO         6903553 2019     6  30  10     0.755050    69.545601   -1544.47        nan        nan        nan        nan        nan        nan      0.011
           ARGO         6903553 2019     6  30  10     0.755050    69.545601   -1549.60        nan        nan    307.338        nan        nan        nan      0.014
           ARGO         6903553 2019     6  30  10     0.755050    69.545601   -1554.24        nan        nan        nan        nan        nan        nan      0.011
           ARGO         6903553 2019     6  30  10     0.755050    69.545601   -1558.86        nan        nan    307.332        nan        nan        nan      0.011
           ARGO         6903553 2019     6  30  10     0.755050    69.545601   -1564.16        nan        nan        nan        nan        nan        nan      0.011
           ARGO         6903553 2019     6  30  10     0.755050    69.545601   -1569.70        nan        nan    307.330        nan        nan        nan      0.011
           ARGO         6903553 2019     6  30  10     0.755050    69.545601   -1574.53        nan        nan        nan        nan        nan        nan      0.011
           ARGO         6903553 2019     6  30  10     0.755050    69.545601   -1579.64        nan        nan    307.276        nan        nan        nan      0.014
           ARGO         6903553 2019     6  30  10     0.755050    69.545601   -1584.56        nan        nan        nan        nan        nan        nan      0.011
           ARGO         6903553 2019     6  30  10     0.755050    69.545601   -1589.71        nan        nan    307.162        nan        nan        nan      0.011
           ARGO         6903553 2019     6  30  10     0.755050    69.545601   -1594.49        nan        nan        nan        nan        nan        nan      0.011
           ARGO         6903553 2019     6  30  10     0.755050    69.545601   -1599.14        nan        nan    307.180        nan        nan        nan      0.011
           ARGO         6903553 2019     6  30  10     0.755050    69.545601   -1604.28        nan        nan        nan        nan        nan        nan      0.011
           ARGO         6903553 2019     6  30  10     0.755050    69.545601   -1609.13        nan        nan    307.220        nan        nan        nan      0.022
           ARGO         6903553 2019     6  30  10     0.755050    69.545601   -1614.32        nan        nan        nan        nan        nan        nan      0.011
           ARGO         6903553 2019     6  30  10     0.755050    69.545601   -1619.03        nan        nan    307.030        nan        nan        nan      0.018
           ARGO         6903553 2019     6  30  10     0.755050    69.545601   -1623.67        nan        nan        nan        nan        nan        nan      0.011
           ARGO         6903553 2019     6  30  10     0.755050    69.545601   -1628.24        nan        nan    307.012        nan        nan        nan      0.011
           ARGO         6903553 2019     6  30  10     0.755050    69.545601   -1633.94        nan        nan        nan        nan        nan        nan      0.011
           ARGO         6903553 2019     6  30  10     0.755050    69.545601   -1639.65        nan        nan    306.961        nan        nan        nan      0.014
           ARGO         6903553 2019     6  30  10     0.755050    69.545601   -1644.42        nan        nan        nan        nan        nan        nan      0.011
           ARGO         6903553 2019     6  30  10     0.755050    69.545601   -1649.17        nan        nan    307.006        nan        nan        nan      0.011
           ARGO         6903553 2019     6  30  10     0.755050    69.545601   -1654.34        nan        nan        nan        nan        nan        nan      0.014
           ARGO         6903553 2019     6  30  10     0.755050    69.545601   -1659.13        nan        nan    306.981        nan        nan        nan      0.014
           ARGO         6903553 2019     6  30  10     0.755050    69.545601   -1664.33        nan        nan        nan        nan        nan        nan      0.014
           ARGO         6903553 2019     6  30  10     0.755050    69.545601   -1669.13        nan        nan    306.880        nan        nan        nan      0.011
           ARGO         6903553 2019     6  30  10     0.755050    69.545601   -1674.40        nan        nan        nan        nan        nan        nan      0.011
           ARGO         6903553 2019     6  30  10     0.755050    69.545601   -1679.69        nan        nan    306.856        nan        nan        nan      0.011
           ARGO         6903553 2019     6  30  10     0.755050    69.545601   -1684.43        nan        nan        nan        nan        nan        nan      0.014
           ARGO         6903553 2019     6  30  10     0.755050    69.545601   -1689.13        nan        nan    306.805        nan        nan        nan      0.014
           ARGO         6903553 2019     6  30  10     0.755050    69.545601   -1694.30        nan        nan        nan        nan        nan        nan      0.011
           ARGO         6903553 2019     6  30  10     0.755050    69.545601   -1699.56        nan        nan    306.678        nan        nan        nan      0.011
           ARGO         6903553 2019     6  30  10     0.755050    69.545601   -1704.27        nan        nan        nan        nan        nan        nan      0.011
           ARGO         6903553 2019     6  30  10     0.755050    69.545601   -1714.30        nan        nan        nan        nan        nan        nan      0.011
           ARGO         6903553 2019     6  30  10     0.755050    69.545601   -1719.49        nan        nan    306.569        nan        nan        nan      0.014
           ARGO         6903553 2019     6  30  10     0.755050    69.545601   -1724.30        nan        nan        nan        nan        nan        nan      0.011
           ARGO         6903553 2019     6  30  10     0.755050    69.545601   -1729.01        nan        nan    306.352        nan        nan        nan      0.011
           ARGO         6903553 2019     6  30  10     0.755050    69.545601   -1734.35        nan        nan        nan        nan        nan        nan      0.011
           ARGO         6903553 2019     6  30  10     0.755050    69.545601   -1739.70        nan        nan    306.270        nan        nan        nan      0.014
           ARGO         6903553 2019     6  30  10     0.755050    69.545601   -1744.41        nan        nan        nan        nan        nan        nan      0.014
           ARGO         6903553 2019     6  30  10     0.755050    69.545601   -1749.61        nan        nan    306.046        nan        nan        nan      0.011
           ARGO         6903553 2019     6  30  10     0.755050    69.545601   -1754.31        nan        nan        nan        nan        nan        nan      0.014
           ARGO         6903553 2019     6  30  10     0.755050    69.545601   -1759.54        nan        nan    306.040        nan        nan        nan      0.011
           ARGO         6903553 2019     6  30  10     0.755050    69.545601   -1763.84        nan        nan        nan        nan        nan        nan      0.011
           ARGO         6903553 2019     6  30  10     0.755050    69.545601   -1768.08        nan        nan    305.937        nan        nan        nan      0.011
           ARGO         6903553 2019     6  30  10     0.755050    69.545601   -1779.52        nan        nan    305.868        nan        nan        nan      0.011
           ARGO         6903553 2019     6  30  10     0.755050    69.545601   -1784.58        nan        nan        nan        nan        nan        nan      0.018
           ARGO         6903553 2019     6  30  10     0.755050    69.545601   -1789.77        nan        nan    305.614        nan        nan        nan      0.011
           ARGO         6903553 2019     6  30  10     0.755050    69.545601   -1794.54        nan        nan        nan        nan        nan        nan      0.011
           ARGO         6903553 2019     6  30  10     0.755050    69.545601   -1799.80        nan        nan    305.562        nan        nan        nan      0.017
           ARGO         6903553 2019     6  30  10     0.755050    69.545601   -1804.48        nan        nan        nan        nan        nan        nan      0.011
           ARGO         6903553 2019     6  30  10     0.755050    69.545601   -1809.66        nan        nan    305.424        nan        nan        nan      0.014
           ARGO         6903553 2019     6  30  10     0.755050    69.545601   -1814.58        nan        nan        nan        nan        nan        nan      0.011
           ARGO         6903553 2019     6  30  10     0.755050    69.545601   -1819.24        nan        nan    305.255        nan        nan        nan      0.011
           ARGO         6903553 2019     6  30  10     0.755050    69.545601   -1824.48        nan        nan        nan        nan        nan        nan      0.018
           ARGO         6903553 2019     6  30  10     0.755050    69.545601   -1829.72        nan        nan    305.145        nan        nan        nan      0.010
           ARGO         6903553 2019     6  30  10     0.755050    69.545601   -1839.61        nan        nan    305.039        nan        nan        nan      0.011
           ARGO         6903553 2019     6  30  10     0.755050    69.545601   -1844.37        nan        nan        nan        nan        nan        nan      0.014
           ARGO         6903553 2019     6  30  10     0.755050    69.545601   -1849.60        nan        nan    304.787        nan        nan        nan      0.011
           ARGO         6903553 2019     6  30  10     0.755050    69.545601   -1854.34        nan        nan        nan        nan        nan        nan      0.014
           ARGO         6903553 2019     6  30  10     0.755050    69.545601   -1859.06        nan        nan    304.815        nan        nan        nan      0.011
           ARGO         6903553 2019     6  30  10     0.755050    69.545601   -1864.21        nan        nan        nan        nan        nan        nan      0.014
           ARGO         6903553 2019     6  30  10     0.755050    69.545601   -1869.02        nan        nan    304.528        nan        nan        nan      0.011
           ARGO         6903553 2019     6  30  10     0.755050    69.545601   -1874.29        nan        nan        nan        nan        nan        nan      0.011
           ARGO         6903553 2019     6  30  10     0.755050    69.545601   -1879.06        nan        nan    304.343        nan        nan        nan      0.011
           ARGO         6903553 2019     6  30  10     0.755050    69.545601   -1884.30        nan        nan        nan        nan        nan        nan      0.011
           ARGO         6903553 2019     6  30  10     0.755050    69.545601   -1889.01        nan        nan    304.188        nan        nan        nan      0.011
           ARGO         6903553 2019     6  30  10     0.755050    69.545601   -1894.26        nan        nan        nan        nan        nan        nan      0.011
           ARGO         6903553 2019     6  30  10     0.755050    69.545601   -1899.04        nan        nan    304.042        nan        nan        nan      0.011
           ARGO         6903553 2019     6  30  10     0.755050    69.545601   -1904.27        nan        nan        nan        nan        nan        nan      0.011
           ARGO         6903553 2019     6  30  10     0.755050    69.545601   -1909.05        nan        nan    303.800        nan        nan        nan      0.014
           ARGO         6903553 2019     6  30  10     0.755050    69.545601   -1914.29        nan        nan        nan        nan        nan        nan      0.011
           ARGO         6903553 2019     6  30  10     0.755050    69.545601   -1924.39        nan        nan        nan        nan        nan        nan      0.014
           ARGO         6903553 2019     6  30  10     0.755050    69.545601   -1929.56        nan        nan    303.706        nan        nan        nan      0.011
           ARGO         6903553 2019     6  30  10     0.755050    69.545601   -1934.29        nan        nan        nan        nan        nan        nan      0.014
           ARGO         6903553 2019     6  30  10     0.755050    69.545601   -1939.56        nan        nan    303.469        nan        nan        nan      0.014
           ARGO         6903553 2019     6  30  10     0.755050    69.545601   -1944.34        nan        nan        nan        nan        nan        nan      0.011
           ARGO         6903553 2019     6  30  10     0.755050    69.545601   -1949.62        nan        nan    303.373        nan        nan        nan      0.011
           ARGO         6903553 2019     6  30  10     0.755050    69.545601   -1954.01        nan        nan        nan        nan        nan        nan      0.011
           ARGO         6903553 2019     6  30  10     0.755050    69.545601   -1958.10        nan        nan    303.236        nan        nan        nan      0.011
           ARGO         6903553 2019     6  30  10     0.755050    69.545601   -1963.84        nan        nan        nan        nan        nan        nan      0.011
           ARGO         6903553 2019     6  30  10     0.755050    69.545601   -1969.17        nan        nan    303.013        nan        nan        nan      0.011
           ARGO         6903553 2019     6  30  10     0.755050    69.545601   -1973.80        nan        nan        nan        nan        nan        nan      0.014
           ARGO         6903553 2019     6  30  10     0.755050    69.545601   -1978.96        nan        nan    302.887        nan        nan        nan      0.018
           ARGO         6903553 2019     6  30  10     0.755050    69.545601   -1984.78        nan        nan        nan        nan        nan        nan      0.018
           ARGO         6903553 2019     6  30  10     0.755050    69.545601   -1989.49        nan        nan    302.581        nan        nan        nan      0.014
           ARGO         6903553 2019     6  30  10     0.755050    69.545601   -1995.00        nan        nan    302.499        nan        nan        nan      0.011
           ARGO         6903553 2019     6  30  10     0.755050    69.545601   -2014.51        nan        nan    302.471        nan        nan        nan      0.014
           ARGO         6903554 2019     7   1  10     0.097930    67.647141     -17.79        nan        nan    305.897        nan        nan        nan      1.514
           ARGO         6903554 2019     7   1  10     0.097930    67.647141     -19.67        nan        nan    305.367        nan        nan        nan      1.485
           ARGO         6903554 2019     7   1  10     0.097930    67.647141     -23.65        nan        nan        nan        nan        nan        nan      1.128
           ARGO         6903554 2019     7   1  10     0.097930    67.647141     -25.38        nan        nan    303.423        nan        nan        nan      0.815
           ARGO         6903554 2019     7   1  10     0.097930    67.647141     -27.03        nan        nan        nan        nan        nan        nan      0.533
           ARGO         6903554 2019     7   1  10     0.097930    67.647141     -27.88        nan        nan    303.894        nan        nan        nan      0.500
           ARGO         6903554 2019     7   1  10     0.097930    67.647141     -31.64        nan        nan    304.000        nan        nan        nan      0.345
           ARGO         6903554 2019     7   1  10     0.097930    67.647141     -33.16        nan        nan        nan        nan        nan        nan      0.310
           ARGO         6903554 2019     7   1  10     0.097930    67.647141     -34.00        nan        nan    303.538        nan        nan        nan      0.279
           ARGO         6903554 2019     7   1  10     0.097930    67.647141     -35.61        nan        nan    304.590        nan        nan        nan      0.220
           ARGO         6903554 2019     7   1  10     0.097930    67.647141     -37.30        nan        nan        nan        nan        nan        nan      0.212
           ARGO         6903554 2019     7   1  10     0.097930    67.647141     -39.96        nan        nan    304.476        nan        nan        nan      0.201
           ARGO         6903554 2019     7   1  10     0.097930    67.647141     -41.76        nan        nan        nan        nan        nan        nan      0.161
           ARGO         6903554 2019     7   1  10     0.097930    67.647141     -42.69        nan        nan    303.933        nan        nan        nan      0.174
           ARGO         6903554 2019     7   1  10     0.097930    67.647141     -44.59        nan        nan    303.766        nan        nan        nan      0.244
           ARGO         6903554 2019     7   1  10     0.097930    67.647141     -46.42        nan        nan        nan        nan        nan        nan      0.518
           ARGO         6903554 2019     7   1  10     0.097930    67.647141     -47.38        nan        nan    302.968        nan        nan        nan      0.158
           ARGO         6903554 2019     7   1  10     0.097930    67.647141     -49.38        nan        nan    302.119        nan        nan        nan      0.137
           ARGO         6903554 2019     7   1  10     0.097930    67.647141     -51.34        nan        nan        nan        nan        nan        nan      0.128
           ARGO         6903554 2019     7   1  10     0.097930    67.647141     -54.50        nan        nan    302.752        nan        nan        nan      0.131
           ARGO         6903554 2019     7   1  10     0.097930    67.647141     -56.41        nan        nan        nan        nan        nan        nan      0.128
           ARGO         6903554 2019     7   1  10     0.097930    67.647141     -59.57        nan        nan    302.087        nan        nan        nan      0.134
           ARGO         6903554 2019     7   1  10     0.097930    67.647141     -61.45        nan        nan        nan        nan        nan        nan      0.117
           ARGO         6903554 2019     7   1  10     0.097930    67.647141     -64.60        nan        nan    300.352        nan        nan        nan      0.104
           ARGO         6903554 2019     7   1  10     0.097930    67.647141     -66.61        nan        nan        nan        nan        nan        nan      0.069
           ARGO         6903554 2019     7   1  10     0.097930    67.647141     -67.73        nan        nan    299.695        nan        nan        nan      0.078
           ARGO         6903554 2019     7   1  10     0.097930    67.647141     -69.90        nan        nan    299.012        nan        nan        nan      0.072
           ARGO         6903554 2019     7   1  10     0.097930    67.647141     -71.89        nan        nan        nan        nan        nan        nan      0.069
           ARGO         6903554 2019     7   1  10     0.097930    67.647141     -72.95        nan        nan    298.380        nan        nan        nan      0.069
           ARGO         6903554 2019     7   1  10     0.097930    67.647141     -75.03        nan        nan    298.343        nan        nan        nan      0.047
           ARGO         6903554 2019     7   1  10     0.097930    67.647141     -77.02        nan        nan        nan        nan        nan        nan      0.047
           ARGO         6903554 2019     7   1  10     0.097930    67.647141     -78.06        nan        nan    298.373        nan        nan        nan      0.056
           ARGO         6903554 2019     7   1  10     0.097930    67.647141     -80.11        nan        nan    298.262        nan        nan        nan      0.044
           ARGO         6903554 2019     7   1  10     0.097930    67.647141     -82.16        nan        nan        nan        nan        nan        nan      0.058
           ARGO         6903554 2019     7   1  10     0.097930    67.647141     -83.22        nan        nan    298.833        nan        nan        nan      0.037
           ARGO         6903554 2019     7   1  10     0.097930    67.647141     -85.42        nan        nan    298.943        nan        nan        nan      0.020
           ARGO         6903554 2019     7   1  10     0.097930    67.647141     -87.35        nan        nan        nan        nan        nan        nan      0.036
           ARGO         6903554 2019     7   1  10     0.097930    67.647141     -88.48        nan        nan    299.512        nan        nan        nan      0.038
           ARGO         6903554 2019     7   1  10     0.097930    67.647141     -90.54        nan        nan    300.203        nan        nan        nan      0.026
           ARGO         6903554 2019     7   1  10     0.097930    67.647141     -92.67        nan        nan        nan        nan        nan        nan      0.044
           ARGO         6903554 2019     7   1  10     0.097930    67.647141     -93.77        nan        nan    300.604        nan        nan        nan      0.037
           ARGO         6903554 2019     7   1  10     0.097930    67.647141     -95.85        nan        nan    300.967        nan        nan        nan      0.020
           ARGO         6903554 2019     7   1  10     0.097930    67.647141     -97.91        nan        nan        nan        nan        nan        nan      0.026
           ARGO         6903554 2019     7   1  10     0.097930    67.647141     -99.01        nan        nan    301.202        nan        nan        nan      0.035
           ARGO         6903554 2019     7   1  10     0.097930    67.647141    -102.68        nan        nan        nan        nan        nan        nan      0.026
           ARGO         6903554 2019     7   1  10     0.097930    67.647141    -107.90        nan        nan        nan        nan        nan        nan      0.029
           ARGO         6903554 2019     7   1  10     0.097930    67.647141    -109.01        nan        nan    302.656        nan        nan        nan      0.028
           ARGO         6903554 2019     7   1  10     0.097930    67.647141    -113.04        nan        nan        nan        nan        nan        nan      0.044
           ARGO         6903554 2019     7   1  10     0.097930    67.647141    -117.75        nan        nan        nan        nan        nan        nan      0.029
           ARGO         6903554 2019     7   1  10     0.097930    67.647141    -118.81        nan        nan    302.714        nan        nan        nan      0.034
           ARGO         6903554 2019     7   1  10     0.097930    67.647141    -123.03        nan        nan        nan        nan        nan        nan      0.044
           ARGO         6903554 2019     7   1  10     0.097930    67.647141    -124.12        nan        nan    303.012        nan        nan        nan      0.036
           ARGO         6903554 2019     7   1  10     0.097930    67.647141    -128.01        nan        nan        nan        nan        nan        nan      0.036
           ARGO         6903554 2019     7   1  10     0.097930    67.647141    -129.07        nan        nan    302.840        nan        nan        nan      0.019
           ARGO         6903554 2019     7   1  10     0.097930    67.647141    -132.85        nan        nan        nan        nan        nan        nan      0.026
           ARGO         6903554 2019     7   1  10     0.097930    67.647141    -133.94        nan        nan    303.127        nan        nan        nan      0.020
           ARGO         6903554 2019     7   1  10     0.097930    67.647141    -137.78        nan        nan        nan        nan        nan        nan      0.029
           ARGO         6903554 2019     7   1  10     0.097930    67.647141    -138.87        nan        nan    303.061        nan        nan        nan      0.030
           ARGO         6903554 2019     7   1  10     0.097930    67.647141    -142.80        nan        nan        nan        nan        nan        nan      0.036
           ARGO         6903554 2019     7   1  10     0.097930    67.647141    -143.95        nan        nan    303.823        nan        nan        nan      0.021
           ARGO         6903554 2019     7   1  10     0.097930    67.647141    -147.74        nan        nan        nan        nan        nan        nan      0.011
           ARGO         6903554 2019     7   1  10     0.097930    67.647141    -148.85        nan        nan    304.221        nan        nan        nan      0.014
           ARGO         6903554 2019     7   1  10     0.097930    67.647141    -152.90        nan        nan        nan        nan        nan        nan      0.033
           ARGO         6903554 2019     7   1  10     0.097930    67.647141    -154.01        nan        nan    303.903        nan        nan        nan      0.010
           ARGO         6903554 2019     7   1  10     0.097930    67.647141    -157.88        nan        nan        nan        nan        nan        nan      0.033
           ARGO         6903554 2019     7   1  10     0.097930    67.647141    -159.02        nan        nan    303.479        nan        nan        nan      0.011
           ARGO         6903554 2019     7   1  10     0.097930    67.647141    -162.81        nan        nan        nan        nan        nan        nan      0.011
           ARGO         6903554 2019     7   1  10     0.097930    67.647141    -163.92        nan        nan    302.032        nan        nan        nan      0.026
           ARGO         6903554 2019     7   1  10     0.097930    67.647141    -167.78        nan        nan        nan        nan        nan        nan      0.026
           ARGO         6903554 2019     7   1  10     0.097930    67.647141    -168.90        nan        nan    301.293        nan        nan        nan      0.022
           ARGO         6903554 2019     7   1  10     0.097930    67.647141    -172.69        nan        nan        nan        nan        nan        nan      0.022
           ARGO         6903554 2019     7   1  10     0.097930    67.647141    -177.54        nan        nan        nan        nan        nan        nan      0.015
           ARGO         6903554 2019     7   1  10     0.097930    67.647141    -178.69        nan        nan    298.894        nan        nan        nan      0.028
           ARGO         6903554 2019     7   1  10     0.097930    67.647141    -182.51        nan        nan        nan        nan        nan        nan      0.022
           ARGO         6903554 2019     7   1  10     0.097930    67.647141    -186.95        nan        nan        nan        nan        nan        nan      0.029
           ARGO         6903554 2019     7   1  10     0.097930    67.647141    -192.58        nan        nan        nan        nan        nan        nan      0.018
           ARGO         6903554 2019     7   1  10     0.097930    67.647141    -193.70        nan        nan    296.206        nan        nan        nan      0.018
           ARGO         6903554 2019     7   1  10     0.097930    67.647141    -198.27        nan        nan        nan        nan        nan        nan      0.015
           ARGO         6903554 2019     7   1  10     0.097930    67.647141    -203.21        nan        nan        nan        nan        nan        nan      0.026
           ARGO         6903554 2019     7   1  10     0.097930    67.647141    -204.15        nan        nan    295.887        nan        nan        nan      0.030
           ARGO         6903554 2019     7   1  10     0.097930    67.647141    -208.37        nan        nan        nan        nan        nan        nan      0.033
           ARGO         6903554 2019     7   1  10     0.097930    67.647141    -209.32        nan        nan    296.902        nan        nan        nan      0.015
           ARGO         6903554 2019     7   1  10     0.097930    67.647141    -213.20        nan        nan        nan        nan        nan        nan      0.018
           ARGO         6903554 2019     7   1  10     0.097930    67.647141    -218.05        nan        nan        nan        nan        nan        nan      0.029
           ARGO         6903554 2019     7   1  10     0.097930    67.647141    -223.12        nan        nan        nan        nan        nan        nan      0.029
           ARGO         6903554 2019     7   1  10     0.097930    67.647141    -224.14        nan        nan    294.479        nan        nan        nan      0.017
           ARGO         6903554 2019     7   1  10     0.097930    67.647141    -228.01        nan        nan        nan        nan        nan        nan      0.033
           ARGO         6903554 2019     7   1  10     0.097930    67.647141    -229.05        nan        nan    292.166        nan        nan        nan      0.030
           ARGO         6903554 2019     7   1  10     0.097930    67.647141    -237.93        nan        nan        nan        nan        nan        nan      0.022
           ARGO         6903554 2019     7   1  10     0.097930    67.647141    -239.00        nan        nan    293.515        nan        nan        nan      0.018
           ARGO         6903554 2019     7   1  10     0.097930    67.647141    -243.01        nan        nan        nan        nan        nan        nan      0.015
           ARGO         6903554 2019     7   1  10     0.097930    67.647141    -244.07        nan        nan    294.112        nan        nan        nan      0.024
           ARGO         6903554 2019     7   1  10     0.097930    67.647141    -248.15        nan        nan        nan        nan        nan        nan      0.011
           ARGO         6903554 2019     7   1  10     0.097930    67.647141    -249.24        nan        nan    294.606        nan        nan        nan      0.024
           ARGO         6903554 2019     7   1  10     0.097930    67.647141    -252.81        nan        nan        nan        nan        nan        nan      0.036
           ARGO         6903554 2019     7   1  10     0.097930    67.647141    -257.55        nan        nan        nan        nan        nan        nan      0.022
           ARGO         6903554 2019     7   1  10     0.097930    67.647141    -258.69        nan        nan    295.781        nan        nan        nan      0.010
           ARGO         6903554 2019     7   1  10     0.097930    67.647141    -262.01        nan        nan        nan        nan        nan        nan      0.029
           ARGO         6903554 2019     7   1  10     0.097930    67.647141    -263.07        nan        nan    296.173        nan        nan        nan      0.021
           ARGO         6903554 2019     7   1  10     0.097930    67.647141    -267.49        nan        nan        nan        nan        nan        nan      0.011
           ARGO         6903554 2019     7   1  10     0.097930    67.647141    -268.57        nan        nan    296.726        nan        nan        nan      0.023
           ARGO         6903554 2019     7   1  10     0.097930    67.647141    -273.42        nan        nan        nan        nan        nan        nan      0.029
           ARGO         6903554 2019     7   1  10     0.097930    67.647141    -278.19        nan        nan        nan        nan        nan        nan      0.011
           ARGO         6903554 2019     7   1  10     0.097930    67.647141    -287.93        nan        nan        nan        nan        nan        nan      0.029
           ARGO         6903554 2019     7   1  10     0.097930    67.647141    -288.88        nan        nan    297.673        nan        nan        nan      0.019
           ARGO         6903554 2019     7   1  10     0.097930    67.647141    -293.10        nan        nan        nan        nan        nan        nan      0.029
           ARGO         6903554 2019     7   1  10     0.097930    67.647141    -294.09        nan        nan    297.529        nan        nan        nan      0.022
           ARGO         6903554 2019     7   1  10     0.097930    67.647141    -298.37        nan        nan        nan        nan        nan        nan      0.022
           ARGO         6903554 2019     7   1  10     0.097930    67.647141    -299.36        nan        nan    298.348        nan        nan        nan      0.023
           ARGO         6903554 2019     7   1  10     0.097930    67.647141    -303.20        nan        nan        nan        nan        nan        nan      0.033
           ARGO         6903554 2019     7   1  10     0.097930    67.647141    -304.17        nan        nan    298.336        nan        nan        nan      0.021
           ARGO         6903554 2019     7   1  10     0.097930    67.647141    -307.88        nan        nan        nan        nan        nan        nan      0.011
           ARGO         6903554 2019     7   1  10     0.097930    67.647141    -308.86        nan        nan    299.054        nan        nan        nan      0.011
           ARGO         6903554 2019     7   1  10     0.097930    67.647141    -312.70        nan        nan        nan        nan        nan        nan      0.015
           ARGO         6903554 2019     7   1  10     0.097930    67.647141    -318.05        nan        nan        nan        nan        nan        nan      0.018
           ARGO         6903554 2019     7   1  10     0.097930    67.647141    -322.77        nan        nan        nan        nan        nan        nan      0.018
           ARGO         6903554 2019     7   1  10     0.097930    67.647141    -328.91        nan        nan    300.442        nan        nan        nan      0.011
           ARGO         6903554 2019     7   1  10     0.097930    67.647141    -332.76        nan        nan        nan        nan        nan        nan      0.040
           ARGO         6903554 2019     7   1  10     0.097930    67.647141    -337.83        nan        nan        nan        nan        nan        nan      0.022
           ARGO         6903554 2019     7   1  10     0.097930    67.647141    -338.90        nan        nan    301.355        nan        nan        nan      0.013
           ARGO         6903554 2019     7   1  10     0.097930    67.647141    -342.87        nan        nan        nan        nan        nan        nan      0.029
           ARGO         6903554 2019     7   1  10     0.097930    67.647141    -347.88        nan        nan        nan        nan        nan        nan      0.011
           ARGO         6903554 2019     7   1  10     0.097930    67.647141    -348.93        nan        nan    301.845        nan        nan        nan      0.025
           ARGO         6903554 2019     7   1  10     0.097930    67.647141    -352.96        nan        nan        nan        nan        nan        nan      0.022
           ARGO         6903554 2019     7   1  10     0.097930    67.647141    -354.00        nan        nan    302.656        nan        nan        nan      0.013
           ARGO         6903554 2019     7   1  10     0.097930    67.647141    -357.94        nan        nan        nan        nan        nan        nan      0.029
           ARGO         6903554 2019     7   1  10     0.097930    67.647141    -358.98        nan        nan    303.055        nan        nan        nan      0.015
           ARGO         6903554 2019     7   1  10     0.097930    67.647141    -363.02        nan        nan        nan        nan        nan        nan      0.015
           ARGO         6903554 2019     7   1  10     0.097930    67.647141    -364.05        nan        nan    303.255        nan        nan        nan      0.029
           ARGO         6903554 2019     7   1  10     0.097930    67.647141    -368.02        nan        nan        nan        nan        nan        nan      0.026
           ARGO         6903554 2019     7   1  10     0.097930    67.647141    -369.04        nan        nan    304.018        nan        nan        nan      0.022
           ARGO         6903554 2019     7   1  10     0.097930    67.647141    -372.90        nan        nan        nan        nan        nan        nan      0.018
           ARGO         6903554 2019     7   1  10     0.097930    67.647141    -373.90        nan        nan    304.198        nan        nan        nan      0.026
           ARGO         6903554 2019     7   1  10     0.097930    67.647141    -378.15        nan        nan        nan        nan        nan        nan      0.029
           ARGO         6903554 2019     7   1  10     0.097930    67.647141    -383.08        nan        nan        nan        nan        nan        nan      0.011
           ARGO         6903554 2019     7   1  10     0.097930    67.647141    -384.09        nan        nan    303.682        nan        nan        nan      0.011
           ARGO         6903554 2019     7   1  10     0.097930    67.647141    -388.02        nan        nan        nan        nan        nan        nan      0.015
           ARGO         6903554 2019     7   1  10     0.097930    67.647141    -389.04        nan        nan    305.035        nan        nan        nan      0.025
           ARGO         6903554 2019     7   1  10     0.097930    67.647141    -392.21        nan        nan        nan        nan        nan        nan      0.022
           ARGO         6903554 2019     7   1  10     0.097930    67.647141    -393.26        nan        nan    305.135        nan        nan        nan      0.020
           ARGO         6903554 2019     7   1  10     0.097930    67.647141    -397.28        nan        nan        nan        nan        nan        nan      0.029
           ARGO         6903554 2019     7   1  10     0.097930    67.647141    -398.34        nan        nan    305.449        nan        nan        nan      0.024
           ARGO         6903554 2019     7   1  10     0.097930    67.647141    -402.21        nan        nan        nan        nan        nan        nan      0.011
           ARGO         6903554 2019     7   1  10     0.097930    67.647141    -408.38        nan        nan        nan        nan        nan        nan      0.033
           ARGO         6903554 2019     7   1  10     0.097930    67.647141    -409.30        nan        nan    305.816        nan        nan        nan      0.039
           ARGO         6903554 2019     7   1  10     0.097930    67.647141    -413.44        nan        nan        nan        nan        nan        nan      0.029
           ARGO         6903554 2019     7   1  10     0.097930    67.647141    -414.32        nan        nan    305.988        nan        nan        nan      0.026
           ARGO         6903554 2019     7   1  10     0.097930    67.647141    -418.41        nan        nan        nan        nan        nan        nan      0.033
           ARGO         6903554 2019     7   1  10     0.097930    67.647141    -423.32        nan        nan        nan        nan        nan        nan      0.015
           ARGO         6903554 2019     7   1  10     0.097930    67.647141    -424.27        nan        nan    306.189        nan        nan        nan      0.012
           ARGO         6903554 2019     7   1  10     0.097930    67.647141    -428.24        nan        nan        nan        nan        nan        nan      0.022
           ARGO         6903554 2019     7   1  10     0.097930    67.647141    -429.23        nan        nan    306.389        nan        nan        nan      0.019
           ARGO         6903554 2019     7   1  10     0.097930    67.647141    -432.75        nan        nan        nan        nan        nan        nan      0.026
           ARGO         6903554 2019     7   1  10     0.097930    67.647141    -433.73        nan        nan    306.529        nan        nan        nan      0.029
           ARGO         6903554 2019     7   1  10     0.097930    67.647141    -437.90        nan        nan        nan        nan        nan        nan      0.026
           ARGO         6903554 2019     7   1  10     0.097930    67.647141    -438.98        nan        nan    306.171        nan        nan        nan      0.034
           ARGO         6903554 2019     7   1  10     0.097930    67.647141    -442.99        nan        nan        nan        nan        nan        nan      0.018
           ARGO         6903554 2019     7   1  10     0.097930    67.647141    -444.01        nan        nan    307.134        nan        nan        nan      0.034
           ARGO         6903554 2019     7   1  10     0.097930    67.647141    -448.19        nan        nan        nan        nan        nan        nan      0.011
           ARGO         6903554 2019     7   1  10     0.097930    67.647141    -449.18        nan        nan    307.396        nan        nan        nan      0.014
           ARGO         6903554 2019     7   1  10     0.097930    67.647141    -453.06        nan        nan        nan        nan        nan        nan      0.011
           ARGO         6903554 2019     7   1  10     0.097930    67.647141    -454.11        nan        nan    307.847        nan        nan        nan      0.026
           ARGO         6903554 2019     7   1  10     0.097930    67.647141    -457.97        nan        nan        nan        nan        nan        nan      0.026
           ARGO         6903554 2019     7   1  10     0.097930    67.647141    -459.00        nan        nan    307.908        nan        nan        nan      0.013
           ARGO         6903554 2019     7   1  10     0.097930    67.647141    -462.88        nan        nan        nan        nan        nan        nan      0.026
           ARGO         6903554 2019     7   1  10     0.097930    67.647141    -463.95        nan        nan    308.338        nan        nan        nan      0.031
           ARGO         6903554 2019     7   1  10     0.097930    67.647141    -467.89        nan        nan        nan        nan        nan        nan      0.015
           ARGO         6903554 2019     7   1  10     0.097930    67.647141    -469.04        nan        nan    307.765        nan        nan        nan      0.013
           ARGO         6903554 2019     7   1  10     0.097930    67.647141    -472.81        nan        nan        nan        nan        nan        nan      0.026
           ARGO         6903554 2019     7   1  10     0.097930    67.647141    -473.93        nan        nan    307.963        nan        nan        nan      0.016
           ARGO         6903554 2019     7   1  10     0.097930    67.647141    -477.24        nan        nan        nan        nan        nan        nan      0.026
           ARGO         6903554 2019     7   1  10     0.097930    67.647141    -482.21        nan        nan        nan        nan        nan        nan      0.022
           ARGO         6903554 2019     7   1  10     0.097930    67.647141    -483.30        nan        nan    308.847        nan        nan        nan      0.015
           ARGO         6903554 2019     7   1  10     0.097930    67.647141    -487.38        nan        nan        nan        nan        nan        nan      0.022
           ARGO         6903554 2019     7   1  10     0.097930    67.647141    -488.48        nan        nan    308.886        nan        nan        nan      0.028
           ARGO         6903554 2019     7   1  10     0.097930    67.647141    -493.20        nan        nan        nan        nan        nan        nan      0.022
           ARGO         6903554 2019     7   1  10     0.097930    67.647141    -494.12        nan        nan    308.873        nan        nan        nan      0.019
           ARGO         6903554 2019     7   1  10     0.097930    67.647141    -498.24        nan        nan        nan        nan        nan        nan      0.026
           ARGO         6903554 2019     7   1  10     0.097930    67.647141    -499.18        nan        nan    309.035        nan        nan        nan      0.013
           ARGO         6903554 2019     7   1  10     0.097930    67.647141    -503.99        nan        nan        nan        nan        nan        nan      0.033
           ARGO         6903554 2019     7   1  10     0.097930    67.647141    -509.20        nan        nan    309.041        nan        nan        nan      0.011
           ARGO         6903554 2019     7   1  10     0.097930    67.647141    -513.97        nan        nan        nan        nan        nan        nan      0.011
           ARGO         6903554 2019     7   1  10     0.097930    67.647141    -519.17        nan        nan    308.531        nan        nan        nan      0.025
           ARGO         6903554 2019     7   1  10     0.097930    67.647141    -523.88        nan        nan        nan        nan        nan        nan      0.022
           ARGO         6903554 2019     7   1  10     0.097930    67.647141    -528.89        nan        nan    308.931        nan        nan        nan      0.024
           ARGO         6903554 2019     7   1  10     0.097930    67.647141    -533.75        nan        nan        nan        nan        nan        nan      0.015
           ARGO         6903554 2019     7   1  10     0.097930    67.647141    -538.45        nan        nan    308.797        nan        nan        nan      0.026
           ARGO         6903554 2019     7   1  10     0.097930    67.647141    -543.70        nan        nan        nan        nan        nan        nan      0.011
           ARGO         6903554 2019     7   1  10     0.097930    67.647141    -548.60        nan        nan    308.579        nan        nan        nan      0.029
           ARGO         6903554 2019     7   1  10     0.097930    67.647141    -553.87        nan        nan        nan        nan        nan        nan      0.033
           ARGO         6903554 2019     7   1  10     0.097930    67.647141    -559.26        nan        nan    308.579        nan        nan        nan      0.026
           ARGO         6903554 2019     7   1  10     0.097930    67.647141    -563.66        nan        nan        nan        nan        nan        nan      0.026
           ARGO         6903554 2019     7   1  10     0.097930    67.647141    -567.86        nan        nan    308.378        nan        nan        nan      0.022
           ARGO         6903554 2019     7   1  10     0.097930    67.647141    -578.09        nan        nan    307.943        nan        nan        nan      0.011
           ARGO         6903554 2019     7   1  10     0.097930    67.647141    -583.54        nan        nan        nan        nan        nan        nan      0.026
           ARGO         6903554 2019     7   1  10     0.097930    67.647141    -588.88        nan        nan    308.503        nan        nan        nan      0.026
           ARGO         6903554 2019     7   1  10     0.097930    67.647141    -593.61        nan        nan        nan        nan        nan        nan      0.029
           ARGO         6903554 2019     7   1  10     0.097930    67.647141    -598.46        nan        nan    308.488        nan        nan        nan      0.018
           ARGO         6903554 2019     7   1  10     0.097930    67.647141    -603.76        nan        nan        nan        nan        nan        nan      0.033
           ARGO         6903554 2019     7   1  10     0.097930    67.647141    -608.69        nan        nan    308.266        nan        nan        nan      0.026
           ARGO         6903554 2019     7   1  10     0.097930    67.647141    -618.99        nan        nan    308.312        nan        nan        nan      0.021
           ARGO         6903554 2019     7   1  10     0.097930    67.647141    -623.86        nan        nan        nan        nan        nan        nan      0.015
           ARGO         6903554 2019     7   1  10     0.097930    67.647141    -628.50        nan        nan    308.323        nan        nan        nan      0.015
           ARGO         6903554 2019     7   1  10     0.097930    67.647141    -633.62        nan        nan        nan        nan        nan        nan      0.029
           ARGO         6903554 2019     7   1  10     0.097930    67.647141    -638.45        nan        nan    308.222        nan        nan        nan      0.040
           ARGO         6903554 2019     7   1  10     0.097930    67.647141    -643.54        nan        nan        nan        nan        nan        nan      0.036
           ARGO         6903554 2019     7   1  10     0.097930    67.647141    -648.30        nan        nan    308.109        nan        nan        nan      0.029
           ARGO         6903554 2019     7   1  10     0.097930    67.647141    -653.57        nan        nan        nan        nan        nan        nan      0.033
           ARGO         6903554 2019     7   1  10     0.097930    67.647141    -658.45        nan        nan    308.077        nan        nan        nan      0.018
           ARGO         6903554 2019     7   1  10     0.097930    67.647141    -663.68        nan        nan        nan        nan        nan        nan      0.011
           ARGO         6903554 2019     7   1  10     0.097930    67.647141    -668.44        nan        nan    307.920        nan        nan        nan      0.018
           ARGO         6903554 2019     7   1  10     0.097930    67.647141    -673.66        nan        nan        nan        nan        nan        nan      0.026
           ARGO         6903554 2019     7   1  10     0.097930    67.647141    -678.43        nan        nan    307.075        nan        nan        nan      0.022
           ARGO         6903554 2019     7   1  10     0.097930    67.647141    -683.64        nan        nan        nan        nan        nan        nan      0.015
           ARGO         6903554 2019     7   1  10     0.097930    67.647141    -688.44        nan        nan    307.600        nan        nan        nan      0.022
           ARGO         6903554 2019     7   1  10     0.097930    67.647141    -693.58        nan        nan        nan        nan        nan        nan      0.022
           ARGO         6903554 2019     7   1  10     0.097930    67.647141    -698.63        nan        nan    307.647        nan        nan        nan      0.018
           ARGO         6903554 2019     7   1  10     0.097930    67.647141    -703.78        nan        nan        nan        nan        nan        nan      0.026
           ARGO         6903554 2019     7   1  10     0.097930    67.647141    -708.46        nan        nan    307.487        nan        nan        nan      0.015
           ARGO         6903554 2019     7   1  10     0.097930    67.647141    -713.62        nan        nan        nan        nan        nan        nan      0.033
           ARGO         6903554 2019     7   1  10     0.097930    67.647141    -718.49        nan        nan    306.918        nan        nan        nan      0.022
           ARGO         6903554 2019     7   1  10     0.097930    67.647141    -723.65        nan        nan        nan        nan        nan        nan      0.022
           ARGO         6903554 2019     7   1  10     0.097930    67.647141    -728.97        nan        nan    307.361        nan        nan        nan      0.022
           ARGO         6903554 2019     7   1  10     0.097930    67.647141    -733.76        nan        nan        nan        nan        nan        nan      0.018
           ARGO         6903554 2019     7   1  10     0.097930    67.647141    -738.98        nan        nan    307.392        nan        nan        nan      0.021
           ARGO         6903554 2019     7   1  10     0.097930    67.647141    -743.87        nan        nan        nan        nan        nan        nan      0.011
           ARGO         6903554 2019     7   1  10     0.097930    67.647141    -748.95        nan        nan    307.396        nan        nan        nan      0.039
           ARGO         6903554 2019     7   1  10     0.097930    67.647141    -753.66        nan        nan        nan        nan        nan        nan      0.026
           ARGO         6903554 2019     7   1  10     0.097930    67.647141    -758.89        nan        nan    307.312        nan        nan        nan      0.019
           ARGO         6903554 2019     7   1  10     0.097930    67.647141    -763.91        nan        nan        nan        nan        nan        nan      0.026
           ARGO         6903554 2019     7   1  10     0.097930    67.647141    -769.10        nan        nan    307.255        nan        nan        nan      0.011
           ARGO         6903554 2019     7   1  10     0.097930    67.647141    -773.77        nan        nan        nan        nan        nan        nan      0.011
           ARGO         6903554 2019     7   1  10     0.097930    67.647141    -778.89        nan        nan    306.546        nan        nan        nan      0.035
           ARGO         6903554 2019     7   1  10     0.097930    67.647141    -783.81        nan        nan        nan        nan        nan        nan      0.026
           ARGO         6903554 2019     7   1  10     0.097930    67.647141    -789.04        nan        nan    307.337        nan        nan        nan      0.026
           ARGO         6903554 2019     7   1  10     0.097930    67.647141    -793.76        nan        nan        nan        nan        nan        nan      0.026
           ARGO         6903554 2019     7   1  10     0.097930    67.647141    -798.37        nan        nan    307.220        nan        nan        nan      0.011
           ARGO         6903554 2019     7   1  10     0.097930    67.647141    -808.91        nan        nan    306.621        nan        nan        nan      0.028
           ARGO         6903554 2019     7   1  10     0.097930    67.647141    -813.71        nan        nan        nan        nan        nan        nan      0.018
           ARGO         6903554 2019     7   1  10     0.097930    67.647141    -818.92        nan        nan    307.284        nan        nan        nan      0.020
           ARGO         6903554 2019     7   1  10     0.097930    67.647141    -823.67        nan        nan        nan        nan        nan        nan      0.033
           ARGO         6903554 2019     7   1  10     0.097930    67.647141    -827.97        nan        nan    307.201        nan        nan        nan      0.015
           ARGO         6903554 2019     7   1  10     0.097930    67.647141    -833.12        nan        nan        nan        nan        nan        nan      0.036
           ARGO         6903554 2019     7   1  10     0.097930    67.647141    -838.61        nan        nan    306.597        nan        nan        nan      0.033
           ARGO         6903554 2019     7   1  10     0.097930    67.647141    -843.88        nan        nan        nan        nan        nan        nan      0.036
           ARGO         6903554 2019     7   1  10     0.097930    67.647141    -849.10        nan        nan    307.296        nan        nan        nan      0.015
           ARGO         6903554 2019     7   1  10     0.097930    67.647141    -853.98        nan        nan        nan        nan        nan        nan      0.022
           ARGO         6903554 2019     7   1  10     0.097930    67.647141    -863.78        nan        nan        nan        nan        nan        nan      0.018
           ARGO         6903554 2019     7   1  10     0.097930    67.647141    -868.71        nan        nan    307.384        nan        nan        nan      0.029
           ARGO         6903554 2019     7   1  10     0.097930    67.647141    -873.72        nan        nan        nan        nan        nan        nan      0.036
           ARGO         6903554 2019     7   1  10     0.097930    67.647141    -883.99        nan        nan        nan        nan        nan        nan      0.022
           ARGO         6903554 2019     7   1  10     0.097930    67.647141    -888.86        nan        nan    307.454        nan        nan        nan      0.032
           ARGO         6903554 2019     7   1  10     0.097930    67.647141    -893.74        nan        nan        nan        nan        nan        nan      0.022
           ARGO         6903554 2019     7   1  10     0.097930    67.647141    -898.48        nan        nan    307.508        nan        nan        nan      0.011
           ARGO         6903554 2019     7   1  10     0.097930    67.647141    -903.77        nan        nan        nan        nan        nan        nan      0.029
           ARGO         6903554 2019     7   1  10     0.097930    67.647141    -909.14        nan        nan    307.536        nan        nan        nan      0.041
           ARGO         6903554 2019     7   1  10     0.097930    67.647141    -913.96        nan        nan        nan        nan        nan        nan      0.044
           ARGO         6903554 2019     7   1  10     0.097930    67.647141    -918.56        nan        nan    307.538        nan        nan        nan      0.022
           ARGO         6903554 2019     7   1  10     0.097930    67.647141    -923.77        nan        nan        nan        nan        nan        nan      0.036
           ARGO         6903554 2019     7   1  10     0.097930    67.647141    -929.05        nan        nan    306.916        nan        nan        nan      0.016
           ARGO         6903554 2019     7   1  10     0.097930    67.647141    -933.79        nan        nan        nan        nan        nan        nan      0.029
           ARGO         6903554 2019     7   1  10     0.097930    67.647141    -938.34        nan        nan    307.667        nan        nan        nan      0.026
           ARGO         6903554 2019     7   1  10     0.097930    67.647141    -943.08        nan        nan        nan        nan        nan        nan      0.029
           ARGO         6903554 2019     7   1  10     0.097930    67.647141    -948.85        nan        nan    307.776        nan        nan        nan      0.013
           ARGO         6903554 2019     7   1  10     0.097930    67.647141    -953.77        nan        nan        nan        nan        nan        nan      0.026
           ARGO         6903554 2019     7   1  10     0.097930    67.647141    -958.68        nan        nan    307.727        nan        nan        nan      0.011
           ARGO         6903554 2019     7   1  10     0.097930    67.647141    -969.07        nan        nan    307.722        nan        nan        nan      0.019
           ARGO         6903554 2019     7   1  10     0.097930    67.647141    -973.86        nan        nan        nan        nan        nan        nan      0.029
           ARGO         6903554 2019     7   1  10     0.097930    67.647141    -979.13        nan        nan    307.720        nan        nan        nan      0.011
           ARGO         6903554 2019     7   1  10     0.097930    67.647141    -983.94        nan        nan        nan        nan        nan        nan      0.015
           ARGO         6903554 2019     7   1  10     0.097930    67.647141    -988.65        nan        nan    307.648        nan        nan        nan      0.018
           ARGO         6903554 2019     7   1  10     0.097930    67.647141    -993.75        nan        nan        nan        nan        nan        nan      0.018
           ARGO         6903554 2019     7   1  10     0.097930    67.647141    -998.53        nan        nan    307.726        nan        nan        nan      0.015
           ARGO         6903554 2019     7   1  10     0.097930    67.647141   -1003.68        nan        nan        nan        nan        nan        nan      0.026
           ARGO         6903554 2019     7   1  10     0.097930    67.647141   -1008.37        nan        nan    307.721        nan        nan        nan      0.018
           ARGO         6903554 2019     7   1  10     0.097930    67.647141   -1013.69        nan        nan        nan        nan        nan        nan      0.018
           ARGO         6903554 2019     7   1  10     0.097930    67.647141   -1018.52        nan        nan    307.709        nan        nan        nan      0.011
           ARGO         6903554 2019     7   1  10     0.097930    67.647141   -1023.70        nan        nan        nan        nan        nan        nan      0.022
           ARGO         6903554 2019     7   1  10     0.097930    67.647141   -1028.41        nan        nan    307.654        nan        nan        nan      0.018
           ARGO         6903554 2019     7   1  10     0.097930    67.647141   -1033.02        nan        nan        nan        nan        nan        nan      0.015
           ARGO         6903554 2019     7   1  10     0.097930    67.647141   -1038.24        nan        nan    307.538        nan        nan        nan      0.013
           ARGO         6903554 2019     7   1  10     0.097930    67.647141   -1043.42        nan        nan        nan        nan        nan        nan      0.029
           ARGO         6903554 2019     7   1  10     0.097930    67.647141   -1048.57        nan        nan    307.512        nan        nan        nan      0.011
           ARGO         6903554 2019     7   1  10     0.097930    67.647141   -1053.84        nan        nan        nan        nan        nan        nan      0.044
           ARGO         6903554 2019     7   1  10     0.097930    67.647141   -1058.80        nan        nan    307.312        nan        nan        nan      0.033
           ARGO         6903554 2019     7   1  10     0.097930    67.647141   -1063.76        nan        nan        nan        nan        nan        nan      0.026
           ARGO         6903554 2019     7   1  10     0.097930    67.647141   -1069.06        nan        nan    307.459        nan        nan        nan      0.021
           ARGO         6903554 2019     7   1  10     0.097930    67.647141   -1073.84        nan        nan        nan        nan        nan        nan      0.015
           ARGO         6903554 2019     7   1  10     0.097930    67.647141   -1078.50        nan        nan    307.320        nan        nan        nan      0.033
           ARGO         6903554 2019     7   1  10     0.097930    67.647141   -1083.67        nan        nan        nan        nan        nan        nan      0.018
           ARGO         6903554 2019     7   1  10     0.097930    67.647141   -1089.05        nan        nan    307.325        nan        nan        nan      0.021
           ARGO         6903554 2019     7   1  10     0.097930    67.647141   -1093.95        nan        nan        nan        nan        nan        nan      0.015
           ARGO         6903554 2019     7   1  10     0.097930    67.647141   -1098.58        nan        nan    307.327        nan        nan        nan      0.033
           ARGO         6903554 2019     7   1  10     0.097930    67.647141   -1103.70        nan        nan        nan        nan        nan        nan      0.018
           ARGO         6903554 2019     7   1  10     0.097930    67.647141   -1108.41        nan        nan    307.219        nan        nan        nan      0.022
           ARGO         6903554 2019     7   1  10     0.097930    67.647141   -1113.71        nan        nan        nan        nan        nan        nan      0.040
           ARGO         6903554 2019     7   1  10     0.097930    67.647141   -1118.56        nan        nan    307.144        nan        nan        nan      0.015
           ARGO         6903554 2019     7   1  10     0.097930    67.647141   -1123.74        nan        nan        nan        nan        nan        nan      0.015
           ARGO         6903554 2019     7   1  10     0.097930    67.647141   -1128.48        nan        nan    307.166        nan        nan        nan      0.011
           ARGO         6903554 2019     7   1  10     0.097930    67.647141   -1133.73        nan        nan        nan        nan        nan        nan      0.015
           ARGO         6903554 2019     7   1  10     0.097930    67.647141   -1138.50        nan        nan    306.593        nan        nan        nan      0.015
           ARGO         6903554 2019     7   1  10     0.097930    67.647141   -1143.59        nan        nan        nan        nan        nan        nan      0.015
           ARGO         6903554 2019     7   1  10     0.097930    67.647141   -1148.81        nan        nan    306.379        nan        nan        nan      0.030
           ARGO         6903554 2019     7   1  10     0.097930    67.647141   -1158.55        nan        nan    307.019        nan        nan        nan      0.015
           ARGO         6903554 2019     7   1  10     0.097930    67.647141   -1163.68        nan        nan        nan        nan        nan        nan      0.018
           ARGO         6903554 2019     7   1  10     0.097930    67.647141   -1169.15        nan        nan    306.949        nan        nan        nan      0.024
           ARGO         6903554 2019     7   1  10     0.097930    67.647141   -1173.83        nan        nan        nan        nan        nan        nan      0.040
           ARGO         6903554 2019     7   1  10     0.097930    67.647141   -1183.76        nan        nan        nan        nan        nan        nan      0.022
           ARGO         6903554 2019     7   1  10     0.097930    67.647141   -1189.07        nan        nan    306.060        nan        nan        nan      0.026
           ARGO         6903554 2019     7   1  10     0.097930    67.647141   -1193.85        nan        nan        nan        nan        nan        nan      0.026
           ARGO         6903554 2019     7   1  10     0.097930    67.647141   -1198.86        nan        nan    306.715        nan        nan        nan      0.024
           ARGO         6903554 2019     7   1  10     0.097930    67.647141   -1203.71        nan        nan        nan        nan        nan        nan      0.015
           ARGO         6903554 2019     7   1  10     0.097930    67.647141   -1208.44        nan        nan    306.514        nan        nan        nan      0.026
           ARGO         6903554 2019     7   1  10     0.097930    67.647141   -1213.54        nan        nan        nan        nan        nan        nan      0.015
           ARGO         6903554 2019     7   1  10     0.097930    67.647141   -1218.39        nan        nan    306.456        nan        nan        nan      0.029
           ARGO         6903554 2019     7   1  10     0.097930    67.647141   -1223.63        nan        nan        nan        nan        nan        nan      0.011
           ARGO         6903554 2019     7   1  10     0.097930    67.647141   -1228.56        nan        nan    306.390        nan        nan        nan      0.026
           ARGO         6903554 2019     7   1  10     0.097930    67.647141   -1233.63        nan        nan        nan        nan        nan        nan      0.011
           ARGO         6903554 2019     7   1  10     0.097930    67.647141   -1238.93        nan        nan    306.353        nan        nan        nan      0.019
           ARGO         6903554 2019     7   1  10     0.097930    67.647141   -1243.54        nan        nan        nan        nan        nan        nan      0.022
           ARGO         6903554 2019     7   1  10     0.097930    67.647141   -1247.85        nan        nan    306.192        nan        nan        nan      0.044
           ARGO         6903554 2019     7   1  10     0.097930    67.647141   -1253.06        nan        nan        nan        nan        nan        nan      0.029
           ARGO         6903554 2019     7   1  10     0.097930    67.647141   -1258.63        nan        nan    305.940        nan        nan        nan      0.035
           ARGO         6903554 2019     7   1  10     0.097930    67.647141   -1263.68        nan        nan        nan        nan        nan        nan      0.026
           ARGO         6903554 2019     7   1  10     0.097930    67.647141   -1269.05        nan        nan    305.783        nan        nan        nan      0.031
           ARGO         6903554 2019     7   1  10     0.097930    67.647141   -1273.93        nan        nan        nan        nan        nan        nan      0.044
           ARGO         6903554 2019     7   1  10     0.097930    67.647141   -1278.93        nan        nan    305.594        nan        nan        nan      0.014
           ARGO         6903554 2019     7   1  10     0.097930    67.647141   -1283.85        nan        nan        nan        nan        nan        nan      0.011
           ARGO         6903554 2019     7   1  10     0.097930    67.647141   -1288.51        nan        nan    305.387        nan        nan        nan      0.022
           ARGO         6903554 2019     7   1  10     0.097930    67.647141   -1293.70        nan        nan        nan        nan        nan        nan      0.036
           ARGO         6903554 2019     7   1  10     0.097930    67.647141   -1299.03        nan        nan    304.668        nan        nan        nan      0.015
           ARGO         6903554 2019     7   1  10     0.097930    67.647141   -1303.75        nan        nan        nan        nan        nan        nan      0.015
           ARGO         6903554 2019     7   1  10     0.097930    67.647141   -1308.94        nan        nan    304.965        nan        nan        nan      0.030
           ARGO         6903554 2019     7   1  10     0.097930    67.647141   -1313.78        nan        nan        nan        nan        nan        nan      0.036
           ARGO         6903554 2019     7   1  10     0.097930    67.647141   -1318.53        nan        nan    304.195        nan        nan        nan      0.029
           ARGO         6903554 2019     7   1  10     0.097930    67.647141   -1323.72        nan        nan        nan        nan        nan        nan      0.015
           ARGO         6903554 2019     7   1  10     0.097930    67.647141   -1328.98        nan        nan    304.736        nan        nan        nan      0.028
           ARGO         6903554 2019     7   1  10     0.097930    67.647141   -1333.78        nan        nan        nan        nan        nan        nan      0.018
           ARGO         6903554 2019     7   1  10     0.097930    67.647141   -1339.04        nan        nan    304.366        nan        nan        nan      0.016
           ARGO         6903554 2019     7   1  10     0.097930    67.647141   -1343.84        nan        nan        nan        nan        nan        nan      0.029
           ARGO         6903554 2019     7   1  10     0.097930    67.647141   -1348.49        nan        nan    304.452        nan        nan        nan      0.022
           ARGO         6903554 2019     7   1  10     0.097930    67.647141   -1353.66        nan        nan        nan        nan        nan        nan      0.022
           ARGO         6903554 2019     7   1  10     0.097930    67.647141   -1359.06        nan        nan    303.741        nan        nan        nan      0.016
           ARGO         6903554 2019     7   1  10     0.097930    67.647141   -1363.80        nan        nan        nan        nan        nan        nan      0.026
           ARGO         6903554 2019     7   1  10     0.097930    67.647141   -1368.94        nan        nan    304.165        nan        nan        nan      0.015
           ARGO         6903554 2019     7   1  10     0.097930    67.647141   -1373.87        nan        nan        nan        nan        nan        nan      0.015
           ARGO         6903554 2019     7   1  10     0.097930    67.647141   -1379.11        nan        nan    304.015        nan        nan        nan      0.019
           ARGO         6903554 2019     7   1  10     0.097930    67.647141   -1383.80        nan        nan        nan        nan        nan        nan      0.022
           ARGO         6903554 2019     7   1  10     0.097930    67.647141   -1393.74        nan        nan        nan        nan        nan        nan      0.033
           ARGO         6903554 2019     7   1  10     0.097930    67.647141   -1398.66        nan        nan    303.201        nan        nan        nan      0.040
           ARGO         6903554 2019     7   1  10     0.097930    67.647141   -1403.82        nan        nan        nan        nan        nan        nan      0.040
           ARGO         6903554 2019     7   1  10     0.097930    67.647141   -1409.02        nan        nan    303.590        nan        nan        nan      0.014
           ARGO         6903554 2019     7   1  10     0.097930    67.647141   -1413.80        nan        nan        nan        nan        nan        nan      0.011
           ARGO         6903554 2019     7   1  10     0.097930    67.647141   -1418.43        nan        nan    303.482        nan        nan        nan      0.018
           ARGO         6903554 2019     7   1  10     0.097930    67.647141   -1423.70        nan        nan        nan        nan        nan        nan      0.036
           ARGO         6903554 2019     7   1  10     0.097930    67.647141   -1428.57        nan        nan    302.798        nan        nan        nan      0.022
           ARGO         6903554 2019     7   1  10     0.097930    67.647141   -1433.70        nan        nan        nan        nan        nan        nan      0.018
           ARGO         6903554 2019     7   1  10     0.097930    67.647141   -1438.89        nan        nan    302.524        nan        nan        nan      0.029
           ARGO         6903554 2019     7   1  10     0.097930    67.647141   -1443.85        nan        nan        nan        nan        nan        nan      0.022
           ARGO         6903554 2019     7   1  10     0.097930    67.647141   -1448.60        nan        nan    303.070        nan        nan        nan      0.018
           ARGO         6903554 2019     7   1  10     0.097930    67.647141   -1453.69        nan        nan        nan        nan        nan        nan      0.018
           ARGO         6903554 2019     7   1  10     0.097930    67.647141   -1459.17        nan        nan    302.937        nan        nan        nan      0.030
           ARGO         6903554 2019     7   1  10     0.097930    67.647141   -1468.36        nan        nan    302.962        nan        nan        nan      0.018
           ARGO         6903554 2019     7   1  10     0.097930    67.647141   -1473.16        nan        nan        nan        nan        nan        nan      0.011
           ARGO         6903554 2019     7   1  10     0.097930    67.647141   -1477.84        nan        nan    302.660        nan        nan        nan      0.029
           ARGO         6903554 2019     7   1  10     0.097930    67.647141   -1483.23        nan        nan        nan        nan        nan        nan      0.018
           ARGO         6903554 2019     7   1  10     0.097930    67.647141   -1488.72        nan        nan    302.470        nan        nan        nan      0.018
           ARGO         6903554 2019     7   1  10     0.097930    67.647141   -1493.77        nan        nan        nan        nan        nan        nan      0.011
           ARGO         6903554 2019     7   1  10     0.097930    67.647141   -1499.02        nan        nan    302.366        nan        nan        nan      0.033
           ARGO         6903554 2019     7   1  10     0.097930    67.647141   -1503.85        nan        nan        nan        nan        nan        nan      0.033
           ARGO         6903554 2019     7   1  10     0.097930    67.647141   -1508.92        nan        nan    302.287        nan        nan        nan      0.025
           ARGO         6903554 2019     7   1  10     0.097930    67.647141   -1513.93        nan        nan        nan        nan        nan        nan      0.018
           ARGO         6903554 2019     7   1  10     0.097930    67.647141   -1519.13        nan        nan    302.045        nan        nan        nan      0.015
           ARGO         6903554 2019     7   1  10     0.097930    67.647141   -1523.90        nan        nan        nan        nan        nan        nan      0.026
           ARGO         6903554 2019     7   1  10     0.097930    67.647141   -1528.64        nan        nan    301.403        nan        nan        nan      0.033
           ARGO         6903554 2019     7   1  10     0.097930    67.647141   -1533.67        nan        nan        nan        nan        nan        nan      0.018
           ARGO         6903554 2019     7   1  10     0.097930    67.647141   -1543.56        nan        nan        nan        nan        nan        nan      0.015
           ARGO         6903554 2019     7   1  10     0.097930    67.647141   -1549.07        nan        nan    301.137        nan        nan        nan      0.035
           ARGO         6903554 2019     7   1  10     0.097930    67.647141   -1553.84        nan        nan        nan        nan        nan        nan      0.026
           ARGO         6903554 2019     7   1  10     0.097930    67.647141   -1559.09        nan        nan    301.715        nan        nan        nan      0.029
           ARGO         6903554 2019     7   1  10     0.097930    67.647141   -1563.85        nan        nan        nan        nan        nan        nan      0.022
           ARGO         6903554 2019     7   1  10     0.097930    67.647141   -1568.91        nan        nan    301.627        nan        nan        nan      0.026
           ARGO         6903554 2019     7   1  10     0.097930    67.647141   -1573.69        nan        nan        nan        nan        nan        nan      0.026
           ARGO         6903554 2019     7   1  10     0.097930    67.647141   -1577.86        nan        nan    301.481        nan        nan        nan      0.015
           ARGO         6903554 2019     7   1  10     0.097930    67.647141   -1582.91        nan        nan        nan        nan        nan        nan      0.022
           ARGO         6903554 2019     7   1  10     0.097930    67.647141   -1588.73        nan        nan    300.653        nan        nan        nan      0.012
           ARGO         6903554 2019     7   1  10     0.097930    67.647141   -1593.82        nan        nan        nan        nan        nan        nan      0.018
           ARGO         6903554 2019     7   1  10     0.097930    67.647141   -1599.07        nan        nan    300.644        nan        nan        nan      0.024
           ARGO         6903554 2019     7   1  10     0.097930    67.647141   -1603.96        nan        nan        nan        nan        nan        nan      0.011
           ARGO         6903554 2019     7   1  10     0.097930    67.647141   -1613.91        nan        nan        nan        nan        nan        nan      0.018
           ARGO         6903554 2019     7   1  10     0.097930    67.647141   -1618.63        nan        nan    301.171        nan        nan        nan      0.011
           ARGO         6903554 2019     7   1  10     0.097930    67.647141   -1623.69        nan        nan        nan        nan        nan        nan      0.044
           ARGO         6903554 2019     7   1  10     0.097930    67.647141   -1629.07        nan        nan    300.544        nan        nan        nan      0.019
           ARGO         6903554 2019     7   1  10     0.097930    67.647141   -1633.86        nan        nan        nan        nan        nan        nan      0.029
           ARGO         6903554 2019     7   1  10     0.097930    67.647141   -1638.86        nan        nan    301.003        nan        nan        nan      0.020
           ARGO         6903554 2019     7   1  10     0.097930    67.647141   -1643.78        nan        nan        nan        nan        nan        nan      0.033
           ARGO         6903554 2019     7   1  10     0.097930    67.647141   -1648.58        nan        nan    300.325        nan        nan        nan      0.026
           ARGO         6903554 2019     7   1  10     0.097930    67.647141   -1653.67        nan        nan        nan        nan        nan        nan      0.033
           ARGO         6903554 2019     7   1  10     0.097930    67.647141   -1659.05        nan        nan    300.933        nan        nan        nan      0.020
           ARGO         6903554 2019     7   1  10     0.097930    67.647141   -1663.92        nan        nan        nan        nan        nan        nan      0.040
           ARGO         6903554 2019     7   1  10     0.097930    67.647141   -1668.62        nan        nan    300.917        nan        nan        nan      0.015
           ARGO         6903554 2019     7   1  10     0.097930    67.647141   -1673.77        nan        nan        nan        nan        nan        nan      0.029
           ARGO         6903554 2019     7   1  10     0.097930    67.647141   -1678.64        nan        nan    300.807        nan        nan        nan      0.026
           ARGO         6903554 2019     7   1  10     0.097930    67.647141   -1683.69        nan        nan        nan        nan        nan        nan      0.018
           ARGO         6903554 2019     7   1  10     0.097930    67.647141   -1689.00        nan        nan    300.746        nan        nan        nan      0.015
           ARGO         6903554 2019     7   1  10     0.097930    67.647141   -1693.83        nan        nan        nan        nan        nan        nan      0.018
           ARGO         6903554 2019     7   1  10     0.097930    67.647141   -1698.61        nan        nan    300.622        nan        nan        nan      0.026
           ARGO         6903554 2019     7   1  10     0.097930    67.647141   -1703.65        nan        nan        nan        nan        nan        nan      0.029
           ARGO         6903554 2019     7   1  10     0.097930    67.647141   -1708.48        nan        nan    300.555        nan        nan        nan      0.033
           ARGO         6903554 2019     7   1  10     0.097930    67.647141   -1713.76        nan        nan        nan        nan        nan        nan      0.026
           ARGO         6903554 2019     7   1  10     0.097930    67.647141   -1718.55        nan        nan    300.542        nan        nan        nan      0.029
           ARGO         6903554 2019     7   1  10     0.097930    67.647141   -1728.35        nan        nan    300.475        nan        nan        nan      0.015
           ARGO         6903554 2019     7   1  10     0.097930    67.647141   -1733.58        nan        nan        nan        nan        nan        nan      0.015
           ARGO         6903554 2019     7   1  10     0.097930    67.647141   -1738.39        nan        nan    300.612        nan        nan        nan      0.022
           ARGO         6903554 2019     7   1  10     0.097930    67.647141   -1743.19        nan        nan        nan        nan        nan        nan      0.018
           ARGO         6903554 2019     7   1  10     0.097930    67.647141   -1748.21        nan        nan    300.336        nan        nan        nan      0.012
           ARGO         6903554 2019     7   1  10     0.097930    67.647141   -1753.46        nan        nan        nan        nan        nan        nan      0.018
           ARGO         6903554 2019     7   1  10     0.097930    67.647141   -1758.62        nan        nan    300.203        nan        nan        nan      0.029
           ARGO         6903554 2019     7   1  10     0.097930    67.647141   -1763.81        nan        nan        nan        nan        nan        nan      0.011
           ARGO         6903554 2019     7   1  10     0.097930    67.647141   -1773.81        nan        nan        nan        nan        nan        nan      0.022
           ARGO         6903554 2019     7   1  10     0.097930    67.647141   -1778.97        nan        nan    300.188        nan        nan        nan      0.019
           ARGO         6903554 2019     7   1  10     0.097930    67.647141   -1783.86        nan        nan        nan        nan        nan        nan      0.029
           ARGO         6903554 2019     7   1  10     0.097930    67.647141   -1788.74        nan        nan    299.961        nan        nan        nan      0.033
           ARGO         6903554 2019     7   1  10     0.097930    67.647141   -1793.67        nan        nan        nan        nan        nan        nan      0.011
           ARGO         6903554 2019     7   1  10     0.097930    67.647141   -1799.21        nan        nan    300.019        nan        nan        nan      0.030
           ARGO         6903554 2019     7   1  10     0.097930    67.647141   -1803.89        nan        nan        nan        nan        nan        nan      0.036
           ARGO         6903554 2019     7   1  10     0.097930    67.647141   -1808.99        nan        nan    299.922        nan        nan        nan      0.029
           ARGO         6903554 2019     7   1  10     0.097930    67.647141   -1813.79        nan        nan        nan        nan        nan        nan      0.026
           ARGO         6903554 2019     7   1  10     0.097930    67.647141   -1818.52        nan        nan    299.295        nan        nan        nan      0.029
           ARGO         6903554 2019     7   1  10     0.097930    67.647141   -1823.75        nan        nan        nan        nan        nan        nan      0.015
           ARGO         6903554 2019     7   1  10     0.097930    67.647141   -1828.99        nan        nan    299.217        nan        nan        nan      0.022
           ARGO         6903554 2019     7   1  10     0.097930    67.647141   -1833.78        nan        nan        nan        nan        nan        nan      0.026
           ARGO         6903554 2019     7   1  10     0.097930    67.647141   -1839.01        nan        nan    299.831        nan        nan        nan      0.018
           ARGO         6903554 2019     7   1  10     0.097930    67.647141   -1843.63        nan        nan        nan        nan        nan        nan      0.015
           ARGO         6903554 2019     7   1  10     0.097930    67.647141   -1847.84        nan        nan    299.906        nan        nan        nan      0.018
           ARGO         6903554 2019     7   1  10     0.097930    67.647141   -1853.04        nan        nan        nan        nan        nan        nan      0.022
           ARGO         6903554 2019     7   1  10     0.097930    67.647141   -1858.64        nan        nan    298.993        nan        nan        nan      0.030
           ARGO         6903554 2019     7   1  10     0.097930    67.647141   -1863.85        nan        nan        nan        nan        nan        nan      0.040
           ARGO         6903554 2019     7   1  10     0.097930    67.647141   -1868.99        nan        nan    299.770        nan        nan        nan      0.022
           ARGO         6903554 2019     7   1  10     0.097930    67.647141   -1873.86        nan        nan        nan        nan        nan        nan      0.018
           ARGO         6903554 2019     7   1  10     0.097930    67.647141   -1879.12        nan        nan    299.630        nan        nan        nan      0.032
           ARGO         6903554 2019     7   1  10     0.097930    67.647141   -1883.99        nan        nan        nan        nan        nan        nan      0.022
           ARGO         6903554 2019     7   1  10     0.097930    67.647141   -1888.56        nan        nan    299.531        nan        nan        nan      0.026
           ARGO         6903554 2019     7   1  10     0.097930    67.647141   -1893.72        nan        nan        nan        nan        nan        nan      0.015
           ARGO         6903554 2019     7   1  10     0.097930    67.647141   -1899.06        nan        nan    298.862        nan        nan        nan      0.020
           ARGO         6903554 2019     7   1  10     0.097930    67.647141   -1903.91        nan        nan        nan        nan        nan        nan      0.040
           ARGO         6903554 2019     7   1  10     0.097930    67.647141   -1908.59        nan        nan    299.491        nan        nan        nan      0.029
           ARGO         6903554 2019     7   1  10     0.097930    67.647141   -1913.79        nan        nan        nan        nan        nan        nan      0.029
           ARGO         6903554 2019     7   1  10     0.097930    67.647141   -1918.54        nan        nan    299.481        nan        nan        nan      0.026
           ARGO         6903554 2019     7   1  10     0.097930    67.647141   -1923.67        nan        nan        nan        nan        nan        nan      0.015
           ARGO         6903554 2019     7   1  10     0.097930    67.647141   -1928.37        nan        nan    299.466        nan        nan        nan      0.029
           ARGO         6903554 2019     7   1  10     0.097930    67.647141   -1933.65        nan        nan        nan        nan        nan        nan      0.029
           ARGO         6903554 2019     7   1  10     0.097930    67.647141   -1939.01        nan        nan    299.472        nan        nan        nan      0.015
           ARGO         6903554 2019     7   1  10     0.097930    67.647141   -1943.71        nan        nan        nan        nan        nan        nan      0.018
           ARGO         6903554 2019     7   1  10     0.097930    67.647141   -1948.34        nan        nan    299.408        nan        nan        nan      0.033
           ARGO         6903554 2019     7   1  10     0.097930    67.647141   -1953.57        nan        nan        nan        nan        nan        nan      0.036
           ARGO         6903554 2019     7   1  10     0.097930    67.647141   -1958.35        nan        nan    299.495        nan        nan        nan      0.011
           ARGO         6903554 2019     7   1  10     0.097930    67.647141   -1962.97        nan        nan        nan        nan        nan        nan      0.033
           ARGO         6903554 2019     7   1  10     0.097930    67.647141   -1967.68        nan        nan    299.395        nan        nan        nan      0.018
           ARGO         6903554 2019     7   1  10     0.097930    67.647141   -1973.34        nan        nan        nan        nan        nan        nan      0.022
           ARGO         6903554 2019     7   1  10     0.097930    67.647141   -1979.07        nan        nan    299.387        nan        nan        nan      0.032
           ARGO         6903554 2019     7   1  10     0.097930    67.647141   -1983.90        nan        nan        nan        nan        nan        nan      0.026
           ARGO         6903554 2019     7   1  10     0.097930    67.647141   -1986.26        nan        nan    299.307        nan        nan        nan      0.018
           ARGO         6903554 2019     7   1  10     0.097930    67.647141   -2011.85        nan        nan    299.185        nan        nan        nan      0.029
           ARGO         6903555 2019     6  28  10    -2.596950    75.593857     -27.35        nan        nan    358.808        nan        nan        nan      0.370
           ARGO         6903555 2019     6  28  10    -2.596950    75.593857     -29.14        nan        nan        nan        nan        nan        nan      0.630
           ARGO         6903555 2019     6  28  10    -2.596950    75.593857     -31.51        nan        nan        nan        nan        nan        nan      0.486
           ARGO         6903555 2019     6  28  10    -2.596950    75.593857     -32.29        nan        nan    355.918        nan        nan        nan      1.010
           ARGO         6903555 2019     6  28  10    -2.596950    75.593857     -35.59        nan        nan    351.216        nan        nan        nan      1.415
           ARGO         6903555 2019     6  28  10    -2.596950    75.593857     -37.00        nan        nan    349.974        nan        nan        nan      0.538
           ARGO         6903555 2019     6  28  10    -2.596950    75.593857     -38.50        nan        nan        nan        nan        nan        nan      0.832
           ARGO         6903555 2019     6  28  10    -2.596950    75.593857     -41.17        nan        nan    348.453        nan        nan        nan      0.568
           ARGO         6903555 2019     6  28  10    -2.596950    75.593857     -42.94        nan        nan        nan        nan        nan        nan      0.259
           ARGO         6903555 2019     6  28  10    -2.596950    75.593857     -43.88        nan        nan    346.343        nan        nan        nan      0.175
           ARGO         6903555 2019     6  28  10    -2.596950    75.593857     -45.70        nan        nan    345.369        nan        nan        nan      0.167
           ARGO         6903555 2019     6  28  10    -2.596950    75.593857     -47.49        nan        nan        nan        nan        nan        nan      0.187
           ARGO         6903555 2019     6  28  10    -2.596950    75.593857     -48.48        nan        nan    343.617        nan        nan        nan      0.316
           ARGO         6903555 2019     6  28  10    -2.596950    75.593857     -50.48        nan        nan    342.391        nan        nan        nan      0.257
           ARGO         6903555 2019     6  28  10    -2.596950    75.593857     -52.43        nan        nan        nan        nan        nan        nan      0.133
           ARGO         6903555 2019     6  28  10    -2.596950    75.593857     -53.49        nan        nan    340.231        nan        nan        nan      0.441
           ARGO         6903555 2019     6  28  10    -2.596950    75.593857     -55.56        nan        nan    339.265        nan        nan        nan      0.183
           ARGO         6903555 2019     6  28  10    -2.596950    75.593857     -57.62        nan        nan        nan        nan        nan        nan      0.130
           ARGO         6903555 2019     6  28  10    -2.596950    75.593857     -58.72        nan        nan    338.326        nan        nan        nan      0.150
           ARGO         6903555 2019     6  28  10    -2.596950    75.593857     -60.91        nan        nan    337.993        nan        nan        nan      0.172
           ARGO         6903555 2019     6  28  10    -2.596950    75.593857     -63.04        nan        nan        nan        nan        nan        nan      0.158
           ARGO         6903555 2019     6  28  10    -2.596950    75.593857     -66.47        nan        nan    337.022        nan        nan        nan      0.127
           ARGO         6903555 2019     6  28  10    -2.596950    75.593857     -68.73        nan        nan        nan        nan        nan        nan      0.133
           ARGO         6903555 2019     6  28  10    -2.596950    75.593857     -72.10        nan        nan        nan        nan        nan        nan      0.133
           ARGO         6903555 2019     6  28  10    -2.596950    75.593857     -73.28        nan        nan    336.419        nan        nan        nan      0.141
           ARGO         6903555 2019     6  28  10    -2.596950    75.593857     -75.49        nan        nan    337.939        nan        nan        nan      0.133
           ARGO         6903555 2019     6  28  10    -2.596950    75.593857     -77.73        nan        nan        nan        nan        nan        nan      0.133
           ARGO         6903555 2019     6  28  10    -2.596950    75.593857     -78.89        nan        nan    338.121        nan        nan        nan      0.790
           ARGO         6903555 2019     6  28  10    -2.596950    75.593857     -81.08        nan        nan    336.319        nan        nan        nan      0.123
           ARGO         6903555 2019     6  28  10    -2.596950    75.593857     -83.24        nan        nan        nan        nan        nan        nan      0.112
           ARGO         6903555 2019     6  28  10    -2.596950    75.593857     -84.36        nan        nan    334.845        nan        nan        nan      0.113
           ARGO         6903555 2019     6  28  10    -2.596950    75.593857     -86.49        nan        nan    335.210        nan        nan        nan      0.133
           ARGO         6903555 2019     6  28  10    -2.596950    75.593857     -88.49        nan        nan        nan        nan        nan        nan      0.184
           ARGO         6903555 2019     6  28  10    -2.596950    75.593857     -89.56        nan        nan    334.650        nan        nan        nan      0.115
           ARGO         6903555 2019     6  28  10    -2.596950    75.593857     -91.65        nan        nan    334.560        nan        nan        nan      0.124
           ARGO         6903555 2019     6  28  10    -2.596950    75.593857     -93.62        nan        nan        nan        nan        nan        nan      0.115
           ARGO         6903555 2019     6  28  10    -2.596950    75.593857     -94.66        nan        nan    333.502        nan        nan        nan      0.135
           ARGO         6903555 2019     6  28  10    -2.596950    75.593857     -96.65        nan        nan    333.658        nan        nan        nan      0.173
           ARGO         6903555 2019     6  28  10    -2.596950    75.593857     -98.56        nan        nan        nan        nan        nan        nan      0.108
           ARGO         6903555 2019     6  28  10    -2.596950    75.593857     -99.61        nan        nan    333.013        nan        nan        nan      0.108
           ARGO         6903555 2019     6  28  10    -2.596950    75.593857    -103.70        nan        nan        nan        nan        nan        nan      0.104
           ARGO         6903555 2019     6  28  10    -2.596950    75.593857    -108.69        nan        nan        nan        nan        nan        nan      0.094
           ARGO         6903555 2019     6  28  10    -2.596950    75.593857    -109.70        nan        nan    332.533        nan        nan        nan      0.093
           ARGO         6903555 2019     6  28  10    -2.596950    75.593857    -113.77        nan        nan        nan        nan        nan        nan      0.086
           ARGO         6903555 2019     6  28  10    -2.596950    75.593857    -114.80        nan        nan    331.692        nan        nan        nan      0.094
           ARGO         6903555 2019     6  28  10    -2.596950    75.593857    -118.74        nan        nan        nan        nan        nan        nan      0.094
           ARGO         6903555 2019     6  28  10    -2.596950    75.593857    -119.77        nan        nan    332.207        nan        nan        nan      0.109
           ARGO         6903555 2019     6  28  10    -2.596950    75.593857    -123.66        nan        nan        nan        nan        nan        nan      0.086
           ARGO         6903555 2019     6  28  10    -2.596950    75.593857    -128.67        nan        nan        nan        nan        nan        nan      0.097
           ARGO         6903555 2019     6  28  10    -2.596950    75.593857    -129.73        nan        nan    333.379        nan        nan        nan      0.094
           ARGO         6903555 2019     6  28  10    -2.596950    75.593857    -133.70        nan        nan        nan        nan        nan        nan      0.097
           ARGO         6903555 2019     6  28  10    -2.596950    75.593857    -134.78        nan        nan    332.997        nan        nan        nan      0.098
           ARGO         6903555 2019     6  28  10    -2.596950    75.593857    -138.56        nan        nan        nan        nan        nan        nan      0.101
           ARGO         6903555 2019     6  28  10    -2.596950    75.593857    -139.63        nan        nan    331.627        nan        nan        nan      0.084
           ARGO         6903555 2019     6  28  10    -2.596950    75.593857    -143.58        nan        nan        nan        nan        nan        nan      0.068
           ARGO         6903555 2019     6  28  10    -2.596950    75.593857    -148.55        nan        nan        nan        nan        nan        nan      0.086
           ARGO         6903555 2019     6  28  10    -2.596950    75.593857    -149.65        nan        nan    329.983        nan        nan        nan      0.100
           ARGO         6903555 2019     6  28  10    -2.596950    75.593857    -153.47        nan        nan        nan        nan        nan        nan      0.094
           ARGO         6903555 2019     6  28  10    -2.596950    75.593857    -154.59        nan        nan    330.355        nan        nan        nan      0.094
           ARGO         6903555 2019     6  28  10    -2.596950    75.593857    -158.34        nan        nan        nan        nan        nan        nan      0.101
           ARGO         6903555 2019     6  28  10    -2.596950    75.593857    -159.46        nan        nan    332.052        nan        nan        nan      0.096
           ARGO         6903555 2019     6  28  10    -2.596950    75.593857    -163.35        nan        nan        nan        nan        nan        nan      0.090
           ARGO         6903555 2019     6  28  10    -2.596950    75.593857    -164.50        nan        nan    333.625        nan        nan        nan      0.093
           ARGO         6903555 2019     6  28  10    -2.596950    75.593857    -168.41        nan        nan        nan        nan        nan        nan      0.090
           ARGO         6903555 2019     6  28  10    -2.596950    75.593857    -169.54        nan        nan    336.645        nan        nan        nan      0.094
           ARGO         6903555 2019     6  28  10    -2.596950    75.593857    -173.52        nan        nan        nan        nan        nan        nan      0.101
           ARGO         6903555 2019     6  28  10    -2.596950    75.593857    -174.63        nan        nan    339.114        nan        nan        nan      0.090
           ARGO         6903555 2019     6  28  10    -2.596950    75.593857    -178.60        nan        nan        nan        nan        nan        nan      0.090
           ARGO         6903555 2019     6  28  10    -2.596950    75.593857    -179.71        nan        nan    341.465        nan        nan        nan      0.079
           ARGO         6903555 2019     6  28  10    -2.596950    75.593857    -183.52        nan        nan        nan        nan        nan        nan      0.079
           ARGO         6903555 2019     6  28  10    -2.596950    75.593857    -184.64        nan        nan    341.659        nan        nan        nan      0.082
           ARGO         6903555 2019     6  28  10    -2.596950    75.593857    -188.40        nan        nan        nan        nan        nan        nan      0.076
           ARGO         6903555 2019     6  28  10    -2.596950    75.593857    -189.54        nan        nan    341.840        nan        nan        nan      0.067
           ARGO         6903555 2019     6  28  10    -2.596950    75.593857    -193.45        nan        nan        nan        nan        nan        nan      0.079
           ARGO         6903555 2019     6  28  10    -2.596950    75.593857    -194.59        nan        nan    342.245        nan        nan        nan      0.068
           ARGO         6903555 2019     6  28  10    -2.596950    75.593857    -198.50        nan        nan        nan        nan        nan        nan      0.068
           ARGO         6903555 2019     6  28  10    -2.596950    75.593857    -199.64        nan        nan    341.872        nan        nan        nan      0.061
           ARGO         6903555 2019     6  28  10    -2.596950    75.593857    -203.43        nan        nan        nan        nan        nan        nan      0.058
           ARGO         6903555 2019     6  28  10    -2.596950    75.593857    -204.57        nan        nan    341.029        nan        nan        nan      0.072
           ARGO         6903555 2019     6  28  10    -2.596950    75.593857    -207.82        nan        nan        nan        nan        nan        nan      0.068
           ARGO         6903555 2019     6  28  10    -2.596950    75.593857    -208.96        nan        nan    340.024        nan        nan        nan      0.061
           ARGO         6903555 2019     6  28  10    -2.596950    75.593857    -212.86        nan        nan        nan        nan        nan        nan      0.061
           ARGO         6903555 2019     6  28  10    -2.596950    75.593857    -214.00        nan        nan    339.557        nan        nan        nan      0.057
           ARGO         6903555 2019     6  28  10    -2.596950    75.593857    -217.71        nan        nan        nan        nan        nan        nan      0.050
           ARGO         6903555 2019     6  28  10    -2.596950    75.593857    -218.85        nan        nan    339.729        nan        nan        nan      0.047
           ARGO         6903555 2019     6  28  10    -2.596950    75.593857    -223.77        nan        nan        nan        nan        nan        nan      0.050
           ARGO         6903555 2019     6  28  10    -2.596950    75.593857    -224.72        nan        nan    338.125        nan        nan        nan      0.056
           ARGO         6903555 2019     6  28  10    -2.596950    75.593857    -228.77        nan        nan        nan        nan        nan        nan      0.047
           ARGO         6903555 2019     6  28  10    -2.596950    75.593857    -229.71        nan        nan    337.184        nan        nan        nan      0.050
           ARGO         6903555 2019     6  28  10    -2.596950    75.593857    -233.82        nan        nan        nan        nan        nan        nan      0.050
           ARGO         6903555 2019     6  28  10    -2.596950    75.593857    -234.77        nan        nan    336.110        nan        nan        nan      0.050
           ARGO         6903555 2019     6  28  10    -2.596950    75.593857    -238.79        nan        nan        nan        nan        nan        nan      0.050
           ARGO         6903555 2019     6  28  10    -2.596950    75.593857    -243.82        nan        nan        nan        nan        nan        nan      0.047
           ARGO         6903555 2019     6  28  10    -2.596950    75.593857    -244.78        nan        nan    336.253        nan        nan        nan      0.051
           ARGO         6903555 2019     6  28  10    -2.596950    75.593857    -248.83        nan        nan        nan        nan        nan        nan      0.058
           ARGO         6903555 2019     6  28  10    -2.596950    75.593857    -249.82        nan        nan    336.846        nan        nan        nan      0.053
           ARGO         6903555 2019     6  28  10    -2.596950    75.593857    -253.68        nan        nan        nan        nan        nan        nan      0.043
           ARGO         6903555 2019     6  28  10    -2.596950    75.593857    -254.75        nan        nan    336.726        nan        nan        nan      0.047
           ARGO         6903555 2019     6  28  10    -2.596950    75.593857    -258.68        nan        nan        nan        nan        nan        nan      0.047
           ARGO         6903555 2019     6  28  10    -2.596950    75.593857    -259.68        nan        nan    336.570        nan        nan        nan      0.047
           ARGO         6903555 2019     6  28  10    -2.596950    75.593857    -263.80        nan        nan        nan        nan        nan        nan      0.050
           ARGO         6903555 2019     6  28  10    -2.596950    75.593857    -264.82        nan        nan    335.848        nan        nan        nan      0.041
           ARGO         6903555 2019     6  28  10    -2.596950    75.593857    -268.59        nan        nan        nan        nan        nan        nan      0.050
           ARGO         6903555 2019     6  28  10    -2.596950    75.593857    -269.70        nan        nan    335.167        nan        nan        nan      0.043
           ARGO         6903555 2019     6  28  10    -2.596950    75.593857    -273.64        nan        nan        nan        nan        nan        nan      0.040
           ARGO         6903555 2019     6  28  10    -2.596950    75.593857    -274.78        nan        nan    333.596        nan        nan        nan      0.040
           ARGO         6903555 2019     6  28  10    -2.596950    75.593857    -278.66        nan        nan        nan        nan        nan        nan      0.043
           ARGO         6903555 2019     6  28  10    -2.596950    75.593857    -279.71        nan        nan    332.915        nan        nan        nan      0.036
           ARGO         6903555 2019     6  28  10    -2.596950    75.593857    -283.48        nan        nan        nan        nan        nan        nan      0.040
           ARGO         6903555 2019     6  28  10    -2.596950    75.593857    -284.66        nan        nan    332.932        nan        nan        nan      0.040
           ARGO         6903555 2019     6  28  10    -2.596950    75.593857    -288.36        nan        nan        nan        nan        nan        nan      0.040
           ARGO         6903555 2019     6  28  10    -2.596950    75.593857    -289.55        nan        nan    333.262        nan        nan        nan      0.036
           ARGO         6903555 2019     6  28  10    -2.596950    75.593857    -293.41        nan        nan        nan        nan        nan        nan      0.036
           ARGO         6903555 2019     6  28  10    -2.596950    75.593857    -294.60        nan        nan    333.557        nan        nan        nan      0.043
           ARGO         6903555 2019     6  28  10    -2.596950    75.593857    -298.47        nan        nan        nan        nan        nan        nan      0.043
           ARGO         6903555 2019     6  28  10    -2.596950    75.593857    -299.67        nan        nan    333.639        nan        nan        nan      0.045
           ARGO         6903555 2019     6  28  10    -2.596950    75.593857    -303.42        nan        nan        nan        nan        nan        nan      0.036
           ARGO         6903555 2019     6  28  10    -2.596950    75.593857    -304.61        nan        nan    333.522        nan        nan        nan      0.033
           ARGO         6903555 2019     6  28  10    -2.596950    75.593857    -308.42        nan        nan        nan        nan        nan        nan      0.036
           ARGO         6903555 2019     6  28  10    -2.596950    75.593857    -309.62        nan        nan    333.657        nan        nan        nan      0.033
           ARGO         6903555 2019     6  28  10    -2.596950    75.593857    -313.34        nan        nan        nan        nan        nan        nan      0.036
           ARGO         6903555 2019     6  28  10    -2.596950    75.593857    -314.57        nan        nan    333.344        nan        nan        nan      0.033
           ARGO         6903555 2019     6  28  10    -2.596950    75.593857    -318.31        nan        nan        nan        nan        nan        nan      0.036
           ARGO         6903555 2019     6  28  10    -2.596950    75.593857    -319.55        nan        nan    333.082        nan        nan        nan      0.033
           ARGO         6903555 2019     6  28  10    -2.596950    75.593857    -323.32        nan        nan        nan        nan        nan        nan      0.040
           ARGO         6903555 2019     6  28  10    -2.596950    75.593857    -324.55        nan        nan    333.151        nan        nan        nan      0.039
           ARGO         6903555 2019     6  28  10    -2.596950    75.593857    -328.43        nan        nan        nan        nan        nan        nan      0.036
           ARGO         6903555 2019     6  28  10    -2.596950    75.593857    -329.55        nan        nan    332.929        nan        nan        nan      0.079
           ARGO         6903555 2019     6  28  10    -2.596950    75.593857    -333.35        nan        nan        nan        nan        nan        nan      0.029
           ARGO         6903555 2019     6  28  10    -2.596950    75.593857    -334.58        nan        nan    332.718        nan        nan        nan      0.036
           ARGO         6903555 2019     6  28  10    -2.596950    75.593857    -338.39        nan        nan        nan        nan        nan        nan      0.032
           ARGO         6903555 2019     6  28  10    -2.596950    75.593857    -339.63        nan        nan    332.765        nan        nan        nan      0.039
           ARGO         6903555 2019     6  28  10    -2.596950    75.593857    -343.39        nan        nan        nan        nan        nan        nan      0.032
           ARGO         6903555 2019     6  28  10    -2.596950    75.593857    -344.53        nan        nan    333.746        nan        nan        nan      0.036
           ARGO         6903555 2019     6  28  10    -2.596950    75.593857    -348.34        nan        nan        nan        nan        nan        nan      0.032
           ARGO         6903555 2019     6  28  10    -2.596950    75.593857    -349.59        nan        nan    333.966        nan        nan        nan      0.027
           ARGO         6903555 2019     6  28  10    -2.596950    75.593857    -352.63        nan        nan        nan        nan        nan        nan      0.036
           ARGO         6903555 2019     6  28  10    -2.596950    75.593857    -353.86        nan        nan    333.822        nan        nan        nan      0.033
           ARGO         6903555 2019     6  28  10    -2.596950    75.593857    -357.66        nan        nan        nan        nan        nan        nan      0.036
           ARGO         6903555 2019     6  28  10    -2.596950    75.593857    -358.89        nan        nan    333.574        nan        nan        nan      0.036
           ARGO         6903555 2019     6  28  10    -2.596950    75.593857    -362.76        nan        nan        nan        nan        nan        nan      0.036
           ARGO         6903555 2019     6  28  10    -2.596950    75.593857    -363.97        nan        nan    333.341        nan        nan        nan      0.040
           ARGO         6903555 2019     6  28  10    -2.596950    75.593857    -368.76        nan        nan        nan        nan        nan        nan      0.043
           ARGO         6903555 2019     6  28  10    -2.596950    75.593857    -369.75        nan        nan    332.693        nan        nan        nan      0.030
           ARGO         6903555 2019     6  28  10    -2.596950    75.593857    -373.72        nan        nan        nan        nan        nan        nan      0.036
           ARGO         6903555 2019     6  28  10    -2.596950    75.593857    -374.74        nan        nan    332.274        nan        nan        nan      0.036
           ARGO         6903555 2019     6  28  10    -2.596950    75.593857    -378.68        nan        nan        nan        nan        nan        nan      0.036
           ARGO         6903555 2019     6  28  10    -2.596950    75.593857    -379.71        nan        nan    332.060        nan        nan        nan      0.038
           ARGO         6903555 2019     6  28  10    -2.596950    75.593857    -383.61        nan        nan        nan        nan        nan        nan      0.025
           ARGO         6903555 2019     6  28  10    -2.596950    75.593857    -384.64        nan        nan    332.303        nan        nan        nan      0.032
           ARGO         6903555 2019     6  28  10    -2.596950    75.593857    -388.73        nan        nan        nan        nan        nan        nan      0.025
           ARGO         6903555 2019     6  28  10    -2.596950    75.593857    -389.79        nan        nan    332.801        nan        nan        nan      0.039
           ARGO         6903555 2019     6  28  10    -2.596950    75.593857    -393.63        nan        nan        nan        nan        nan        nan      0.032
           ARGO         6903555 2019     6  28  10    -2.596950    75.593857    -394.68        nan        nan    333.043        nan        nan        nan      0.032
           ARGO         6903555 2019     6  28  10    -2.596950    75.593857    -398.67        nan        nan        nan        nan        nan        nan      0.032
           ARGO         6903555 2019     6  28  10    -2.596950    75.593857    -399.73        nan        nan    332.830        nan        nan        nan      0.033
           ARGO         6903555 2019     6  28  10    -2.596950    75.593857    -403.65        nan        nan        nan        nan        nan        nan      0.036
           ARGO         6903555 2019     6  28  10    -2.596950    75.593857    -404.71        nan        nan    332.971        nan        nan        nan      0.036
           ARGO         6903555 2019     6  28  10    -2.596950    75.593857    -408.67        nan        nan        nan        nan        nan        nan      0.036
           ARGO         6903555 2019     6  28  10    -2.596950    75.593857    -409.76        nan        nan    333.941        nan        nan        nan      0.036
           ARGO         6903555 2019     6  28  10    -2.596950    75.593857    -413.70        nan        nan        nan        nan        nan        nan      0.036
           ARGO         6903555 2019     6  28  10    -2.596950    75.593857    -414.80        nan        nan    334.070        nan        nan        nan      0.029
           ARGO         6903555 2019     6  28  10    -2.596950    75.593857    -418.65        nan        nan        nan        nan        nan        nan      0.032
           ARGO         6903555 2019     6  28  10    -2.596950    75.593857    -419.76        nan        nan    334.100        nan        nan        nan      0.045
           ARGO         6903555 2019     6  28  10    -2.596950    75.593857    -423.68        nan        nan        nan        nan        nan        nan      0.036
           ARGO         6903555 2019     6  28  10    -2.596950    75.593857    -424.70        nan        nan    334.137        nan        nan        nan      0.036
           ARGO         6903555 2019     6  28  10    -2.596950    75.593857    -428.59        nan        nan        nan        nan        nan        nan      0.032
           ARGO         6903555 2019     6  28  10    -2.596950    75.593857    -429.72        nan        nan    333.667        nan        nan        nan      0.030
           ARGO         6903555 2019     6  28  10    -2.596950    75.593857    -433.57        nan        nan        nan        nan        nan        nan      0.036
           ARGO         6903555 2019     6  28  10    -2.596950    75.593857    -434.71        nan        nan    333.560        nan        nan        nan      0.036
           ARGO         6903555 2019     6  28  10    -2.596950    75.593857    -438.49        nan        nan        nan        nan        nan        nan      0.036
           ARGO         6903555 2019     6  28  10    -2.596950    75.593857    -439.62        nan        nan    333.765        nan        nan        nan      0.029
           ARGO         6903555 2019     6  28  10    -2.596950    75.593857    -443.52        nan        nan        nan        nan        nan        nan      0.029
           ARGO         6903555 2019     6  28  10    -2.596950    75.593857    -444.66        nan        nan    334.026        nan        nan        nan      0.032
           ARGO         6903555 2019     6  28  10    -2.596950    75.593857    -448.50        nan        nan        nan        nan        nan        nan      0.029
           ARGO         6903555 2019     6  28  10    -2.596950    75.593857    -449.65        nan        nan    334.346        nan        nan        nan      0.029
           ARGO         6903555 2019     6  28  10    -2.596950    75.593857    -453.47        nan        nan        nan        nan        nan        nan      0.032
           ARGO         6903555 2019     6  28  10    -2.596950    75.593857    -454.65        nan        nan    334.339        nan        nan        nan      0.710
           ARGO         6903555 2019     6  28  10    -2.596950    75.593857    -458.47        nan        nan        nan        nan        nan        nan      0.029
           ARGO         6903555 2019     6  28  10    -2.596950    75.593857    -459.63        nan        nan    334.350        nan        nan        nan      0.033
           ARGO         6903555 2019     6  28  10    -2.596950    75.593857    -463.42        nan        nan        nan        nan        nan        nan      0.036
           ARGO         6903555 2019     6  28  10    -2.596950    75.593857    -464.61        nan        nan    334.376        nan        nan        nan      0.035
           ARGO         6903555 2019     6  28  10    -2.596950    75.593857    -468.48        nan        nan        nan        nan        nan        nan      0.025
           ARGO         6903555 2019     6  28  10    -2.596950    75.593857    -469.66        nan        nan    334.543        nan        nan        nan      0.036
           ARGO         6903555 2019     6  28  10    -2.596950    75.593857    -473.39        nan        nan        nan        nan        nan        nan      0.036
           ARGO         6903555 2019     6  28  10    -2.596950    75.593857    -474.58        nan        nan    334.639        nan        nan        nan      0.032
           ARGO         6903555 2019     6  28  10    -2.596950    75.593857    -478.50        nan        nan        nan        nan        nan        nan      0.032
           ARGO         6903555 2019     6  28  10    -2.596950    75.593857    -483.47        nan        nan        nan        nan        nan        nan      0.036
           ARGO         6903555 2019     6  28  10    -2.596950    75.593857    -484.66        nan        nan    334.492        nan        nan        nan      0.032
           ARGO         6903555 2019     6  28  10    -2.596950    75.593857    -488.40        nan        nan        nan        nan        nan        nan      0.032
           ARGO         6903555 2019     6  28  10    -2.596950    75.593857    -489.59        nan        nan    334.547        nan        nan        nan      0.039
           ARGO         6903555 2019     6  28  10    -2.596950    75.593857    -493.40        nan        nan        nan        nan        nan        nan      0.032
           ARGO         6903555 2019     6  28  10    -2.596950    75.593857    -494.62        nan        nan    334.577        nan        nan        nan      0.029
           ARGO         6903555 2019     6  28  10    -2.596950    75.593857    -498.43        nan        nan        nan        nan        nan        nan      0.029
           ARGO         6903555 2019     6  28  10    -2.596950    75.593857    -499.08        nan        nan    334.599        nan        nan        nan      0.032
           ARGO         6903555 2019     6  28  10    -2.596950    75.593857    -503.76        nan        nan        nan        nan        nan        nan      0.022
           ARGO         6903555 2019     6  28  10    -2.596950    75.593857    -508.39        nan        nan    334.656        nan        nan        nan      0.032
           ARGO         6903555 2019     6  28  10    -2.596950    75.593857    -514.06        nan        nan        nan        nan        nan        nan      0.022
           ARGO         6903555 2019     6  28  10    -2.596950    75.593857    -519.32        nan        nan    334.626        nan        nan        nan      0.025
           ARGO         6903555 2019     6  28  10    -2.596950    75.593857    -524.42        nan        nan        nan        nan        nan        nan      0.025
           ARGO         6903555 2019     6  28  10    -2.596950    75.593857    -529.74        nan        nan    334.848        nan        nan        nan      0.032
           ARGO         6903555 2019     6  28  10    -2.596950    75.593857    -534.52        nan        nan        nan        nan        nan        nan      0.025
           ARGO         6903555 2019     6  28  10    -2.596950    75.593857    -539.24        nan        nan    334.777        nan        nan        nan      0.022
           ARGO         6903555 2019     6  28  10    -2.596950    75.593857    -544.44        nan        nan        nan        nan        nan        nan      0.025
           ARGO         6903555 2019     6  28  10    -2.596950    75.593857    -549.19        nan        nan    334.971        nan        nan        nan      0.022
           ARGO         6903555 2019     6  28  10    -2.596950    75.593857    -554.40        nan        nan        nan        nan        nan        nan      0.022
           ARGO         6903555 2019     6  28  10    -2.596950    75.593857    -559.68        nan        nan    335.125        nan        nan        nan      0.028
           ARGO         6903555 2019     6  28  10    -2.596950    75.593857    -564.47        nan        nan        nan        nan        nan        nan      0.022
           ARGO         6903555 2019     6  28  10    -2.596950    75.593857    -569.72        nan        nan    335.125        nan        nan        nan      0.031
           ARGO         6903555 2019     6  28  10    -2.596950    75.593857    -574.43        nan        nan        nan        nan        nan        nan      0.022
           ARGO         6903555 2019     6  28  10    -2.596950    75.593857    -579.14        nan        nan    335.090        nan        nan        nan      0.022
           ARGO         6903555 2019     6  28  10    -2.596950    75.593857    -584.34        nan        nan        nan        nan        nan        nan      0.022
           ARGO         6903555 2019     6  28  10    -2.596950    75.593857    -589.10        nan        nan    334.716        nan        nan        nan      0.022
           ARGO         6903555 2019     6  28  10    -2.596950    75.593857    -594.42        nan        nan        nan        nan        nan        nan      0.022
           ARGO         6903555 2019     6  28  10    -2.596950    75.593857    -599.79        nan        nan    334.729        nan        nan        nan      0.015
           ARGO         6903555 2019     6  28  10    -2.596950    75.593857    -604.50        nan        nan        nan        nan        nan        nan      0.022
           ARGO         6903555 2019     6  28  10    -2.596950    75.593857    -609.16        nan        nan    334.794        nan        nan        nan      0.022
           ARGO         6903555 2019     6  28  10    -2.596950    75.593857    -614.38        nan        nan        nan        nan        nan        nan      0.011
           ARGO         6903555 2019     6  28  10    -2.596950    75.593857    -619.09        nan        nan    334.945        nan        nan        nan      0.018
           ARGO         6903555 2019     6  28  10    -2.596950    75.593857    -624.32        nan        nan        nan        nan        nan        nan      0.022
           ARGO         6903555 2019     6  28  10    -2.596950    75.593857    -629.59        nan        nan    335.001        nan        nan        nan      0.018
           ARGO         6903555 2019     6  28  10    -2.596950    75.593857    -634.40        nan        nan        nan        nan        nan        nan      0.022
           ARGO         6903555 2019     6  28  10    -2.596950    75.593857    -639.64        nan        nan    334.956        nan        nan        nan      0.018
           ARGO         6903555 2019     6  28  10    -2.596950    75.593857    -644.37        nan        nan        nan        nan        nan        nan      0.014
           ARGO         6903555 2019     6  28  10    -2.596950    75.593857    -649.57        nan        nan    335.039        nan        nan        nan      0.014
           ARGO         6903555 2019     6  28  10    -2.596950    75.593857    -654.35        nan        nan        nan        nan        nan        nan      0.011
           ARGO         6903555 2019     6  28  10    -2.596950    75.593857    -658.39        nan        nan    335.124        nan        nan        nan      0.011
           ARGO         6903555 2019     6  28  10    -2.596950    75.593857    -663.59        nan        nan        nan        nan        nan        nan      0.014
           ARGO         6903555 2019     6  28  10    -2.596950    75.593857    -669.38        nan        nan    335.107        nan        nan        nan      0.015
           ARGO         6903555 2019     6  28  10    -2.596950    75.593857    -674.47        nan        nan        nan        nan        nan        nan      0.022
           ARGO         6903555 2019     6  28  10    -2.596950    75.593857    -679.28        nan        nan    335.082        nan        nan        nan      0.018
           ARGO         6903555 2019     6  28  10    -2.596950    75.593857    -684.47        nan        nan        nan        nan        nan        nan      0.018
           ARGO         6903555 2019     6  28  10    -2.596950    75.593857    -689.23        nan        nan    335.040        nan        nan        nan      0.014
           ARGO         6903555 2019     6  28  10    -2.596950    75.593857    -699.76        nan        nan    334.848        nan        nan        nan      0.012
           ARGO         6903555 2019     6  28  10    -2.596950    75.593857    -704.47        nan        nan        nan        nan        nan        nan      0.018
           ARGO         6903555 2019     6  28  10    -2.596950    75.593857    -709.66        nan        nan    334.675        nan        nan        nan      0.010
           ARGO         6903555 2019     6  28  10    -2.596950    75.593857    -729.66        nan        nan    334.025        nan        nan        nan      0.010
           ARGO         6903555 2019     6  28  10    -2.596950    75.593857    -739.80        nan        nan    334.109        nan        nan        nan      0.036
           ARGO         6903555 2019     6  28  10    -2.596950    75.593857    -749.66        nan        nan    334.136        nan        nan        nan      0.010
           ARGO         6903555 2019     6  28  10    -2.596950    75.593857    -759.19        nan        nan    334.218        nan        nan        nan      0.025
           ARGO         6903555 2019     6  28  10    -2.596950    75.593857    -764.33        nan        nan        nan        nan        nan        nan      0.011
           ARGO         6903555 2019     6  28  10    -2.596950    75.593857    -769.09        nan        nan    333.875        nan        nan        nan      0.014
           ARGO         6903555 2019     6  28  10    -2.596950    75.593857    -774.31        nan        nan        nan        nan        nan        nan      0.011
           ARGO         6903555 2019     6  28  10    -2.596950    75.593857    -784.43        nan        nan        nan        nan        nan        nan      0.011
           ARGO         6903555 2019     6  28  10    -2.596950    75.593857    -789.15        nan        nan    333.080        nan        nan        nan      0.011
           ARGO         6903555 2019     6  28  10    -2.596950    75.593857    -799.07        nan        nan    333.005        nan        nan        nan      0.011
           ARGO         6903555 2019     6  28  10    -2.596950    75.593857    -809.62        nan        nan    333.167        nan        nan        nan      0.015
           ARGO         6903555 2019     6  28  10    -2.596950    75.593857    -814.21        nan        nan        nan        nan        nan        nan      0.018
           ARGO         6903555 2019     6  28  10    -2.596950    75.593857    -823.67        nan        nan        nan        nan        nan        nan      0.011
           ARGO         6903555 2019     6  28  10    -2.596950    75.593857    -829.49        nan        nan    333.215        nan        nan        nan      0.010
           ARGO         6903555 2019     6  28  10    -2.596950    75.593857    -839.30        nan        nan    333.132        nan        nan        nan      0.014
           ARGO         6903555 2019     6  28  10    -2.596950    75.593857    -849.28        nan        nan    332.994        nan        nan        nan      0.014
           ARGO         6903555 2019     6  28  10    -2.596950    75.593857    -854.45        nan        nan        nan        nan        nan        nan      0.014
           ARGO         6903555 2019     6  28  10    -2.596950    75.593857    -864.46        nan        nan        nan        nan        nan        nan      0.011
           ARGO         6903555 2019     6  28  10    -2.596950    75.593857    -869.23        nan        nan    332.788        nan        nan        nan      0.032
           ARGO         6903555 2019     6  28  10    -2.596950    75.593857    -874.42        nan        nan        nan        nan        nan        nan      0.011
           ARGO         6903555 2019     6  28  10    -2.596950    75.593857    -879.65        nan        nan    332.448        nan        nan        nan      0.010
           ARGO         6903555 2019     6  28  10    -2.596950    75.593857    -904.36        nan        nan        nan        nan        nan        nan      0.011
           ARGO         6903555 2019     6  28  10    -2.596950    75.593857    -914.47        nan        nan        nan        nan        nan        nan      0.014
           ARGO         6903555 2019     6  28  10    -2.596950    75.593857    -929.04        nan        nan    331.630        nan        nan        nan      0.050
           ARGO         6903555 2019     6  28  10    -2.596950    75.593857    -954.45        nan        nan        nan        nan        nan        nan      0.011
           ARGO         6903555 2019     6  28  10    -2.596950    75.593857    -969.66        nan        nan    331.458        nan        nan        nan      0.010
           ARGO         6903555 2019     6  28  10    -2.596950    75.593857    -979.68        nan        nan    330.923        nan        nan        nan      0.010
           ARGO         6903555 2019     6  28  10    -2.596950    75.593857    -989.67        nan        nan    330.179        nan        nan        nan      0.010
           ARGO         6903555 2019     6  28  10    -2.596950    75.593857   -1009.19        nan        nan    328.765        nan        nan        nan      0.011
           ARGO         6903555 2019     6  28  10    -2.596950    75.593857   -1049.08        nan        nan    327.981        nan        nan        nan      0.011
           ARGO         6903555 2019     6  28  10    -2.596950    75.593857   -1054.32        nan        nan        nan        nan        nan        nan      0.011
           ARGO         6903555 2019     6  28  10    -2.596950    75.593857   -1069.05        nan        nan    327.295        nan        nan        nan      0.011
           ARGO         6903555 2019     6  28  10    -2.596950    75.593857   -1074.31        nan        nan        nan        nan        nan        nan      0.011
           ARGO         6903555 2019     6  28  10    -2.596950    75.593857   -1083.77        nan        nan        nan        nan        nan        nan      0.014
           ARGO         6903555 2019     6  28  10    -2.596950    75.593857   -1119.76        nan        nan    327.417        nan        nan        nan      0.024
           ARGO         6903555 2019     6  28  10    -2.596950    75.593857   -1124.54        nan        nan        nan        nan        nan        nan      0.011
           ARGO         6903555 2019     6  28  10    -2.596950    75.593857   -1139.15        nan        nan    327.664        nan        nan        nan      0.036
           ARGO         6903555 2019     6  28  10    -2.596950    75.593857   -1154.44        nan        nan        nan        nan        nan        nan      0.011
           ARGO         6903555 2019     6  28  10    -2.596950    75.593857   -1159.21        nan        nan    327.882        nan        nan        nan      0.011
           ARGO         6903555 2019     6  28  10    -2.596950    75.593857   -1174.48        nan        nan        nan        nan        nan        nan      0.011
           ARGO         6903555 2019     6  28  10    -2.596950    75.593857   -1189.13        nan        nan    327.755        nan        nan        nan      0.011
           ARGO         6903555 2019     6  28  10    -2.596950    75.593857   -1199.16        nan        nan    327.568        nan        nan        nan      0.011
           ARGO         6903555 2019     6  28  10    -2.596950    75.593857   -1209.59        nan        nan    327.531        nan        nan        nan      0.011
           ARGO         6903555 2019     6  28  10    -2.596950    75.593857   -1214.40        nan        nan        nan        nan        nan        nan      0.011
           ARGO         6903555 2019     6  28  10    -2.596950    75.593857   -1243.70        nan        nan        nan        nan        nan        nan      0.061
           ARGO         6903555 2019     6  28  10    -2.596950    75.593857   -1248.34        nan        nan    327.290        nan        nan        nan      0.011
           ARGO         6903555 2019     6  28  10    -2.596950    75.593857   -1254.12        nan        nan        nan        nan        nan        nan      0.011
           ARGO         6903555 2019     6  28  10    -2.596950    75.593857   -1259.34        nan        nan    326.861        nan        nan        nan      0.011
           ARGO         6903555 2019     6  28  10    -2.596950    75.593857   -1269.26        nan        nan    326.531        nan        nan        nan      0.011
           ARGO         6903555 2019     6  28  10    -2.596950    75.593857   -1289.76        nan        nan    326.190        nan        nan        nan      0.010
           ARGO         6903555 2019     6  28  10    -2.596950    75.593857   -1324.40        nan        nan        nan        nan        nan        nan      0.011
           ARGO         6903555 2019     6  28  10    -2.596950    75.593857   -1344.38        nan        nan        nan        nan        nan        nan      0.011
           ARGO         6903555 2019     6  28  10    -2.596950    75.593857   -1359.10        nan        nan    323.408        nan        nan        nan      0.011
           ARGO         6903555 2019     6  28  10    -2.596950    75.593857   -1374.32        nan        nan        nan        nan        nan        nan      0.011
           ARGO         6903555 2019     6  28  10    -2.596950    75.593857   -1403.67        nan        nan        nan        nan        nan        nan      0.011
           ARGO         6903555 2019     6  28  10    -2.596950    75.593857   -1469.23        nan        nan    320.930        nan        nan        nan      0.014
           ARGO         6903555 2019     6  28  10    -2.596950    75.593857   -1514.38        nan        nan        nan        nan        nan        nan      0.014
           ARGO         6903555 2019     6  28  10    -2.596950    75.593857   -1524.43        nan        nan        nan        nan        nan        nan      0.011
           ARGO         6903555 2019     6  28  10    -2.596950    75.593857   -1529.61        nan        nan    320.295        nan        nan        nan      0.010
           ARGO         6903555 2019     6  28  10    -2.596950    75.593857   -1539.07        nan        nan    320.312        nan        nan        nan      0.014
           ARGO         6903555 2019     6  28  10    -2.596950    75.593857   -1549.06        nan        nan    320.319        nan        nan        nan      0.011
           ARGO         6903555 2019     6  28  10    -2.596950    75.593857   -1564.40        nan        nan        nan        nan        nan        nan      0.011
           ARGO         6903555 2019     6  28  10    -2.596950    75.593857   -1569.16        nan        nan    320.632        nan        nan        nan      0.011
           ARGO         6903555 2019     6  28  10    -2.596950    75.593857   -1604.52        nan        nan        nan        nan        nan        nan      0.011
           ARGO         6903555 2019     6  28  10    -2.596950    75.593857   -1614.42        nan        nan        nan        nan        nan        nan      0.011
           ARGO         6903555 2019     6  28  10    -2.596950    75.593857   -1619.73        nan        nan    320.283        nan        nan        nan      0.010
           ARGO         6903555 2019     6  28  10    -2.596950    75.593857   -1634.43        nan        nan        nan        nan        nan        nan      0.011
           ARGO         6903555 2019     6  28  10    -2.596950    75.593857   -1639.71        nan        nan    320.263        nan        nan        nan      0.011
           ARGO         6903555 2019     6  28  10    -2.596950    75.593857   -1644.52        nan        nan        nan        nan        nan        nan      0.011
           ARGO         6903555 2019     6  28  10    -2.596950    75.593857   -1674.34        nan        nan        nan        nan        nan        nan      0.011
           ARGO         6903555 2019     6  28  10    -2.596950    75.593857   -1694.30        nan        nan        nan        nan        nan        nan      0.011
           ARGO         6903555 2019     6  28  10    -2.596950    75.593857   -1723.74        nan        nan        nan        nan        nan        nan      0.014
           ARGO         6903555 2019     6  28  10    -2.596950    75.593857   -1754.48        nan        nan        nan        nan        nan        nan      0.014
           ARGO         6903555 2019     6  28  10    -2.596950    75.593857   -1779.71        nan        nan    318.410        nan        nan        nan      0.010
           ARGO         6903555 2019     6  28  10    -2.596950    75.593857   -1804.50        nan        nan        nan        nan        nan        nan      0.011
           ARGO         6903555 2019     6  28  10    -2.596950    75.593857   -1824.34        nan        nan        nan        nan        nan        nan      0.011
           ARGO         6903555 2019     6  28  10    -2.596950    75.593857   -1854.55        nan        nan        nan        nan        nan        nan      0.011
           ARGO         6903555 2019     6  28  10    -2.596950    75.593857   -1869.28        nan        nan    315.313        nan        nan        nan      0.011
           ARGO         6903555 2019     6  28  10    -2.596950    75.593857   -1874.45        nan        nan        nan        nan        nan        nan      0.011
           ARGO         6903555 2019     6  28  10    -2.596950    75.593857   -1909.22        nan        nan    314.004        nan        nan        nan      0.011
           ARGO         6903555 2019     6  28  10    -2.596950    75.593857   -1919.69        nan        nan    313.554        nan        nan        nan      0.010
           ARGO         6903555 2019     6  28  10    -2.596950    75.593857   -1929.12        nan        nan    313.306        nan        nan        nan      0.014
           ARGO         6903555 2019     6  28  10    -2.596950    75.593857   -1939.65        nan        nan    313.141        nan        nan        nan      0.017
           ARGO         6903555 2019     6  28  10    -2.596950    75.593857   -2003.32        nan        nan    312.045        nan        nan        nan      0.011
           ARGO         6903555 2019     7   3  10    -1.825920    75.293419     -22.13        nan        nan        nan        nan        nan        nan      1.602
           ARGO         6903555 2019     7   3  10    -1.825920    75.293419     -23.33        nan        nan    349.240        nan        nan        nan      1.228
           ARGO         6903555 2019     7   3  10    -1.825920    75.293419     -25.51        nan        nan    348.887        nan        nan        nan      1.050
           ARGO         6903555 2019     7   3  10    -1.825920    75.293419     -27.58        nan        nan        nan        nan        nan        nan      1.429
           ARGO         6903555 2019     7   3  10    -1.825920    75.293419     -28.79        nan        nan    348.544        nan        nan        nan      0.772
           ARGO         6903555 2019     7   3  10    -1.825920    75.293419     -30.97        nan        nan    348.177        nan        nan        nan      1.054
           ARGO         6903555 2019     7   3  10    -1.825920    75.293419     -33.09        nan        nan        nan        nan        nan        nan      1.386
           ARGO         6903555 2019     7   3  10    -1.825920    75.293419     -34.37        nan        nan    347.335        nan        nan        nan      1.012
           ARGO         6903555 2019     7   3  10    -1.825920    75.293419     -36.46        nan        nan        nan        nan        nan        nan      0.756
           ARGO         6903555 2019     7   3  10    -1.825920    75.293419     -37.78        nan        nan    346.161        nan        nan        nan      0.688
           ARGO         6903555 2019     7   3  10    -1.825920    75.293419     -40.08        nan        nan    345.225        nan        nan        nan      0.847
           ARGO         6903555 2019     7   3  10    -1.825920    75.293419     -42.35        nan        nan        nan        nan        nan        nan      0.540
           ARGO         6903555 2019     7   3  10    -1.825920    75.293419     -43.67        nan        nan    343.135        nan        nan        nan      0.712
           ARGO         6903555 2019     7   3  10    -1.825920    75.293419     -46.01        nan        nan    342.133        nan        nan        nan      0.849
           ARGO         6903555 2019     7   3  10    -1.825920    75.293419     -48.28        nan        nan        nan        nan        nan        nan      0.792
           ARGO         6903555 2019     7   3  10    -1.825920    75.293419     -49.64        nan        nan    342.187        nan        nan        nan      0.832
           ARGO         6903555 2019     7   3  10    -1.825920    75.293419     -52.09        nan        nan        nan        nan        nan        nan      0.763
           ARGO         6903555 2019     7   3  10    -1.825920    75.293419     -53.54        nan        nan    340.424        nan        nan        nan      0.626
           ARGO         6903555 2019     7   3  10    -1.825920    75.293419     -56.02        nan        nan        nan        nan        nan        nan      0.702
           ARGO         6903555 2019     7   3  10    -1.825920    75.293419     -57.59        nan        nan    340.391        nan        nan        nan      0.689
           ARGO         6903555 2019     7   3  10    -1.825920    75.293419     -60.47        nan        nan    341.620        nan        nan        nan      0.710
           ARGO         6903555 2019     7   3  10    -1.825920    75.293419     -63.09        nan        nan        nan        nan        nan        nan      0.727
           ARGO         6903555 2019     7   3  10    -1.825920    75.293419     -64.63        nan        nan    339.776        nan        nan        nan      0.621
           ARGO         6903555 2019     7   3  10    -1.825920    75.293419     -67.07        nan        nan        nan        nan        nan        nan      0.626
           ARGO         6903555 2019     7   3  10    -1.825920    75.293419     -68.56        nan        nan    340.310        nan        nan        nan      0.359
           ARGO         6903555 2019     7   3  10    -1.825920    75.293419     -71.07        nan        nan    341.228        nan        nan        nan      0.199
           ARGO         6903555 2019     7   3  10    -1.825920    75.293419     -73.43        nan        nan        nan        nan        nan        nan      0.122
           ARGO         6903555 2019     7   3  10    -1.825920    75.293419     -74.82        nan        nan    342.518        nan        nan        nan      0.104
           ARGO         6903555 2019     7   3  10    -1.825920    75.293419     -77.01        nan        nan        nan        nan        nan        nan      0.104
           ARGO         6903555 2019     7   3  10    -1.825920    75.293419     -78.33        nan        nan    342.458        nan        nan        nan      0.112
           ARGO         6903555 2019     7   3  10    -1.825920    75.293419     -80.67        nan        nan    341.866        nan        nan        nan      0.103
           ARGO         6903555 2019     7   3  10    -1.825920    75.293419     -82.74        nan        nan        nan        nan        nan        nan      0.097
           ARGO         6903555 2019     7   3  10    -1.825920    75.293419     -83.99        nan        nan    340.914        nan        nan        nan      0.175
           ARGO         6903555 2019     7   3  10    -1.825920    75.293419     -86.11        nan        nan    339.864        nan        nan        nan      0.301
           ARGO         6903555 2019     7   3  10    -1.825920    75.293419     -88.09        nan        nan        nan        nan        nan        nan      0.101
           ARGO         6903555 2019     7   3  10    -1.825920    75.293419     -89.31        nan        nan    337.811        nan        nan        nan      0.109
           ARGO         6903555 2019     7   3  10    -1.825920    75.293419     -91.40        nan        nan    335.873        nan        nan        nan      0.118
           ARGO         6903555 2019     7   3  10    -1.825920    75.293419     -93.37        nan        nan        nan        nan        nan        nan      0.101
           ARGO         6903555 2019     7   3  10    -1.825920    75.293419     -94.53        nan        nan    335.047        nan        nan        nan      0.151
           ARGO         6903555 2019     7   3  10    -1.825920    75.293419     -96.57        nan        nan    334.525        nan        nan        nan      0.102
           ARGO         6903555 2019     7   3  10    -1.825920    75.293419     -98.39        nan        nan        nan        nan        nan        nan      0.104
           ARGO         6903555 2019     7   3  10    -1.825920    75.293419     -99.51        nan        nan    333.660        nan        nan        nan      0.121
           ARGO         6903555 2019     7   3  10    -1.825920    75.293419    -103.50        nan        nan        nan        nan        nan        nan      0.108
           ARGO         6903555 2019     7   3  10    -1.825920    75.293419    -104.58        nan        nan    332.631        nan        nan        nan      0.100
           ARGO         6903555 2019     7   3  10    -1.825920    75.293419    -108.55        nan        nan        nan        nan        nan        nan      0.097
           ARGO         6903555 2019     7   3  10    -1.825920    75.293419    -109.64        nan        nan    332.897        nan        nan        nan      0.100
           ARGO         6903555 2019     7   3  10    -1.825920    75.293419    -113.53        nan        nan        nan        nan        nan        nan      0.090
           ARGO         6903555 2019     7   3  10    -1.825920    75.293419    -114.64        nan        nan    332.000        nan        nan        nan      0.108
           ARGO         6903555 2019     7   3  10    -1.825920    75.293419    -117.70        nan        nan        nan        nan        nan        nan      0.090
           ARGO         6903555 2019     7   3  10    -1.825920    75.293419    -118.80        nan        nan    331.773        nan        nan        nan      0.090
           ARGO         6903555 2019     7   3  10    -1.825920    75.293419    -123.22        nan        nan        nan        nan        nan        nan      0.086
           ARGO         6903555 2019     7   3  10    -1.825920    75.293419    -124.35        nan        nan    331.677        nan        nan        nan      0.086
           ARGO         6903555 2019     7   3  10    -1.825920    75.293419    -128.86        nan        nan        nan        nan        nan        nan      0.086
           ARGO         6903555 2019     7   3  10    -1.825920    75.293419    -129.79        nan        nan    330.699        nan        nan        nan      0.089
           ARGO         6903555 2019     7   3  10    -1.825920    75.293419    -133.71        nan        nan        nan        nan        nan        nan      0.079
           ARGO         6903555 2019     7   3  10    -1.825920    75.293419    -134.69        nan        nan    330.800        nan        nan        nan      0.086
           ARGO         6903555 2019     7   3  10    -1.825920    75.293419    -138.76        nan        nan        nan        nan        nan        nan      0.086
           ARGO         6903555 2019     7   3  10    -1.825920    75.293419    -139.77        nan        nan    331.181        nan        nan        nan      0.076
           ARGO         6903555 2019     7   3  10    -1.825920    75.293419    -143.77        nan        nan        nan        nan        nan        nan      0.083
           ARGO         6903555 2019     7   3  10    -1.825920    75.293419    -144.81        nan        nan    331.750        nan        nan        nan      0.083
           ARGO         6903555 2019     7   3  10    -1.825920    75.293419    -148.70        nan        nan        nan        nan        nan        nan      0.083
           ARGO         6903555 2019     7   3  10    -1.825920    75.293419    -149.77        nan        nan    331.172        nan        nan        nan      0.083
           ARGO         6903555 2019     7   3  10    -1.825920    75.293419    -153.45        nan        nan        nan        nan        nan        nan      0.086
           ARGO         6903555 2019     7   3  10    -1.825920    75.293419    -154.55        nan        nan    331.292        nan        nan        nan      0.078
           ARGO         6903555 2019     7   3  10    -1.825920    75.293419    -157.63        nan        nan        nan        nan        nan        nan      0.072
           ARGO         6903555 2019     7   3  10    -1.825920    75.293419    -158.76        nan        nan    332.044        nan        nan        nan      0.075
           ARGO         6903555 2019     7   3  10    -1.825920    75.293419    -163.24        nan        nan        nan        nan        nan        nan      0.072
           ARGO         6903555 2019     7   3  10    -1.825920    75.293419    -164.39        nan        nan    332.480        nan        nan        nan      0.082
           ARGO         6903555 2019     7   3  10    -1.825920    75.293419    -168.87        nan        nan        nan        nan        nan        nan      0.079
           ARGO         6903555 2019     7   3  10    -1.825920    75.293419    -169.82        nan        nan    332.183        nan        nan        nan      0.079
           ARGO         6903555 2019     7   3  10    -1.825920    75.293419    -173.76        nan        nan        nan        nan        nan        nan      0.072
           ARGO         6903555 2019     7   3  10    -1.825920    75.293419    -174.73        nan        nan    331.454        nan        nan        nan      0.079
           ARGO         6903555 2019     7   3  10    -1.825920    75.293419    -178.61        nan        nan        nan        nan        nan        nan      0.072
           ARGO         6903555 2019     7   3  10    -1.825920    75.293419    -179.61        nan        nan    331.537        nan        nan        nan      0.076
           ARGO         6903555 2019     7   3  10    -1.825920    75.293419    -183.63        nan        nan        nan        nan        nan        nan      0.079
           ARGO         6903555 2019     7   3  10    -1.825920    75.293419    -184.66        nan        nan    332.783        nan        nan        nan      0.074
           ARGO         6903555 2019     7   3  10    -1.825920    75.293419    -188.58        nan        nan        nan        nan        nan        nan      0.061
           ARGO         6903555 2019     7   3  10    -1.825920    75.293419    -189.63        nan        nan    334.325        nan        nan        nan      0.067
           ARGO         6903555 2019     7   3  10    -1.825920    75.293419    -193.53        nan        nan        nan        nan        nan        nan      0.058
           ARGO         6903555 2019     7   3  10    -1.825920    75.293419    -194.59        nan        nan    335.206        nan        nan        nan      0.067
           ARGO         6903555 2019     7   3  10    -1.825920    75.293419    -198.47        nan        nan        nan        nan        nan        nan      0.054
           ARGO         6903555 2019     7   3  10    -1.825920    75.293419    -199.56        nan        nan    335.320        nan        nan        nan      0.050
           ARGO         6903555 2019     7   3  10    -1.825920    75.293419    -203.43        nan        nan        nan        nan        nan        nan      0.050
           ARGO         6903555 2019     7   3  10    -1.825920    75.293419    -204.53        nan        nan    334.421        nan        nan        nan      0.058
           ARGO         6903555 2019     7   3  10    -1.825920    75.293419    -208.43        nan        nan        nan        nan        nan        nan      0.061
           ARGO         6903555 2019     7   3  10    -1.825920    75.293419    -209.53        nan        nan    333.550        nan        nan        nan      0.048
           ARGO         6903555 2019     7   3  10    -1.825920    75.293419    -213.50        nan        nan        nan        nan        nan        nan      0.054
           ARGO         6903555 2019     7   3  10    -1.825920    75.293419    -214.61        nan        nan    333.037        nan        nan        nan      0.058
           ARGO         6903555 2019     7   3  10    -1.825920    75.293419    -218.50        nan        nan        nan        nan        nan        nan      0.065
           ARGO         6903555 2019     7   3  10    -1.825920    75.293419    -219.61        nan        nan    333.701        nan        nan        nan      0.052
           ARGO         6903555 2019     7   3  10    -1.825920    75.293419    -223.40        nan        nan        nan        nan        nan        nan      0.065
           ARGO         6903555 2019     7   3  10    -1.825920    75.293419    -224.51        nan        nan    333.855        nan        nan        nan      0.064
           ARGO         6903555 2019     7   3  10    -1.825920    75.293419    -228.33        nan        nan        nan        nan        nan        nan      0.058
           ARGO         6903555 2019     7   3  10    -1.825920    75.293419    -229.49        nan        nan    333.521        nan        nan        nan      0.056
           ARGO         6903555 2019     7   3  10    -1.825920    75.293419    -233.43        nan        nan        nan        nan        nan        nan      0.047
           ARGO         6903555 2019     7   3  10    -1.825920    75.293419    -234.58        nan        nan    331.439        nan        nan        nan      0.050
           ARGO         6903555 2019     7   3  10    -1.825920    75.293419    -238.37        nan        nan        nan        nan        nan        nan      0.050
           ARGO         6903555 2019     7   3  10    -1.825920    75.293419    -239.52        nan        nan    331.050        nan        nan        nan      0.044
           ARGO         6903555 2019     7   3  10    -1.825920    75.293419    -243.33        nan        nan        nan        nan        nan        nan      0.047
           ARGO         6903555 2019     7   3  10    -1.825920    75.293419    -244.48        nan        nan    331.089        nan        nan        nan      0.047
           ARGO         6903555 2019     7   3  10    -1.825920    75.293419    -248.40        nan        nan        nan        nan        nan        nan      0.050
           ARGO         6903555 2019     7   3  10    -1.825920    75.293419    -249.56        nan        nan    331.661        nan        nan        nan      0.046
           ARGO         6903555 2019     7   3  10    -1.825920    75.293419    -253.39        nan        nan        nan        nan        nan        nan      0.043
           ARGO         6903555 2019     7   3  10    -1.825920    75.293419    -254.55        nan        nan    332.299        nan        nan        nan      0.044
           ARGO         6903555 2019     7   3  10    -1.825920    75.293419    -258.27        nan        nan        nan        nan        nan        nan      0.047
           ARGO         6903555 2019     7   3  10    -1.825920    75.293419    -259.45        nan        nan    333.526        nan        nan        nan      0.050
           ARGO         6903555 2019     7   3  10    -1.825920    75.293419    -263.30        nan        nan        nan        nan        nan        nan      0.047
           ARGO         6903555 2019     7   3  10    -1.825920    75.293419    -264.49        nan        nan    334.036        nan        nan        nan      0.042
           ARGO         6903555 2019     7   3  10    -1.825920    75.293419    -268.35        nan        nan        nan        nan        nan        nan      0.036
           ARGO         6903555 2019     7   3  10    -1.825920    75.293419    -269.55        nan        nan    334.696        nan        nan        nan      0.036
           ARGO         6903555 2019     7   3  10    -1.825920    75.293419    -273.23        nan        nan        nan        nan        nan        nan      0.040
           ARGO         6903555 2019     7   3  10    -1.825920    75.293419    -274.43        nan        nan    334.848        nan        nan        nan      0.046
           ARGO         6903555 2019     7   3  10    -1.825920    75.293419    -278.33        nan        nan        nan        nan        nan        nan      0.043
           ARGO         6903555 2019     7   3  10    -1.825920    75.293419    -279.55        nan        nan    334.738        nan        nan        nan      0.043
           ARGO         6903555 2019     7   3  10    -1.825920    75.293419    -283.27        nan        nan        nan        nan        nan        nan      0.043
           ARGO         6903555 2019     7   3  10    -1.825920    75.293419    -284.48        nan        nan    334.240        nan        nan        nan      0.042
           ARGO         6903555 2019     7   3  10    -1.825920    75.293419    -288.16        nan        nan        nan        nan        nan        nan      0.032
           ARGO         6903555 2019     7   3  10    -1.825920    75.293419    -289.39        nan        nan    334.146        nan        nan        nan      0.043
           ARGO         6903555 2019     7   3  10    -1.825920    75.293419    -292.85        nan        nan        nan        nan        nan        nan      0.040
           ARGO         6903555 2019     7   3  10    -1.825920    75.293419    -294.09        nan        nan    334.291        nan        nan        nan      0.036
           ARGO         6903555 2019     7   3  10    -1.825920    75.293419    -297.36        nan        nan        nan        nan        nan        nan      0.032
           ARGO         6903555 2019     7   3  10    -1.825920    75.293419    -298.61        nan        nan    334.597        nan        nan        nan      0.040
           ARGO         6903555 2019     7   3  10    -1.825920    75.293419    -302.54        nan        nan        nan        nan        nan        nan      0.040
           ARGO         6903555 2019     7   3  10    -1.825920    75.293419    -303.77        nan        nan    334.973        nan        nan        nan      0.037
           ARGO         6903555 2019     7   3  10    -1.825920    75.293419    -308.55        nan        nan        nan        nan        nan        nan      0.047
           ARGO         6903555 2019     7   3  10    -1.825920    75.293419    -309.57        nan        nan    334.992        nan        nan        nan      0.033
           ARGO         6903555 2019     7   3  10    -1.825920    75.293419    -313.54        nan        nan        nan        nan        nan        nan      0.036
           ARGO         6903555 2019     7   3  10    -1.825920    75.293419    -314.59        nan        nan    334.712        nan        nan        nan      0.042
           ARGO         6903555 2019     7   3  10    -1.825920    75.293419    -318.63        nan        nan        nan        nan        nan        nan      0.036
           ARGO         6903555 2019     7   3  10    -1.825920    75.293419    -319.68        nan        nan    334.110        nan        nan        nan      0.046
           ARGO         6903555 2019     7   3  10    -1.825920    75.293419    -323.59        nan        nan        nan        nan        nan        nan      0.036
           ARGO         6903555 2019     7   3  10    -1.825920    75.293419    -324.65        nan        nan    333.089        nan        nan        nan      0.039
           ARGO         6903555 2019     7   3  10    -1.825920    75.293419    -328.52        nan        nan        nan        nan        nan        nan      0.032
           ARGO         6903555 2019     7   3  10    -1.825920    75.293419    -329.58        nan        nan    332.741        nan        nan        nan      0.036
           ARGO         6903555 2019     7   3  10    -1.825920    75.293419    -333.52        nan        nan        nan        nan        nan        nan      0.040
           ARGO         6903555 2019     7   3  10    -1.825920    75.293419    -334.58        nan        nan    332.661        nan        nan        nan      0.033
           ARGO         6903555 2019     7   3  10    -1.825920    75.293419    -338.53        nan        nan        nan        nan        nan        nan      0.036
           ARGO         6903555 2019     7   3  10    -1.825920    75.293419    -339.59        nan        nan    333.130        nan        nan        nan      0.033
           ARGO         6903555 2019     7   3  10    -1.825920    75.293419    -343.61        nan        nan        nan        nan        nan        nan      0.036
           ARGO         6903555 2019     7   3  10    -1.825920    75.293419    -344.67        nan        nan    333.438        nan        nan        nan      0.035
           ARGO         6903555 2019     7   3  10    -1.825920    75.293419    -348.59        nan        nan        nan        nan        nan        nan      0.029
           ARGO         6903555 2019     7   3  10    -1.825920    75.293419    -349.66        nan        nan    333.506        nan        nan        nan      0.032
           ARGO         6903555 2019     7   3  10    -1.825920    75.293419    -353.48        nan        nan        nan        nan        nan        nan      0.025
           ARGO         6903555 2019     7   3  10    -1.825920    75.293419    -354.55        nan        nan    333.523        nan        nan        nan      0.032
           ARGO         6903555 2019     7   3  10    -1.825920    75.293419    -358.55        nan        nan        nan        nan        nan        nan      0.058
           ARGO         6903555 2019     7   3  10    -1.825920    75.293419    -359.65        nan        nan    333.602        nan        nan        nan      0.030
           ARGO         6903555 2019     7   3  10    -1.825920    75.293419    -363.40        nan        nan        nan        nan        nan        nan      0.040
           ARGO         6903555 2019     7   3  10    -1.825920    75.293419    -364.51        nan        nan    333.605        nan        nan        nan      0.026
           ARGO         6903555 2019     7   3  10    -1.825920    75.293419    -368.34        nan        nan        nan        nan        nan        nan      0.029
           ARGO         6903555 2019     7   3  10    -1.825920    75.293419    -369.47        nan        nan    333.588        nan        nan        nan      0.029
           ARGO         6903555 2019     7   3  10    -1.825920    75.293419    -373.39        nan        nan        nan        nan        nan        nan      0.029
           ARGO         6903555 2019     7   3  10    -1.825920    75.293419    -374.54        nan        nan    333.934        nan        nan        nan      0.028
           ARGO         6903555 2019     7   3  10    -1.825920    75.293419    -378.43        nan        nan        nan        nan        nan        nan      0.022
           ARGO         6903555 2019     7   3  10    -1.825920    75.293419    -379.58        nan        nan    334.322        nan        nan        nan      0.025
           ARGO         6903555 2019     7   3  10    -1.825920    75.293419    -383.45        nan        nan        nan        nan        nan        nan      0.022
           ARGO         6903555 2019     7   3  10    -1.825920    75.293419    -384.58        nan        nan    334.354        nan        nan        nan      0.025
           ARGO         6903555 2019     7   3  10    -1.825920    75.293419    -388.39        nan        nan        nan        nan        nan        nan      0.022
           ARGO         6903555 2019     7   3  10    -1.825920    75.293419    -389.54        nan        nan    334.119        nan        nan        nan      0.022
           ARGO         6903555 2019     7   3  10    -1.825920    75.293419    -393.31        nan        nan        nan        nan        nan        nan      0.022
           ARGO         6903555 2019     7   3  10    -1.825920    75.293419    -394.49        nan        nan    333.850        nan        nan        nan      0.032
           ARGO         6903555 2019     7   3  10    -1.825920    75.293419    -398.28        nan        nan        nan        nan        nan        nan      0.029
           ARGO         6903555 2019     7   3  10    -1.825920    75.293419    -399.45        nan        nan    333.988        nan        nan        nan      0.032
           ARGO         6903555 2019     7   3  10    -1.825920    75.293419    -403.28        nan        nan        nan        nan        nan        nan      0.032
           ARGO         6903555 2019     7   3  10    -1.825920    75.293419    -404.46        nan        nan    334.341        nan        nan        nan      0.032
           ARGO         6903555 2019     7   3  10    -1.825920    75.293419    -408.37        nan        nan        nan        nan        nan        nan      0.032
           ARGO         6903555 2019     7   3  10    -1.825920    75.293419    -409.55        nan        nan    334.573        nan        nan        nan      0.030
           ARGO         6903555 2019     7   3  10    -1.825920    75.293419    -413.35        nan        nan        nan        nan        nan        nan      0.036
           ARGO         6903555 2019     7   3  10    -1.825920    75.293419    -414.53        nan        nan    334.411        nan        nan        nan      0.036
           ARGO         6903555 2019     7   3  10    -1.825920    75.293419    -418.29        nan        nan        nan        nan        nan        nan      0.032
           ARGO         6903555 2019     7   3  10    -1.825920    75.293419    -419.48        nan        nan    334.447        nan        nan        nan      0.025
           ARGO         6903555 2019     7   3  10    -1.825920    75.293419    -423.25        nan        nan        nan        nan        nan        nan      0.025
           ARGO         6903555 2019     7   3  10    -1.825920    75.293419    -424.45        nan        nan    334.552        nan        nan        nan      0.036
           ARGO         6903555 2019     7   3  10    -1.825920    75.293419    -428.28        nan        nan        nan        nan        nan        nan      0.032
           ARGO         6903555 2019     7   3  10    -1.825920    75.293419    -429.50        nan        nan    334.752        nan        nan        nan      0.033
           ARGO         6903555 2019     7   3  10    -1.825920    75.293419    -433.20        nan        nan        nan        nan        nan        nan      0.036
           ARGO         6903555 2019     7   3  10    -1.825920    75.293419    -434.42        nan        nan    335.162        nan        nan        nan      0.037
           ARGO         6903555 2019     7   3  10    -1.825920    75.293419    -437.43        nan        nan        nan        nan        nan        nan      0.040
           ARGO         6903555 2019     7   3  10    -1.825920    75.293419    -438.65        nan        nan    335.061        nan        nan        nan      0.046
           ARGO         6903555 2019     7   3  10    -1.825920    75.293419    -442.55        nan        nan        nan        nan        nan        nan      0.040
           ARGO         6903555 2019     7   3  10    -1.825920    75.293419    -443.78        nan        nan    334.893        nan        nan        nan      0.039
           ARGO         6903555 2019     7   3  10    -1.825920    75.293419    -447.64        nan        nan        nan        nan        nan        nan      0.036
           ARGO         6903555 2019     7   3  10    -1.825920    75.293419    -448.85        nan        nan    335.041        nan        nan        nan      0.040
           ARGO         6903555 2019     7   3  10    -1.825920    75.293419    -453.57        nan        nan        nan        nan        nan        nan      0.040
           ARGO         6903555 2019     7   3  10    -1.825920    75.293419    -454.56        nan        nan    334.472        nan        nan        nan      0.039
           ARGO         6903555 2019     7   3  10    -1.825920    75.293419    -458.59        nan        nan        nan        nan        nan        nan      0.036
           ARGO         6903555 2019     7   3  10    -1.825920    75.293419    -459.60        nan        nan    333.389        nan        nan        nan      0.036
           ARGO         6903555 2019     7   3  10    -1.825920    75.293419    -463.72        nan        nan        nan        nan        nan        nan      0.040
           ARGO         6903555 2019     7   3  10    -1.825920    75.293419    -464.73        nan        nan    332.032        nan        nan        nan      0.032
           ARGO         6903555 2019     7   3  10    -1.825920    75.293419    -468.47        nan        nan        nan        nan        nan        nan      0.029
           ARGO         6903555 2019     7   3  10    -1.825920    75.293419    -469.49        nan        nan    331.661        nan        nan        nan      0.032
           ARGO         6903555 2019     7   3  10    -1.825920    75.293419    -473.58        nan        nan        nan        nan        nan        nan      0.032
           ARGO         6903555 2019     7   3  10    -1.825920    75.293419    -474.64        nan        nan    331.079        nan        nan        nan      0.039
           ARGO         6903555 2019     7   3  10    -1.825920    75.293419    -478.57        nan        nan        nan        nan        nan        nan      0.036
           ARGO         6903555 2019     7   3  10    -1.825920    75.293419    -479.62        nan        nan    331.159        nan        nan        nan      0.032
           ARGO         6903555 2019     7   3  10    -1.825920    75.293419    -483.53        nan        nan        nan        nan        nan        nan      0.029
           ARGO         6903555 2019     7   3  10    -1.825920    75.293419    -484.60        nan        nan    330.937        nan        nan        nan      0.032
           ARGO         6903555 2019     7   3  10    -1.825920    75.293419    -488.63        nan        nan        nan        nan        nan        nan      0.032
           ARGO         6903555 2019     7   3  10    -1.825920    75.293419    -489.71        nan        nan    330.938        nan        nan        nan      0.032
           ARGO         6903555 2019     7   3  10    -1.825920    75.293419    -493.53        nan        nan        nan        nan        nan        nan      0.029
           ARGO         6903555 2019     7   3  10    -1.825920    75.293419    -494.60        nan        nan    331.066        nan        nan        nan      0.036
           ARGO         6903555 2019     7   3  10    -1.825920    75.293419    -498.42        nan        nan        nan        nan        nan        nan      0.032
           ARGO         6903555 2019     7   3  10    -1.825920    75.293419    -499.02        nan        nan    330.877        nan        nan        nan      0.029
           ARGO         6903555 2019     7   3  10    -1.825920    75.293419    -504.23        nan        nan        nan        nan        nan        nan      0.032
           ARGO         6903555 2019     7   3  10    -1.825920    75.293419    -509.48        nan        nan    331.042        nan        nan        nan      0.025
           ARGO         6903555 2019     7   3  10    -1.825920    75.293419    -514.33        nan        nan        nan        nan        nan        nan      0.029
           ARGO         6903555 2019     7   3  10    -1.825920    75.293419    -519.06        nan        nan    332.187        nan        nan        nan      0.025
           ARGO         6903555 2019     7   3  10    -1.825920    75.293419    -524.18        nan        nan        nan        nan        nan        nan      0.025
           ARGO         6903555 2019     7   3  10    -1.825920    75.293419    -529.51        nan        nan    333.577        nan        nan        nan      0.018
           ARGO         6903555 2019     7   3  10    -1.825920    75.293419    -534.33        nan        nan        nan        nan        nan        nan      0.018
           ARGO         6903555 2019     7   3  10    -1.825920    75.293419    -539.03        nan        nan    334.390        nan        nan        nan      0.022
           ARGO         6903555 2019     7   3  10    -1.825920    75.293419    -544.19        nan        nan        nan        nan        nan        nan      0.022
           ARGO         6903555 2019     7   3  10    -1.825920    75.293419    -549.50        nan        nan    334.719        nan        nan        nan      0.022
           ARGO         6903555 2019     7   3  10    -1.825920    75.293419    -554.20        nan        nan        nan        nan        nan        nan      0.022
           ARGO         6903555 2019     7   3  10    -1.825920    75.293419    -559.52        nan        nan    334.645        nan        nan        nan      0.022
           ARGO         6903555 2019     7   3  10    -1.825920    75.293419    -564.23        nan        nan        nan        nan        nan        nan      0.022
           ARGO         6903555 2019     7   3  10    -1.825920    75.293419    -568.93        nan        nan    334.614        nan        nan        nan      0.025
           ARGO         6903555 2019     7   3  10    -1.825920    75.293419    -574.19        nan        nan        nan        nan        nan        nan      0.022
           ARGO         6903555 2019     7   3  10    -1.825920    75.293419    -579.56        nan        nan    334.310        nan        nan        nan      0.018
           ARGO         6903555 2019     7   3  10    -1.825920    75.293419    -584.33        nan        nan        nan        nan        nan        nan      0.014
           ARGO         6903555 2019     7   3  10    -1.825920    75.293419    -589.47        nan        nan    334.463        nan        nan        nan      0.015
           ARGO         6903555 2019     7   3  10    -1.825920    75.293419    -594.22        nan        nan        nan        nan        nan        nan      0.018
           ARGO         6903555 2019     7   3  10    -1.825920    75.293419    -599.38        nan        nan    334.259        nan        nan        nan      0.018
           ARGO         6903555 2019     7   3  10    -1.825920    75.293419    -604.18        nan        nan        nan        nan        nan        nan      0.018
           ARGO         6903555 2019     7   3  10    -1.825920    75.293419    -609.43        nan        nan    334.313        nan        nan        nan      0.016
           ARGO         6903555 2019     7   3  10    -1.825920    75.293419    -614.20        nan        nan        nan        nan        nan        nan      0.029
           ARGO         6903555 2019     7   3  10    -1.825920    75.293419    -619.53        nan        nan    334.376        nan        nan        nan      0.018
           ARGO         6903555 2019     7   3  10    -1.825920    75.293419    -624.26        nan        nan        nan        nan        nan        nan      0.018
           ARGO         6903555 2019     7   3  10    -1.825920    75.293419    -629.52        nan        nan    334.344        nan        nan        nan      0.015
           ARGO         6903555 2019     7   3  10    -1.825920    75.293419    -634.18        nan        nan        nan        nan        nan        nan      0.018
           ARGO         6903555 2019     7   3  10    -1.825920    75.293419    -638.77        nan        nan    334.459        nan        nan        nan      0.011
           ARGO         6903555 2019     7   3  10    -1.825920    75.293419    -643.60        nan        nan        nan        nan        nan        nan      0.014
           ARGO         6903555 2019     7   3  10    -1.825920    75.293419    -648.81        nan        nan    334.579        nan        nan        nan      0.015
           ARGO         6903555 2019     7   3  10    -1.825920    75.293419    -653.94        nan        nan        nan        nan        nan        nan      0.018
           ARGO         6903555 2019     7   3  10    -1.825920    75.293419    -659.59        nan        nan    334.676        nan        nan        nan      0.018
           ARGO         6903555 2019     7   3  10    -1.825920    75.293419    -664.49        nan        nan        nan        nan        nan        nan      0.014
           ARGO         6903555 2019     7   3  10    -1.825920    75.293419    -669.58        nan        nan    335.024        nan        nan        nan      0.014
           ARGO         6903555 2019     7   3  10    -1.825920    75.293419    -674.35        nan        nan        nan        nan        nan        nan      0.014
           ARGO         6903555 2019     7   3  10    -1.825920    75.293419    -679.10        nan        nan    335.080        nan        nan        nan      0.011
           ARGO         6903555 2019     7   3  10    -1.825920    75.293419    -684.34        nan        nan        nan        nan        nan        nan      0.011
           ARGO         6903555 2019     7   3  10    -1.825920    75.293419    -689.62        nan        nan    335.127        nan        nan        nan      0.011
           ARGO         6903555 2019     7   3  10    -1.825920    75.293419    -694.37        nan        nan        nan        nan        nan        nan      0.011
           ARGO         6903555 2019     7   3  10    -1.825920    75.293419    -704.33        nan        nan        nan        nan        nan        nan      0.011
           ARGO         6903555 2019     7   3  10    -1.825920    75.293419    -709.67        nan        nan    335.013        nan        nan        nan      0.014
           ARGO         6903555 2019     7   3  10    -1.825920    75.293419    -714.31        nan        nan        nan        nan        nan        nan      0.014
           ARGO         6903555 2019     7   3  10    -1.825920    75.293419    -724.23        nan        nan        nan        nan        nan        nan      0.011
           ARGO         6903555 2019     7   3  10    -1.825920    75.293419    -728.94        nan        nan    335.103        nan        nan        nan      0.011
           ARGO         6903555 2019     7   3  10    -1.825920    75.293419    -739.64        nan        nan    335.067        nan        nan        nan      0.011
           ARGO         6903555 2019     7   3  10    -1.825920    75.293419    -744.32        nan        nan        nan        nan        nan        nan      0.011
           ARGO         6903555 2019     7   3  10    -1.825920    75.293419    -754.22        nan        nan        nan        nan        nan        nan      0.011
           ARGO         6903555 2019     7   3  10    -1.825920    75.293419    -759.45        nan        nan    334.931        nan        nan        nan      0.014
           ARGO         6903555 2019     7   3  10    -1.825920    75.293419    -764.24        nan        nan        nan        nan        nan        nan      0.011
           ARGO         6903555 2019     7   3  10    -1.825920    75.293419    -769.49        nan        nan    334.809        nan        nan        nan      0.011
           ARGO         6903555 2019     7   3  10    -1.825920    75.293419    -774.19        nan        nan        nan        nan        nan        nan      0.011
           ARGO         6903555 2019     7   3  10    -1.825920    75.293419    -779.51        nan        nan    334.701        nan        nan        nan      0.010
           ARGO         6903555 2019     7   3  10    -1.825920    75.293419    -788.27        nan        nan    334.556        nan        nan        nan      0.011
           ARGO         6903555 2019     7   3  10    -1.825920    75.293419    -793.51        nan        nan        nan        nan        nan        nan      0.011
           ARGO         6903555 2019     7   3  10    -1.825920    75.293419    -819.46        nan        nan    333.346        nan        nan        nan      0.010
           ARGO         6903555 2019     7   3  10    -1.825920    75.293419    -829.60        nan        nan    333.105        nan        nan        nan      0.010
           ARGO         6903555 2019     7   3  10    -1.825920    75.293419    -844.34        nan        nan        nan        nan        nan        nan      0.011
           ARGO         6903555 2019     7   3  10    -1.825920    75.293419    -849.56        nan        nan    333.640        nan        nan        nan      0.012
           ARGO         6903555 2019     7   3  10    -1.825920    75.293419    -854.31        nan        nan        nan        nan        nan        nan      0.018
           ARGO         6903555 2019     7   3  10    -1.825920    75.293419    -859.59        nan        nan    333.885        nan        nan        nan      0.010
           ARGO         6903555 2019     7   3  10    -1.825920    75.293419    -884.31        nan        nan        nan        nan        nan        nan      0.011
           ARGO         6903555 2019     7   3  10    -1.825920    75.293419    -894.28        nan        nan        nan        nan        nan        nan      0.011
           ARGO         6903555 2019     7   3  10    -1.825920    75.293419    -904.32        nan        nan        nan        nan        nan        nan      0.011
           ARGO         6903555 2019     7   3  10    -1.825920    75.293419    -909.52        nan        nan    332.774        nan        nan        nan      0.013
           ARGO         6903555 2019     7   3  10    -1.825920    75.293419    -919.41        nan        nan    331.565        nan        nan        nan      0.014
           ARGO         6903555 2019     7   3  10    -1.825920    75.293419    -924.19        nan        nan        nan        nan        nan        nan      0.011
           ARGO         6903555 2019     7   3  10    -1.825920    75.293419    -954.10        nan        nan        nan        nan        nan        nan      0.011
           ARGO         6903555 2019     7   3  10    -1.825920    75.293419    -958.77        nan        nan    331.390        nan        nan        nan      0.011
           ARGO         6903555 2019     7   3  10    -1.825920    75.293419    -974.20        nan        nan        nan        nan        nan        nan      0.014
           ARGO         6903555 2019     7   3  10    -1.825920    75.293419    -984.15        nan        nan        nan        nan        nan        nan      0.011
           ARGO         6903555 2019     7   3  10    -1.825920    75.293419    -998.24        nan        nan    331.170        nan        nan        nan      0.011
           ARGO         6903555 2019     7   3  10    -1.825920    75.293419   -1003.65        nan        nan        nan        nan        nan        nan      0.014
           ARGO         6903555 2019     7   3  10    -1.825920    75.293419   -1014.34        nan        nan        nan        nan        nan        nan      0.011
           ARGO         6903555 2019     7   3  10    -1.825920    75.293419   -1019.58        nan        nan    332.344        nan        nan        nan      0.011
           ARGO         6903555 2019     7   3  10    -1.825920    75.293419   -1024.35        nan        nan        nan        nan        nan        nan      0.011
           ARGO         6903555 2019     7   3  10    -1.825920    75.293419   -1039.47        nan        nan    331.715        nan        nan        nan      0.014
           ARGO         6903555 2019     7   3  10    -1.825920    75.293419   -1044.42        nan        nan        nan        nan        nan        nan      0.014
           ARGO         6903555 2019     7   3  10    -1.825920    75.293419   -1049.57        nan        nan    329.741        nan        nan        nan      0.017
           ARGO         6903555 2019     7   3  10    -1.825920    75.293419   -1059.09        nan        nan    328.868        nan        nan        nan      0.011
           ARGO         6903555 2019     7   3  10    -1.825920    75.293419   -1089.57        nan        nan    329.898        nan        nan        nan      0.013
           ARGO         6903555 2019     7   3  10    -1.825920    75.293419   -1099.53        nan        nan    328.686        nan        nan        nan      0.011
           ARGO         6903555 2019     7   3  10    -1.825920    75.293419   -1104.22        nan        nan        nan        nan        nan        nan      0.014
           ARGO         6903555 2019     7   3  10    -1.825920    75.293419   -1114.25        nan        nan        nan        nan        nan        nan      0.014
           ARGO         6903555 2019     7   3  10    -1.825920    75.293419   -1123.90        nan        nan        nan        nan        nan        nan      0.011
           ARGO         6903555 2019     7   3  10    -1.825920    75.293419   -1134.19        nan        nan        nan        nan        nan        nan      0.011
           ARGO         6903555 2019     7   3  10    -1.825920    75.293419   -1139.58        nan        nan    327.944        nan        nan        nan      0.018
           ARGO         6903555 2019     7   3  10    -1.825920    75.293419   -1144.41        nan        nan        nan        nan        nan        nan      0.014
           ARGO         6903555 2019     7   3  10    -1.825920    75.293419   -1149.59        nan        nan    327.796        nan        nan        nan      0.015
           ARGO         6903555 2019     7   3  10    -1.825920    75.293419   -1154.27        nan        nan        nan        nan        nan        nan      0.018
           ARGO         6903555 2019     7   3  10    -1.825920    75.293419   -1159.43        nan        nan    327.694        nan        nan        nan      0.011
           ARGO         6903555 2019     7   3  10    -1.825920    75.293419   -1164.29        nan        nan        nan        nan        nan        nan      0.014
           ARGO         6903555 2019     7   3  10    -1.825920    75.293419   -1179.63        nan        nan    327.720        nan        nan        nan      0.020
           ARGO         6903555 2019     7   3  10    -1.825920    75.293419   -1189.48        nan        nan    327.319        nan        nan        nan      0.015
           ARGO         6903555 2019     7   3  10    -1.825920    75.293419   -1194.25        nan        nan        nan        nan        nan        nan      0.018
           ARGO         6903555 2019     7   3  10    -1.825920    75.293419   -1199.43        nan        nan    327.701        nan        nan        nan      0.011
           ARGO         6903555 2019     7   3  10    -1.825920    75.293419   -1204.37        nan        nan        nan        nan        nan        nan      0.011
           ARGO         6903555 2019     7   3  10    -1.825920    75.293419   -1208.96        nan        nan    327.951        nan        nan        nan      0.011
           ARGO         6903555 2019     7   3  10    -1.825920    75.293419   -1234.12        nan        nan        nan        nan        nan        nan      0.014
           ARGO         6903555 2019     7   3  10    -1.825920    75.293419   -1238.85        nan        nan    328.276        nan        nan        nan      0.011
           ARGO         6903555 2019     7   3  10    -1.825920    75.293419   -1248.89        nan        nan    328.479        nan        nan        nan      0.011
           ARGO         6903555 2019     7   3  10    -1.825920    75.293419   -1258.08        nan        nan    328.586        nan        nan        nan      0.011
           ARGO         6903555 2019     7   3  10    -1.825920    75.293419   -1284.20        nan        nan        nan        nan        nan        nan      0.011
           ARGO         6903555 2019     7   3  10    -1.825920    75.293419   -1334.12        nan        nan        nan        nan        nan        nan      0.011
           ARGO         6903555 2019     7   3  10    -1.825920    75.293419   -1344.29        nan        nan        nan        nan        nan        nan      0.011
           ARGO         6903555 2019     7   3  10    -1.825920    75.293419   -1384.06        nan        nan        nan        nan        nan        nan      0.011
           ARGO         6903555 2019     7   3  10    -1.825920    75.293419   -1403.28        nan        nan        nan        nan        nan        nan      0.011
           ARGO         6903555 2019     7   3  10    -1.825920    75.293419   -1434.45        nan        nan        nan        nan        nan        nan      0.011
           ARGO         6903555 2019     7   3  10    -1.825920    75.293419   -1458.97        nan        nan    322.755        nan        nan        nan      0.011
           ARGO         6903555 2019     7   3  10    -1.825920    75.293419   -1484.47        nan        nan        nan        nan        nan        nan      0.011
           ARGO         6903555 2019     7   3  10    -1.825920    75.293419   -1489.55        nan        nan    322.118        nan        nan        nan      0.010
           ARGO         6903555 2019     7   3  10    -1.825920    75.293419   -1508.75        nan        nan    321.649        nan        nan        nan      0.011
           ARGO         6903555 2019     7   3  10    -1.825920    75.293419   -1559.06        nan        nan    321.359        nan        nan        nan      0.011
           ARGO         6903555 2019     7   3  10    -1.825920    75.293419   -1609.34        nan        nan    321.195        nan        nan        nan      0.013
           ARGO         6903555 2019     7   3  10    -1.825920    75.293419   -1624.24        nan        nan        nan        nan        nan        nan      0.011
           ARGO         6903555 2019     7   3  10    -1.825920    75.293419   -1628.96        nan        nan    321.216        nan        nan        nan      0.011
           ARGO         6903555 2019     7   3  10    -1.825920    75.293419   -1648.98        nan        nan    321.353        nan        nan        nan      0.011
           ARGO         6903555 2019     7   3  10    -1.825920    75.293419   -1679.36        nan        nan    321.379        nan        nan        nan      0.011
           ARGO         6903555 2019     7   3  10    -1.825920    75.293419   -1684.11        nan        nan        nan        nan        nan        nan      0.011
           ARGO         6903555 2019     7   3  10    -1.825920    75.293419   -1713.40        nan        nan        nan        nan        nan        nan      0.011
           ARGO         6903555 2019     7   3  10    -1.825920    75.293419   -1744.48        nan        nan        nan        nan        nan        nan      0.011
           ARGO         6903555 2019     7   3  10    -1.825920    75.293419   -1768.98        nan        nan    320.069        nan        nan        nan      0.011
           ARGO         6903555 2019     7   3  10    -1.825920    75.293419   -1838.91        nan        nan    318.979        nan        nan        nan      0.011
           ARGO         6903555 2019     7   3  10    -1.825920    75.293419   -1853.81        nan        nan        nan        nan        nan        nan      0.158
           ARGO         6903555 2019     7   3  10    -1.825920    75.293419   -1859.65        nan        nan    318.340        nan        nan        nan      0.014
           ARGO         6903555 2019     7   3  10    -1.825920    75.293419   -1864.39        nan        nan        nan        nan        nan        nan      0.011
           ARGO         6903555 2019     7   3  10    -1.825920    75.293419   -1884.31        nan        nan        nan        nan        nan        nan      0.011
           ARGO         6903555 2019     7   3  10    -1.825920    75.293419   -1894.39        nan        nan        nan        nan        nan        nan      0.011
           ARGO         6903555 2019     7   3  10    -1.825920    75.293419   -1904.33        nan        nan        nan        nan        nan        nan      0.014
           ARGO         6903555 2019     7   3  10    -1.825920    75.293419   -1924.31        nan        nan        nan        nan        nan        nan      0.014
           ARGO         6903555 2019     7   3  10    -1.825920    75.293419   -1934.12        nan        nan        nan        nan        nan        nan      0.011
