      21.989700        63.404202     1.00    334.509000000     10070.6643972900
      21.989700        63.404202     5.00    318.878000000      9151.4860995600
      21.989700        63.404202    10.00    331.383000000      9883.3223420100
      21.989700        63.404202    15.00    331.383000000      9883.3223420100
      21.989700        63.404202    23.40    303.247000000      8276.2868708100
      22.980200        63.918999     1.00    312.626000000      8796.1514288400
      22.980200        63.918999     5.00    306.373000000      8447.7973616100
      22.980200        63.918999    10.00    315.752000000      8972.9392953600
      22.980200        63.918999    17.30    318.878000000      9151.4860995600
      22.045799        60.312199     1.00    293.868000000      7772.2561281600
      22.045799        60.312199    10.00    284.489000000      7284.0592008900
      22.045799        60.312199    20.00    268.858000000      6505.6161747600
      22.045799        60.312199    40.00    290.742000000      7607.7819507600
      22.045799        60.312199    59.00    284.489000000      7284.0592008900
      22.045799        60.312199    78.00    271.984000000      6657.7766630400
      22.102301        60.377701     1.00    284.489000000      7284.0592008900
      22.102301        60.377701    10.00    284.489000000      7284.0592008900
      22.102301        60.377701    20.00    246.974000000      5489.6541008400
      22.102301        60.377701    40.00    275.111000000      6811.7456088900
      22.102301        60.377701    51.00    275.111000000      6811.7456088900
      22.090700        60.439499     1.00    271.984000000      6657.7766630400
      22.090700        60.439499     9.00    256.353000000      5914.5174548100
      22.072001        60.446201     1.00    290.742000000      7607.7819507600
      21.969000        60.487301     1.00    259.479000000      6059.6416296900
      21.969000        60.487301    10.00    200.080000000      3602.8805760000
      21.969000        60.487301    17.00    187.575000000      3166.5942562500
      26.951200        60.403000     1.00    293.868000000      7772.2561281600
      26.951200        60.403000    20.00    193.828000000      3381.2364225600
      26.964001        60.448299     1.00    293.868000000      7772.2561281600
      26.964001        60.448299    15.00    234.469000000      4947.8140764900
      27.141701        60.493198     1.00    293.868000000      7772.2561281600
      27.141701        60.493198    16.00    240.722000000      5215.2373155600
      27.153799        60.514301     1.00    293.868000000      7772.2561281600
      27.153799        60.514301    12.00    212.585000000      4067.3144002500
      21.304501        63.293701     1.00    318.878000000      9151.4860995600
      21.304501        63.293701     5.70    312.626000000      8796.1514288400
      21.033001        62.985199     1.00    322.004000000      9331.7918414400
      21.033001        62.985199     5.00    334.509000000     10070.6643972900
      21.033001        62.985199    10.00    303.247000000      8276.2868708100
      21.033001        62.985199    16.30    312.626000000      8796.1514288400
      22.320200        60.360199     1.00    253.227000000      5771.1522176100
      22.320200        60.360199    20.00    146.934000000      1943.0640320400
      22.174200        60.422001     1.00    265.732000000      6355.2146241600
      22.197800        60.384499     1.00    246.974000000      5489.6541008400
      21.341801        59.805199     1.00    303.247000000      8276.2868708100
      21.341801        59.805199     5.00    303.247000000      8276.2868708100
      21.341801        59.805199    10.00    296.994000000      7938.4892432400
      21.341801        59.805199    20.00    293.868000000      7772.2561281600
      21.341801        59.805199    40.00    265.732000000      6355.2146241600
      21.341801        59.805199    65.00    193.828000000      3381.2364225600
      -6.149000        53.342999     0.00    254.567000000      5832.3921740100
      -6.149000        53.342999     6.00    267.965000000      6462.4717102500
      -6.174200        53.343201     0.00    259.033000000      6038.8285580100
      -6.174200        53.343201     6.50    241.168000000      5234.5803801600
      -6.210300        53.357300     0.00    267.965000000      6462.4717102500
      -6.210300        53.357300     2.60    263.499000000      6248.8550700900
      -6.191200        53.353500     0.00    272.431000000      6679.6784784900
      -6.191200        53.353500     3.10    263.499000000      6248.8550700900
      -6.179700        53.359299     0.00    267.965000000      6462.4717102500
      -6.179700        53.359299     1.90    267.965000000      6462.4717102500
      -6.195200        53.343800     0.00    267.965000000      6462.4717102500
      -6.195200        53.343800     4.60    259.033000000      6038.8285580100
      -6.224800        53.345501     0.00    267.965000000      6462.4717102500
      -6.224800        53.345501     7.80    259.033000000      6038.8285580100
      -6.273200        53.345200     0.00    245.634000000      5430.2455760400
      -6.273200        53.345200     1.60    227.770000000      4669.1255610000
      -6.251700        53.347801     0.00    245.634000000      5430.2455760400
      -6.251700        53.347801     3.00    227.770000000      4669.1255610000
      -6.174200        53.343201     0.00    272.431000000      6679.6784784900
      -6.174200        53.343201     4.60    254.567000000      5832.3921740100
      -6.141000        53.452202     0.00    267.965000000      6462.4717102500
      -6.141000        53.452202     5.90    267.965000000      6462.4717102500
      -6.115200        53.303299     0.00    276.897000000      6900.4753748100
      -6.115200        53.303299    11.20    276.897000000      6900.4753748100
      -6.080200        53.324699     0.00    276.897000000      6900.4753748100
      -6.080200        53.324699    13.60    276.897000000      6900.4753748100
      -6.116200        53.331699     0.00    276.897000000      6900.4753748100
      -6.116200        53.331699    10.70    276.897000000      6900.4753748100
      -6.076700        53.356499     0.00    281.363000000      7124.8623992100
      -6.076700        53.356499    10.20    276.897000000      6900.4753748100
      -6.110800        53.351700     0.00    276.897000000      6900.4753748100
      -6.110800        53.351700     8.90    276.897000000      6900.4753748100
      -6.136700        53.349998     0.00    285.829000000      7352.8395516900
      -6.136700        53.349998     6.00    285.829000000      7352.8395516900
      -6.149000        53.342999     0.00    254.567000000      5832.3921740100
      -6.149000        53.342999     5.70    276.897000000      6900.4753748100
      -6.174200        53.343201     0.00    250.100000000      5629.5009000000
      -6.174200        53.343201     5.50    254.567000000      5832.3921740100
      -6.195200        53.343800     0.00    254.567000000      5832.3921740100
      -6.195200        53.343800    11.60    272.431000000      6679.6784784900
      -6.224800        53.345501     0.00    267.965000000      6462.4717102500
      -6.224800        53.345501     9.20    254.567000000      5832.3921740100
      -6.137000        53.333302     0.00    285.829000000      7352.8395516900
      -6.137000        53.333302     7.70    281.363000000      7124.8623992100
      -6.138700        53.318501     0.00    281.363000000      7124.8623992100
      -6.138700        53.318501     9.40    281.363000000      7124.8623992100
      18.669001        54.668999     1.00    310.393000000      8670.9433004100
      18.669001        54.668999     2.00    310.393000000      8670.9433004100
      18.558001        54.618999     1.00    313.519000000      8846.4747024900
      18.558001        54.618999    10.50    297.441000000      7962.4033632900
      18.577000        54.483002     1.00    304.140000000      8325.1025640000
      18.577000        54.483002     5.50    313.519000000      8846.4747024900
      18.683001        54.567001     1.00    310.393000000      8670.9433004100
      18.683001        54.567001    36.00    304.140000000      8325.1025640000
      18.572001        54.516998     1.00    291.188000000      7631.1406209600
      18.572001        54.516998     9.00    275.111000000      6811.7456088900
      19.496000        54.416000     1.00    301.014000000      8154.8485376400
      19.496000        54.416000     4.50    304.140000000      8325.1025640000
       4.404700        52.260700     1.00    233.129000000      4891.4217576900
       6.308700        53.953300     1.00    223.751000000      4505.8059000900
       6.212700        54.117500     1.00    222.411000000      4451.9987628900
       4.765500        53.766800     1.00    229.557000000      4742.6774624100
       5.099300        53.460499     1.00    234.023000000      4929.0088076100
       3.530000        52.585499     1.00    235.362000000      4985.5743939600
       4.173500        52.341000     1.00    233.129000000      4891.4217576900
       4.301200        52.301498     1.00    238.042000000      5099.7594387600
       4.127000        51.515301     1.00    224.644000000      4541.8434062400
       3.720500        51.601501     1.00    231.343000000      4816.7625284100
       4.097000        51.644699     1.00    305.480000000      8398.6227360000
       4.750000        52.982498     1.00    258.586000000      6018.0047456400
       5.032300        53.052799     1.00    257.246000000      5955.7954064400
    -142.869003        50.174000     3.85    296.396000000      7906.5529934400
    -142.869003        50.174000     5.85    296.375000000      7905.4326562500
    -142.869003        50.174000     7.85    296.388000000      7906.1261889600
    -142.869003        50.174000     9.75    298.766000000      8033.5010480400
    -142.869003        50.174000    11.85    302.226000000      8220.6499568400
    -142.869003        50.174000    13.85    301.678000000      8190.8654115600
    -142.869003        50.174000    15.85    300.411000000      8122.2092028900
    -142.869003        50.174000    17.85    299.603000000      8078.5761848100
    -142.869003        50.174000    19.85    298.565000000      8022.6953302500
    -142.869003        50.174000    21.85    297.761000000      7979.5451808900
    -142.869003        50.174000    23.85    296.445000000      7909.1674222500
    -142.869003        50.174000    26.33    295.061000000      7835.4894348900
    -142.869003        50.174000    28.15    294.066000000      7782.7331120400
    -142.869003        50.174000    29.65    292.444000000      7697.1143822400
    -142.869003        50.174000    31.85    293.124000000      7732.9511438400
    -142.869003        50.174000    33.75    294.941000000      7829.1174132900
    -142.869003        50.174000    35.85    297.681000000      7975.2579984900
    -142.869003        50.174000    37.85    303.299000000      8279.1255060900
    -142.869003        50.174000    39.85    304.189000000      8327.7852948900
    -142.869003        50.174000    41.85    304.337000000      8335.8908612100
    -142.869003        50.174000    43.85    303.532000000      8291.8507521600
    -142.869003        50.174000    45.85    303.072000000      8266.7373465600
    -142.869003        50.174000    47.85    303.179000000      8272.5755436900
    -142.869003        50.174000    49.95    303.441000000      8286.8796432900
    -142.869003        50.174000    51.85    303.138000000      8270.3382339600
    -142.869003        50.174000    53.85    302.561000000      8238.8842848900
    -142.869003        50.174000    55.85    302.198000000      8219.1268083600
    -142.869003        50.174000    57.85    301.838000000      8199.5560419600
    -142.869003        50.174000    59.85    301.436000000      8177.7295886400
    -142.869003        50.174000    61.85    301.132000000      8161.2433281600
    -142.869003        50.174000    63.85    300.831000000      8144.9361504900
    -142.869003        50.174000    65.75    300.472000000      8125.5080505600
    -142.869003        50.174000    67.85    300.462000000      8124.9672099600
    -142.869003        50.174000    69.85    300.492000000      8126.5897857600
    -142.869003        50.174000    71.85    300.540000000      8129.1862440000
    -142.869003        50.174000    73.85    300.835000000      8145.1527502500
    -142.869003        50.174000    75.95    300.702000000      8137.9523523600
    -142.869003        50.174000    77.85    300.102000000      8105.5089363600
    -142.869003        50.174000    79.85    298.566000000      8022.7490720400
    -142.869003        50.174000    81.85    296.054000000      7888.3173824400
    -142.869003        50.174000    83.75    294.205000000      7790.0923822500
    -142.869003        50.174000    85.85    291.938000000      7670.5016259600
    -142.869003        50.174000    87.85    290.651000000      7603.0203420900
    -142.869003        50.174000    89.85    288.836000000      7508.3611406400
    -142.869003        50.174000    91.85    286.866000000      7406.2891760400
    -142.869003        50.174000    93.85    284.625000000      7291.0251562500
    -142.869003        50.174000    95.85    282.027000000      7158.5305856100
    -142.869003        50.174000    97.95    279.264000000      7018.9543526400
    -142.869003        50.174000    99.85    275.553000000      6833.6510228100
    -142.869003        50.174000   101.85    270.835000000      6601.6437502500
    -142.869003        50.174000   103.85    269.365000000      6530.1752902500
    -142.869003        50.174000   105.85    268.327000000      6479.9441036100
    -142.869003        50.174000   107.95    266.207000000      6377.9550164100
    -142.869003        50.174000   110.04    260.197000000      6093.2230928100
    -142.869003        50.174000   111.73    257.416000000      5963.6697350400
    -142.869003        50.174000   113.95    253.199000000      5769.8760240900
    -142.869003        50.174000   115.20    250.918000000      5666.3858451600
    -142.869003        50.174000   116.50    248.589000000      5561.6841828900
    -142.869003        50.174000   117.85    246.213000000      5455.8757232100
    -142.869003        50.174000   119.22    243.514000000      5336.9161376400
    -142.869003        50.174000   122.34    237.110000000      5059.9036890000
    -142.869003        50.174000   124.08    234.991000000      4969.8693072900
    -142.869003        50.174000   125.85    233.668000000      4914.0660801600
    -142.869003        50.174000   127.85    231.077000000      4805.6921936100
    -142.869003        50.174000   129.85    226.728000000      4626.5027385600
    -142.869003        50.174000   131.85    221.694000000      4423.3406672400
    -142.869003        50.174000   133.85    216.059000000      4201.3342332900
    -142.869003        50.174000   135.85    210.690000000      3995.1248490000
    -142.869003        50.174000   137.85    204.010000000      3745.8072090000
    -142.869003        50.174000   139.85    198.452000000      3544.4876673600
    -142.869003        50.174000   141.85    195.879000000      3453.1724376900
    -142.869003        50.174000   143.85    192.704000000      3342.1348454400
    -142.869003        50.174000   145.85    189.496000000      3231.7860614400
    -142.869003        50.174000   147.85    187.184000000      3153.4064870400
    -142.869003        50.174000   149.85    183.674000000      3036.2524448400
    -142.869003        50.174000   153.85    177.652000000      2840.4209793600
    -142.869003        50.174000   163.85    169.938000000      2599.1031459600
    -142.869003        50.174000   181.85    156.427000000      2202.2465696100
    -142.869003        50.174000   249.85    109.632000000      1081.7257881600
    -142.869003        50.174000   261.85    101.838000000       933.3880419600
    -142.869003        50.174000   267.85     99.766000000       895.7929280400
    -142.869003        50.174000   275.85     96.845000000       844.1058622500
    -142.869003        50.174000   287.85     90.916000000       743.9147150400
    -142.869003        50.174000   291.85     89.823000000       726.1354196100
    -142.869003        50.174000   293.85     89.260000000       717.0612840000
    -142.869003        50.174000   297.85     88.313000000       701.9267372100
    -142.869003        50.174000   303.85     86.054000000       666.4761824400
    -142.869003        50.174000   307.85     84.207000000       638.1736964100
    -142.869003        50.174000   309.85     83.345000000       625.1750122500
    -142.869003        50.174000   311.85     82.604000000       614.1078734400
    -142.869003        50.174000   321.85     78.861000000       559.7151588900
    -142.869003        50.174000   325.85     77.645000000       542.5871422500
    -142.869003        50.174000   379.85     62.470000000       351.2250810000
    -142.869003        50.174000   387.85     60.673000000       331.3091636100
    -142.869003        50.174000   407.85     56.425000000       286.5402562500
    -142.869003        50.174000   535.85     38.446000000       133.0285424400
    -142.869003        50.174000   599.85     32.333000000        94.0880600100
       2.561000        67.504997    11.85    310.827000000      8695.2081536100
       2.561000        67.504997    16.39    309.167000000      8602.5810500100
       2.561000        67.504997    21.94    307.671000000      8519.5299816900
       2.561000        67.504997    26.92    306.412000000      8449.9482369600
       2.561000        67.504997    31.82    302.587000000      8240.3003312100
       2.561000        67.504997    36.59    297.175000000      7948.1682562500
       2.561000        67.504997    41.47    299.492000000      8072.5912257600
       2.561000        67.504997    46.36    299.854000000      8092.1179184400
       2.561000        67.504997    51.37    300.355000000      8119.1813422500
       2.561000        67.504997    56.44    300.629000000      8134.0016076900
       2.561000        67.504997    61.67    299.092000000      8051.0422017600
       2.561000        67.504997    66.26    296.057000000      7888.4772524100
       2.561000        67.504997    71.65    293.590000000      7757.5579290000
       2.561000        67.504997    76.12    291.772000000      7661.7809985600
       2.561000        67.504997    81.61    290.692000000      7605.1654977600
       2.561000        67.504997    86.13    290.382000000      7588.9535331600
       2.561000        67.504997    91.75    291.448000000      7644.7743033600
       2.561000        67.504997    96.58    291.642000000      7654.9550547600
       2.561000        67.504997   101.31    291.633000000      7654.4826020100
       2.561000        67.504997   106.02    291.072000000      7625.0618265600
       2.561000        67.504997   111.88    291.217000000      7632.6606980100
       2.561000        67.504997   116.63    291.372000000      7640.7878145600
       2.561000        67.504997   121.36    291.944000000      7670.8169222400
       2.561000        67.504997   126.26    291.144000000      7628.8345862400
       2.561000        67.504997   130.96    291.343000000      7639.2669284100
       2.561000        67.504997   136.81    291.974000000      7672.3935008400
       2.561000        67.504997   141.57    291.240000000      7633.8663840000
       2.561000        67.504997   146.33    292.027000000      7675.1791856100
       2.561000        67.504997   151.11    291.556000000      7650.4411022400
       2.561000        67.504997   160.97    291.681000000      7657.0025184900
       2.561000        67.504997   166.92    291.339000000      7639.0571628900
       2.561000        67.504997   176.65    293.156000000      7734.6396302400
       2.561000        67.504997  1401.35    312.144000000      8769.0489062400
       2.561000        67.504997  1451.66    312.020000000      8762.0832360000
      -7.522000        66.682999    21.21    329.543000000      9773.8729964100
      -7.522000        66.682999    26.27    333.590000000     10015.4059290000
      -7.522000        66.682999    31.62    332.488000000      9949.3443129600
      -7.522000        66.682999    36.02    334.049000000     10042.9860960900
      -7.522000        66.682999    41.09    332.326000000      9939.6513248400
      -7.522000        66.682999    46.44    329.816000000      9790.0734470400
      -7.522000        66.682999    51.49    326.807000000      9612.2533724100
      -7.522000        66.682999    56.55    324.919000000      9501.5120904900
      -7.522000        66.682999    61.62    325.220000000      9519.1243560000
      -7.522000        66.682999    66.68    324.170000000      9457.7570010000
      -7.522000        66.682999    71.34    324.906000000      9500.7517952400
      -7.522000        66.682999    76.71    324.707000000      9489.1172264100
      -7.522000        66.682999    81.40    325.146000000      9514.7929184400
      -7.522000        66.682999    86.02    324.857000000      9497.8863404100
      -7.522000        66.682999    90.97    325.263000000      9521.6417252100
      -7.522000        66.682999    96.13    325.552000000      9538.5694233600
      -7.522000        66.682999   101.14    325.836000000      9555.2189006400
      -7.522000        66.682999   106.29    326.330000000      9584.2142010000
      -7.522000        66.682999   111.55    325.677000000      9545.8957496100
      -7.522000        66.682999   115.82    325.236000000      9520.0610126400
      -7.522000        66.682999   121.07    323.837000000      9438.3362312100
      -7.522000        66.682999   125.76    322.969000000      9387.8077464900
      -7.522000        66.682999   131.19    321.596000000      9308.1588494400
      -7.522000        66.682999   136.60    319.743000000      9201.2027444100
      -7.522000        66.682999   141.04    319.193000000      9169.5754124100
      -7.522000        66.682999   146.58    318.686000000      9140.4689936400
      -7.522000        66.682999   151.19    315.788000000      8974.9854849600
      -7.522000        66.682999   156.04    313.120000000      8823.9720960000
      -7.522000        66.682999   161.63    309.869000000      8641.6917444900
      -7.522000        66.682999   166.20    307.908000000      8532.6602817600
      -7.522000        66.682999   178.24    307.493000000      8509.6750544100
      -7.522000        66.682999   186.41    308.469000000      8563.7811564900
      -7.522000        66.682999   251.63    307.953000000      8535.1545188100
      -7.522000        66.682999   261.57    308.554000000      8568.5013824400
      -7.522000        66.682999   341.29    309.919000000      8644.4807904900
      -7.522000        66.682999   349.40    310.161000000      8657.9861328900
      -7.522000        66.682999   361.06    310.282000000      8664.7427571600
      -7.522000        66.682999   421.69    310.459000000      8674.6311612900
      -7.522000        66.682999   440.89    310.672000000      8686.5382425600
      -7.522000        66.682999   501.02    311.392000000      8726.8479897600
      -7.522000        66.682999   751.75    308.740000000      8578.8348840000
      -7.522000        66.682999  1101.22    309.415000000      8616.3878002500
      -7.522000        66.682999  1351.54    306.532000000      8456.5680321600
      -7.522000        66.682999  1450.96    302.349000000      8227.3426020900
      -7.522000        66.682999  1551.49    302.104000000      8214.0144134400
      -7.522000        66.682999  1651.67    301.736000000      8194.0152326400
      -7.522000        66.682999  1801.23    300.402000000      8121.7225443600
      -7.522000        66.682999  1851.61    300.073000000      8103.9424796100
      -7.522000        66.682999  1951.69    297.889000000      7986.4070688900
       0.571780        67.494957    12.10    301.602000000      8186.7389763600
       0.571780        67.494957    13.60    301.473000000      8179.7372756100
       0.571780        67.494957    15.10    301.150000000      8162.2190250000
       0.571780        67.494957    16.50    300.668000000      8136.1121601600
       0.571780        67.494957    18.10    300.701000000      8137.8982260900
       0.571780        67.494957    19.70    301.836000000      8199.4473806400
       0.571780        67.494957    21.50    302.479000000      8234.4190896900
       0.571780        67.494957    23.20    301.542000000      8183.4819987600
       0.571780        67.494957    25.00    301.349000000      8173.0097820900
       0.571780        67.494957    27.00    301.077000000      8158.2623936100
       0.571780        67.494957    29.00    300.665000000      8135.9498002500
       0.571780        67.494957    31.10    299.889000000      8094.0071088900
       0.571780        67.494957    33.30    298.963000000      8044.0987832100
       0.571780        67.494957    35.50    297.546000000      7968.0259904400
       0.571780        67.494957    37.70    296.269000000      7899.7788324900
       0.571780        67.494957    40.00    296.468000000      7910.3947521600
       0.571780        67.494957    42.30    295.682000000      7868.5060611600
       0.571780        67.494957    44.70    295.451000000      7856.2164060900
       0.571780        67.494957    47.00    295.629000000      7865.6855076900
       0.571780        67.494957    49.40    295.564000000      7862.2270286400
       0.571780        67.494957    51.80    295.408000000      7853.9297817600
       0.571780        67.494957    54.20    294.896000000      7826.7285734400
       0.571780        67.494957    56.60    295.079000000      7836.4454616900
       0.571780        67.494957    59.10    294.747000000      7818.8214608100
       0.571780        67.494957    61.60    295.235000000      7844.7334702500
       0.571780        67.494957    64.00    294.512000000      7806.3586329600
       0.571780        67.494957    66.60    294.826000000      7823.0133248400
       0.571780        67.494957    69.00    294.880000000      7825.8792960000
       0.571780        67.494957    71.50    295.323000000      7849.4106896100
       0.571780        67.494957    74.00    295.758000000      7872.5515107600
       0.571780        67.494957    76.50    295.771000000      7873.2435996900
       0.571780        67.494957    79.10    296.070000000      7889.1700410000
       0.571780        67.494957    81.60    296.719000000      7923.7948464900
       0.571780        67.494957    84.10    297.133000000      7945.9217720100
       0.571780        67.494957    86.60    297.382000000      7959.2448531600
       0.571780        67.494957    89.10    297.597000000      7970.7576968100
       0.571780        67.494957    91.60    297.873000000      7985.5491716100
       0.571780        67.494957    94.10    298.427000000      8015.2806896100
       0.571780        67.494957    96.60    298.644000000      8026.9414862400
       0.571780        67.494957    99.00    298.567000000      8022.8028140100
       0.571780        67.494957   101.50    298.521000000      8020.3308696900
       0.571780        67.494957   104.00    298.097000000      7997.5639268100
       0.571780        67.494957   106.40    297.577000000      7969.6863836100
       0.571780        67.494957   108.90    296.817000000      7929.0298340100
       0.571780        67.494957   111.20    296.091000000      7890.2892252900
       0.571780        67.494957   113.60    295.539000000      7860.8970468900
       0.571780        67.494957   116.00    295.980000000      7884.3744360000
       0.571780        67.494957   118.50    295.541000000      7861.0034412900
       0.571780        67.494957   120.90    296.031000000      7887.0917664900
       0.571780        67.494957   125.60    296.102000000      7890.8754963600
       0.571780        67.494957   127.90    296.242000000      7898.3390307600
       0.571780        67.494957   130.30    296.125000000      7892.1014062500
       0.571780        67.494957   134.90    295.416000000      7854.3551750400
       0.571780        67.494957   137.20    294.785000000      7820.8376602500
       0.571780        67.494957   139.50    294.005000000      7779.5046022500
       0.571780        67.494957   141.80    292.960000000      7724.3005440000
       0.571780        67.494957   146.30    291.633000000      7654.4826020100
       0.571780        67.494957   148.50    290.780000000      7609.7707560000
       0.571780        67.494957   150.80    290.650000000      7602.9680250000
       0.571780        67.494957   153.20    290.382000000      7588.9535331600
       0.571780        67.494957   155.50    290.400000000      7589.8944000000
       0.571780        67.494957   165.00    291.868000000      7666.8236481600
       0.571780        67.494957   177.50    295.737000000      7871.4335852100
       0.571780        67.494957   201.60    292.475000000      7698.7463062500
       0.571780        67.494957   203.50    292.419000000      7695.7984404900
       0.571780        67.494957   224.20    289.617000000      7549.0206020100
       0.571780        67.494957   233.80    290.324000000      7585.9222478400
       0.571780        67.494957   243.60    291.107000000      7626.8956904100
       0.571780        67.494957   249.80    291.172000000      7630.3020225600
       0.571780        67.494957   260.10    291.947000000      7670.9745728100
       0.571780        67.494957   262.20    292.370000000      7693.2195210000
       0.571780        67.494957   264.20    292.707000000      7710.9649064100
       0.571780        67.494957   270.30    292.617000000      7706.2237820100
       0.571780        67.494957   289.10    292.633000000      7707.0665420100
       0.571780        67.494957   503.40    301.278000000      8169.1589955600
       0.571780        67.494957   558.60    300.665000000      8135.9498002500
       0.571780        67.494957   570.10    301.244000000      8167.3152782400
       0.571780        67.494957   593.40    301.157000000      8162.5984784100
       0.571780        67.494957   616.40    301.019000000      8155.1194524900
       0.571780        67.494957   652.40    300.893000000      8148.2937704100
       0.571780        67.494957   722.60    300.003000000      8100.1620008100
       0.571780        67.494957   792.50    300.535000000      8128.9157602500
       0.571780        67.494957   802.10    300.463000000      8125.0212932100
       0.571780        67.494957   874.50    300.707000000      8138.2229864100
       0.571780        67.494957   896.80    300.789000000      8142.6620268900
       0.571780        67.494957   994.90    300.844000000      8145.6401102400
       0.571780        67.494957  1106.10    300.136000000      8107.3456646400
       0.571780        67.494957  1354.20    296.382000000      7905.8060931600
       0.571780        67.494957  1442.40    295.647000000      7866.6433748100
       0.571780        67.494957  1700.20    293.003000000      7726.5682208100
       0.571780        67.494957  1734.50    293.433000000      7749.2632940100
       0.571780        67.494957  1835.90    292.234000000      7686.0639680400
       0.571780        67.494957  1899.80    291.949000000      7671.0796740900
       0.571780        67.494957  1915.80    292.476000000      7698.7989518400
       0.571780        67.494957  1932.80    291.761000000      7661.2033008900
       0.571780        67.494957  1969.80    292.377000000      7693.5879116100
       0.072520        67.775772    22.12    299.687000000      8083.1068172100
       0.072520        67.775772    23.82    298.744000000      8032.3179782400
       0.072520        67.775772    25.52    298.102000000      7997.8322163600
       0.072520        67.775772    27.12    297.206000000      7949.8265792400
       0.072520        67.775772    28.62    296.602000000      7917.5471763600
       0.072520        67.775772    30.12    296.197000000      7895.9396528100
       0.072520        67.775772    31.62    296.997000000      7938.6496208100
       0.072520        67.775772    33.42    299.084000000      8050.6115150400
       0.072520        67.775772    35.22    298.634000000      8026.4039360400
       0.072520        67.775772    37.12    298.241000000      8005.2924672900
       0.072520        67.775772    39.12    298.162000000      8001.0520419600
       0.072520        67.775772    41.22    297.628000000      7972.4183745600
       0.072520        67.775772    43.22    297.574000000      7969.5256928400
       0.072520        67.775772    45.32    297.066000000      7942.3387520400
       0.072520        67.775772    47.42    296.200000000      7896.0996000000
       0.072520        67.775772    49.52    295.778000000      7873.6162755600
       0.072520        67.775772    51.62    295.136000000      7839.4732646400
       0.072520        67.775772    53.72    294.532000000      7807.4189121600
       0.072520        67.775772    55.82    293.761000000      7766.5972608900
       0.072520        67.775772    57.92    293.045000000      7728.7834822500
       0.072520        67.775772    60.12    292.905000000      7721.4005122500
       0.072520        67.775772    62.32    292.397000000      7694.6405048100
       0.072520        67.775772    64.52    291.917000000      7669.3981400100
       0.072520        67.775772    66.72    291.416000000      7643.0956550400
       0.072520        67.775772    69.02    290.630000000      7601.9217210000
       0.072520        67.775772    71.42    290.513000000      7595.8022852100
       0.072520        67.775772    73.72    290.663000000      7603.6481612100
       0.072520        67.775772    76.02    291.358000000      7640.0535747600
       0.072520        67.775772    78.42    291.569000000      7651.1233584900
       0.072520        67.775772    80.72    291.706000000      7658.3151392400
       0.072520        67.775772    83.02    291.712000000      7658.6301849600
       0.072520        67.775772    85.32    292.132000000      7680.6994881600
       0.072520        67.775772    87.72    292.726000000      7711.9659968400
       0.072520        67.775772    90.02    293.058000000      7729.4692227600
       0.072520        67.775772    92.42    293.505000000      7753.0666522500
       0.072520        67.775772    94.72    293.597000000      7757.9278568100
       0.072520        67.775772    97.02    294.181000000      7788.8214684900
       0.072520        67.775772    99.42    294.159000000      7787.6565552900
       0.072520        67.775772   101.72    294.188000000      7789.1921409600
       0.072520        67.775772   104.12    294.659000000      7814.1533652900
       0.072520        67.775772   106.52    295.118000000      7838.5170531600
       0.072520        67.775772   108.82    295.389000000      7852.9195188900
       0.072520        67.775772   111.22    295.743000000      7871.7529844100
       0.072520        67.775772   113.52    295.908000000      7880.5390017600
       0.072520        67.775772   115.82    295.933000000      7881.8706440100
       0.072520        67.775772   118.12    295.918000000      7881.0716451600
       0.072520        67.775772   120.42    296.024000000      7886.7187718400
       0.072520        67.775772   122.62    296.077000000      7889.5430936100
       0.072520        67.775772   131.72    296.747000000      7925.2903808100
       0.072520        67.775772   133.92    296.711000000      7923.3675768900
       0.072520        67.775772   136.22    295.982000000      7884.4809891600
       0.072520        67.775772   138.42    295.914000000      7880.8585856400
       0.072520        67.775772   140.82    296.613000000      7918.1344592100
       0.072520        67.775772   143.12    296.708000000      7923.2073537600
       0.072520        67.775772   150.02    295.769000000      7873.1371224900
       0.072520        67.775772   152.22    295.488000000      7858.1842329600
       0.072520        67.775772   154.52    295.856000000      7877.7695462400
       0.072520        67.775772   156.92    296.029000000      7886.9851956900
       0.072520        67.775772   168.52    296.647000000      7919.9498348100
       0.072520        67.775772   170.92    296.657000000      7920.4838084100
       0.072520        67.775772   177.82    297.438000000      7962.2427459600
       0.072520        67.775772   186.32    297.038000000      7940.8416099600
       0.072520        67.775772   206.40    296.023000000      7886.6654876100
       0.072520        67.775772   209.90    295.324000000      7849.4638478400
       0.072520        67.775772   215.20    294.212000000      7790.4630849600
       0.072520        67.775772   227.60    288.956000000      7514.6012942400
       0.072520        67.775772   231.30    288.613000000      7496.7717392100
       0.072520        67.775772   236.70    288.726000000      7502.6432768400
       0.072520        67.775772   240.50    288.792000000      7506.0737337600
       0.072520        67.775772   246.20    289.483000000      7542.0366560100
       0.072520        67.775772   250.10    289.819000000      7559.5547484900
       0.072520        67.775772   264.60    289.492000000      7542.5056257600
       0.072520        67.775772   268.80    289.810000000      7559.0852490000
       0.072520        67.775772   273.00    289.936000000      7565.6595686400
       0.072520        67.775772   322.10    292.551000000      7702.7478840900
       0.072520        67.775772   344.20    293.681000000      7762.3676784900
       0.072520        67.775772   415.30    298.826000000      8036.7280448400
       0.072520        67.775772   434.10    299.094000000      8051.1498752400
       0.072520        67.775772   513.10    301.563000000      8184.6218672100
       0.072520        67.775772   543.00    302.176000000      8217.9301478400
       0.072520        67.775772   563.60    302.058000000      8211.5131827600
       0.072520        67.775772   616.50    300.814000000      8144.0156336400
       0.072520        67.775772   689.40    300.719000000      8138.8725264900
       0.072520        67.775772   697.40    300.195000000      8110.5334222500
       0.072520        67.775772   722.50    300.252000000      8113.6137153600
       0.072520        67.775772   769.20    299.886000000      8093.8451696400
       0.072520        67.775772   822.60    300.508000000      8127.4552257600
       0.072520        67.775772   868.80    300.609000000      8132.9193792900
       0.072520        67.775772   967.40    300.660000000      8135.6792040000
       0.072520        67.775772  1083.20    300.627000000      8133.8933816100
       0.072520        67.775772  1094.30    300.759000000      8141.0378472900
       0.072520        67.775772  1140.80    299.406000000      8067.9557552400
       0.072520        67.775772  1422.40    296.319000000      7902.4454784900
       0.072520        67.775772  1483.50    295.208000000      7843.2986937600
       0.072520        67.775772  1501.80    295.376000000      7852.2283238400
       0.072520        67.775772  1585.60    294.676000000      7815.0550478400
       0.072520        67.775772  1608.80    294.336000000      7797.0312806400
       0.072520        67.775772  1742.70    293.542000000      7755.0215187600
       0.072520        67.775772  1784.80    292.472000000      7698.5883705600
       0.072520        67.775772  1872.30    293.084000000      7730.8407950400
       0.072520        67.775772  1907.60    292.868000000      7719.4498881600
       0.072520        67.775772  1946.30    291.771000000      7661.7284796900
       0.072520        67.775772  1966.40    292.491000000      7699.5886572900
       0.633210        69.641899     9.20    319.057000000      9161.7632324100
       0.633210        69.641899    11.00    317.314000000      9061.9357136400
       0.633210        69.641899    12.60    316.081000000      8991.6478704900
       0.633210        69.641899    14.40    314.995000000      8929.9665022500
       0.633210        69.641899    16.10    313.633000000      8852.9092820100
       0.633210        69.641899    17.80    312.379000000      8782.2575676900
       0.633210        69.641899    19.60    310.766000000      8691.7956080400
       0.633210        69.641899    21.40    308.867000000      8585.8941320100
       0.633210        69.641899    23.20    307.065000000      8486.0022802500
       0.633210        69.641899    25.10    306.156000000      8435.8346702400
       0.633210        69.641899    27.00    305.713000000      8411.4394532100
       0.633210        69.641899    28.80    305.309000000      8389.2226932900
       0.633210        69.641899    30.80    304.985000000      8371.4265202500
       0.633210        69.641899    32.80    304.558000000      8348.0017827600
       0.633210        69.641899    34.90    304.047000000      8320.0120388100
       0.633210        69.641899    37.00    303.564000000      8293.5991886400
       0.633210        69.641899    39.20    303.095000000      8267.9921122500
       0.633210        69.641899    41.40    302.687000000      8245.7477972100
       0.633210        69.641899    43.50    302.189000000      8218.6372548900
       0.633210        69.641899    45.90    301.545000000      8183.6448322500
       0.633210        69.641899    48.10    301.229000000      8166.5019396900
       0.633210        69.641899    50.30    300.904000000      8148.8895494400
       0.633210        69.641899    52.60    300.612000000      8133.0817089600
       0.633210        69.641899    54.80    300.522000000      8128.2125235600
       0.633210        69.641899    57.00    300.463000000      8125.0212932100
       0.633210        69.641899    59.20    300.374000000      8120.2085888400
       0.633210        69.641899    61.40    300.309000000      8116.6945932900
       0.633210        69.641899    63.70    300.194000000      8110.4793872400
       0.633210        69.641899    66.00    300.113000000      8106.1031492100
       0.633210        69.641899    68.20    299.996000000      8099.7840014400
       0.633210        69.641899    70.50    299.911000000      8095.1947128900
       0.633210        69.641899    72.80    299.911000000      8095.1947128900
       0.633210        69.641899    75.10    299.883000000      8093.6832320100
       0.633210        69.641899    77.40    299.930000000      8096.2204410000
       0.633210        69.641899    79.70    299.863000000      8092.6036892100
       0.633210        69.641899    82.00    299.849000000      8091.8480520900
       0.633210        69.641899    84.30    299.856000000      8092.2258662400
       0.633210        69.641899    86.60    299.846000000      8091.6861344400
       0.633210        69.641899    89.00    299.826000000      8090.6067248400
       0.633210        69.641899    91.30    299.820000000      8090.2829160000
       0.633210        69.641899    93.60    299.784000000      8088.3401990400
       0.633210        69.641899    96.00    299.761000000      8087.0991408900
       0.633210        69.641899    98.20    299.814000000      8089.9591136400
       0.633210        69.641899   101.22    299.789000000      8088.6100068900
       0.633210        69.641899   105.72    299.820000000      8090.2829160000
       0.633210        69.641899   107.32    299.784000000      8088.3401990400
       0.633210        69.641899   110.52    299.771000000      8087.6387196900
       0.633210        69.641899   112.12    299.787000000      8088.5020832100
       0.633210        69.641899   113.62    299.791000000      8088.7179312900
       0.633210        69.641899   115.32    299.783000000      8088.2862380100
       0.633210        69.641899   116.92    299.769000000      8087.5308024900
       0.633210        69.641899   118.52    299.785000000      8088.3941602500
       0.633210        69.641899   120.12    299.800000000      8089.2036000000
       0.633210        69.641899   123.42    299.783000000      8088.2862380100
       0.633210        69.641899   125.02    299.800000000      8089.2036000000
       0.633210        69.641899   135.02    299.700000000      8083.8081000000
       0.633210        69.641899   136.72    299.688000000      8083.1607609600
       0.633210        69.641899   140.12    299.663000000      8081.8122212100
       0.633210        69.641899   141.82    299.642000000      8080.6795347600
       0.633210        69.641899   143.52    299.655000000      8081.3807122500
       0.633210        69.641899   214.82    299.049000000      8048.7273960900
       0.633210        69.641899   216.62    299.019000000      8047.1126124900
       0.633210        69.641899   227.82    298.966000000      8044.2602240400
       0.633210        69.641899   237.32    299.035000000      8047.9738102500
       0.633210        69.641899   245.12    299.061000000      8049.3733548900
       0.633210        69.641899   275.80    298.891000000      8040.2246892900
       0.633210        69.641899   277.90    298.919000000      8041.7311704900
       0.633210        69.641899   414.12    298.348000000      8011.0376193600
       0.633210        69.641899   608.40    297.950000000      7989.6782250000
       0.633210        69.641899   869.20    297.346000000      7957.3179344400
       0.633210        69.641899  1141.60    295.033000000      7834.0023980100
       0.633210        69.641899  1158.00    295.291000000      7847.7097212900
       0.633210        69.641899  1210.30    299.103000000      8051.6344148100
       0.633210        69.641899  1229.70    300.779000000      8142.1206156900
       0.633210        69.641899  1292.50    301.897000000      8202.7618748100
       0.633210        69.641899  1591.20    301.444000000      8178.1636622400
       0.633210        69.641899  1636.10    301.199000000      8164.8753840900
       0.633210        69.641899  1773.10    300.489000000      8126.4275208900
       0.633210        69.641899  1815.10    300.134000000      8107.2376160400
       0.633210        69.641899  1837.20    299.840000000      8091.3623040000
       0.633210        69.641899  1860.20    299.683000000      8082.8910440100
       0.633210        69.641899  1883.70    299.365000000      8065.7462902500
       0.633210        69.641899  1908.37    299.100000000      8051.4729000000
       0.633210        69.641899  1946.90    298.304000000      8008.6748774400
      -2.028240        75.393692    24.70    342.931000000     10584.1503684900
      -2.028240        75.393692    27.10    338.853000000     10333.9220048100
      -2.028240        75.393692    29.70    334.975000000     10098.7425562500
      -2.028240        75.393692    32.90    335.253000000     10115.5116608100
      -2.028240        75.393692    36.30    336.524000000     10192.3562318400
      -2.028240        75.393692    39.90    335.382000000     10123.2977331600
      -2.028240        75.393692    43.50    333.955000000     10037.3347822500
      -2.028240        75.393692    47.10    333.101000000      9986.0648580900
      -2.028240        75.393692    50.70    332.661000000      9959.7006828900
      -2.028240        75.393692    54.40    332.347000000      9940.9075568100
      -2.028240        75.393692    58.00    331.956000000      9917.5307342400
      -2.028240        75.393692    61.50    331.632000000      9898.1805081600
      -2.028240        75.393692    64.90    331.695000000      9901.9415722500
      -2.028240        75.393692    68.40    331.816000000      9909.1672070400
      -2.028240        75.393692    71.60    331.617000000      9897.2851220100
      -2.028240        75.393692    74.80    331.247000000      9875.2117508100
      -2.028240        75.393692    78.00    330.552000000      9833.8162233600
      -2.028240        75.393692    80.90    329.511000000      9771.9749208900
      -2.028240        75.393692    83.90    328.798000000      9729.7312323600
      -2.028240        75.393692    86.70    328.321000000      9701.5211136900
      -2.028240        75.393692    89.50    328.369000000      9704.3580144900
      -2.028240        75.393692    92.10    327.691000000      9664.3252332900
      -2.028240        75.393692    94.70    326.799000000      9611.7827760900
      -2.028240        75.393692    97.30    325.915000000      9559.8528502500
      -2.028240        75.393692    99.70    326.019000000      9565.9549524900
      -2.028240        75.393692   102.20    326.048000000      9567.6568473600
      -2.028240        75.393692   104.60    325.861000000      9556.6852188900
      -2.028240        75.393692   107.00    325.597000000      9541.2065768100
      -2.028240        75.393692   109.40    325.059000000      9509.7018132900
      -2.028240        75.393692   111.80    325.005000000      9506.5425022500
      -2.028240        75.393692   114.10    324.798000000      9494.4366723600
      -2.028240        75.393692   116.50    324.407000000      9471.5911484100
      -2.028240        75.393692   118.80    323.937000000      9444.1661972100
      -2.028240        75.393692   121.20    323.723000000      9431.6922656100
      -2.028240        75.393692   123.60    323.619000000      9425.6331444900
      -2.028240        75.393692   125.90    323.547000000      9421.4395088100
      -2.028240        75.393692   128.20    323.556000000      9421.9636622400
      -2.028240        75.393692   129.90    323.754000000      9433.4987264400
      -2.028240        75.393692   131.30    324.153000000      9456.7650668100
      -2.028240        75.393692   132.90    324.244000000      9462.0754382400
      -2.028240        75.393692   134.40    324.494000000      9476.6720432400
      -2.028240        75.393692   135.90    324.639000000      9485.1432288900
      -2.028240        75.393692   137.50    324.804000000      9494.7874574400
      -2.028240        75.393692   139.10    325.122000000      9513.3883395600
      -2.028240        75.393692   140.70    325.174000000      9516.4317248400
      -2.028240        75.393692   142.30    325.244000000      9520.5293582400
      -2.028240        75.393692   144.00    325.054000000      9509.4092624400
      -2.028240        75.393692   145.60    324.786000000      9493.7351216400
      -2.028240        75.393692   147.30    324.882000000      9499.3482531600
      -2.028240        75.393692   149.00    325.230000000      9519.7097610000
      -2.028240        75.393692   150.70    325.479000000      9534.2921496900
      -2.028240        75.393692   152.40    325.686000000      9546.4233536400
      -2.028240        75.393692   154.20    326.027000000      9566.4244256100
      -2.028240        75.393692   156.00    326.157000000      9574.0549784100
      -2.028240        75.393692   157.70    326.423000000      9589.6777436100
      -2.028240        75.393692   159.60    326.698000000      9605.8424883600
      -2.028240        75.393692   161.40    327.043000000      9626.1411464100
      -2.028240        75.393692   163.30    327.326000000      9642.8079248400
      -2.028240        75.393692   165.00    327.495000000      9652.7677522500
      -2.028240        75.393692   167.00    327.803000000      9670.9326128100
      -2.028240        75.393692   168.80    327.773000000      9669.1625576100
      -2.028240        75.393692   170.70    327.864000000      9674.5322246400
      -2.028240        75.393692   172.50    328.132000000      9690.3548481600
      -2.028240        75.393692   174.40    328.150000000      9691.4180250000
      -2.028240        75.393692   176.20    328.059000000      9686.0436732900
      -2.028240        75.393692   178.00    327.918000000      9677.7193251600
      -2.028240        75.393692   180.00    327.788000000      9670.0475649600
      -2.028240        75.393692   181.80    327.536000000      9655.1848166400
      -2.028240        75.393692   183.70    327.395000000      9646.8737422500
      -2.028240        75.393692   185.70    327.582000000      9657.8970051600
      -2.028240        75.393692   187.50    328.033000000      9684.5084180100
      -2.028240        75.393692   189.40    327.731000000      9666.6847524900
      -2.028240        75.393692   191.30    327.485000000      9652.1782702500
      -2.028240        75.393692   193.20    326.995000000      9623.3157022500
      -2.028240        75.393692   195.10    326.441000000      9590.7353832900
      -2.028240        75.393692   197.00    326.257000000      9579.9267044100
      -2.028240        75.393692   198.90    326.234000000      9578.5760480400
      -2.028240        75.393692   200.80    326.156000000      9573.9962702400
      -2.028240        75.393692   202.70    326.350000000      9585.3890250000
      -2.028240        75.393692   204.70    326.321000000      9583.6855536900
      -2.028240        75.393692   206.60    326.037000000      9567.0112832100
      -2.028240        75.393692   208.50    325.656000000      9544.6647302400
      -2.028240        75.393692   210.40    325.720000000      9548.4166560000
      -2.028240        75.393692   212.30    325.910000000      9559.5595290000
      -2.028240        75.393692   214.20    326.508000000      9594.6726657600
      -2.028240        75.393692   216.10    326.819000000      9612.9592884900
      -2.028240        75.393692   218.00    326.541000000      9596.6122212900
      -2.028240        75.393692   219.90    326.003000000      9565.0160408100
      -2.028240        75.393692   221.90    326.086000000      9569.8871456400
      -2.028240        75.393692   223.90    327.185000000      9634.5021802500
      -2.028240        75.393692   225.80    327.931000000      9678.4866684900
      -2.028240        75.393692   227.70    328.071000000      9686.7522936900
      -2.028240        75.393692   229.60    328.066000000      9686.4570320400
      -2.028240        75.393692   231.60    327.998000000      9682.4419203600
      -2.028240        75.393692   233.60    327.984000000      9681.6153830400
      -2.028240        75.393692   235.40    328.031000000      9684.3903264900
      -2.028240        75.393692   237.40    328.019000000      9683.6817924900
      -2.028240        75.393692   239.40    327.841000000      9673.1749152900
      -2.028240        75.393692   241.40    327.842000000      9673.2339267600
      -2.028240        75.393692   243.30    327.890000000      9676.0666890000
      -2.028240        75.393692   245.30    327.741000000      9667.2746772900
      -2.028240        75.393692   247.20    327.529000000      9654.7721256900
      -2.028240        75.393692   249.30    327.374000000      9645.6362288400
      -2.028240        75.393692   251.30    327.044000000      9626.2000142400
      -2.028240        75.393692   253.40    326.888000000      9617.0188089600
      -2.028240        75.393692   255.40    326.863000000      9615.5478692100
      -2.028240        75.393692   257.40    326.863000000      9615.5478692100
      -2.028240        75.393692   259.40    327.010000000      9624.1986090000
      -2.028240        75.393692   261.50    326.967000000      9621.6677180100
      -2.028240        75.393692   263.50    327.004000000      9623.8454414400
      -2.028240        75.393692   265.60    327.057000000      9626.9653124100
      -2.028240        75.393692   267.70    326.926000000      9619.2548528400
      -2.028240        75.393692   269.70    326.988000000      9622.9036929600
      -2.028240        75.393692   271.90    326.955000000      9620.9614822500
      -2.028240        75.393692   273.90    326.793000000      9611.4298364100
      -2.028240        75.393692   276.00    326.751000000      9608.9594400900
      -2.028240        75.393692   278.10    326.451000000      9591.3229860900
      -2.028240        75.393692   280.30    326.028000000      9566.4831105600
      -2.028240        75.393692   282.40    325.748000000      9550.0583553600
      -2.028240        75.393692   284.50    325.554000000      9538.6866224400
      -2.028240        75.393692   286.70    325.676000000      9545.8371278400
      -2.028240        75.393692   288.90    325.990000000      9564.2532090000
      -2.028240        75.393692   291.10    326.098000000      9570.5915043600
      -2.028240        75.393692   293.30    325.946000000      9561.6715424400
      -2.028240        75.393692   295.40    325.886000000      9558.1516496400
      -2.028240        75.393692   297.60    326.167000000      9574.6420700100
      -2.028240        75.393692   306.00    325.763000000      9550.9378952100
      -2.028240        75.393692   317.20    325.946000000      9561.6715424400
      -2.028240        75.393692   328.70    326.436000000      9590.4415886400
      -2.028240        75.393692   340.50    326.091000000      9570.1806252900
      -2.028240        75.393692   352.30    326.142000000      9573.1743747600
      -2.028240        75.393692   364.70    325.429000000      9531.3630636900
      -2.028240        75.393692   374.40    325.282000000      9522.7541571600
      -2.028240        75.393692   382.10    325.729000000      9548.9443296900
      -2.028240        75.393692   390.10    326.638000000      9602.3144739600
      -2.028240        75.393692   398.40    326.923000000      9619.0783136100
      -2.028240        75.393692   406.80    326.499000000      9594.1437300900
      -2.028240        75.393692   415.30    326.155000000      9573.9375622500
      -2.028240        75.393692   424.00    325.910000000      9559.5595290000
      -2.028240        75.393692   432.80    326.048000000      9567.6568473600
      -2.028240        75.393692   441.80    325.923000000      9560.3221736100
      -2.028240        75.393692   450.90    325.996000000      9564.6052814400
      -2.028240        75.393692   460.10    326.209000000      9577.1080512900
      -2.028240        75.393692   469.30    326.074000000      9569.1828128400
      -2.028240        75.393692   478.80    326.210000000      9577.1667690000
      -2.028240        75.393692   488.40    326.571000000      9598.3756236900
      -2.028240        75.393692   498.10    326.544000000      9596.7885542400
      -2.028240        75.393692   508.00    326.519000000      9595.3191624900
      -2.028240        75.393692   518.00    326.110000000      9571.2958890000
      -2.028240        75.393692   528.20    325.503000000      9535.6982708100
      -2.028240        75.393692   538.60    325.451000000      9532.6518060900
      -2.028240        75.393692   549.30    325.711000000      9547.8889968900
      -2.028240        75.393692   560.00    325.636000000      9543.4924046400
      -2.028240        75.393692   570.80    325.829000000      9554.8083516900
      -2.028240        75.393692   581.80    325.510000000      9536.1084090000
      -2.028240        75.393692   593.00    325.354000000      9526.9702784400
      -2.028240        75.393692   604.50    325.799000000      9553.0489560900
      -2.028240        75.393692   616.30    325.920000000      9560.1461760000
      -2.028240        75.393692   628.30    326.557000000      9597.5526824100
      -2.028240        75.393692   642.27    326.990000000      9623.0214090000
      -2.028240        75.393692   652.90    326.916000000      9618.6663950400
      -2.028240        75.393692   662.10    327.036000000      9625.7290766400
      -2.028240        75.393692   670.30    327.000000000      9623.6100000000
      -2.028240        75.393692   678.80    327.006000000      9623.9631632400
      -2.028240        75.393692   687.40    326.795000000      9611.5474822500
      -2.028240        75.393692   696.10    326.712000000      9606.6657849600
      -2.028240        75.393692   705.10    326.658000000      9603.4904067600
      -2.028240        75.393692   714.30    326.571000000      9598.3756236900
      -2.028240        75.393692   723.80    326.546000000      9596.9061104400
      -2.028240        75.393692   733.50    326.453000000      9591.4405088100
      -2.028240        75.393692   743.30    326.168000000      9574.7007801600
      -2.028240        75.393692   753.50    326.081000000      9569.5936704900
      -2.028240        75.393692   764.00    326.014000000      9565.6615376400
      -2.028240        75.393692   774.50    325.683000000      9546.2474840100
      -2.028240        75.393692   785.40    325.690000000      9546.6578490000
      -2.028240        75.393692   796.40    325.643000000      9543.9027104100
      -2.028240        75.393692   807.60    325.587000000      9540.6205112100
      -2.028240        75.393692   819.00    325.583000000      9540.3860900100
      -2.028240        75.393692   830.80    325.380000000      9528.4929960000
      -2.028240        75.393692   842.80    325.335000000      9525.8576002500
      -2.028240        75.393692   854.90    325.351000000      9526.7945880900
      -2.028240        75.393692   865.40    325.202000000      9518.0706723600
      -2.028240        75.393692   873.00    324.933000000      9502.3309040100
      -2.028240        75.393692   880.80    324.592000000      9482.3969817600
      -2.028240        75.393692   888.90    324.468000000      9475.1534721600
      -2.028240        75.393692   897.10    324.427000000      9472.7590496100
      -2.028240        75.393692   905.60    324.419000000      9472.2918804900
      -2.028240        75.393692   915.22    324.487000000      9476.2631852100
      -2.028240        75.393692   946.92    324.132000000      9455.5398081600
      -2.028240        75.393692   956.32    323.749000000      9433.2073500900
      -2.028240        75.393692   966.22    323.391000000      9412.3564992900
      -2.028240        75.393692   986.32    323.154000000      9398.5656944400
      -2.028240        75.393692   996.72    323.398000000      9412.7639763600
      -2.028240        75.393692  1007.32    322.329000000      9350.6385816900
      -2.028240        75.393692  1029.12    324.969000000      9504.4365864900
      -2.028240        75.393692  1040.22    324.845000000      9497.1846622500
      -2.028240        75.393692  1051.42    324.340000000      9467.6792040000
      -2.028240        75.393692  1063.22    323.778000000      9434.8973955600
      -2.028240        75.393692  1132.00    320.047000000      9218.7073988100
      -2.028240        75.393692  1148.90    319.864000000      9208.1680646400
      -2.028240        75.393692  1184.70    320.207000000      9227.9270564100
      -2.028240        75.393692  1204.00    320.435000000      9241.0730302500
      -2.028240        75.393692  1223.90    320.535000000      9246.8417602500
      -2.028240        75.393692  1266.20    319.599000000      9192.9168720900
      -2.028240        75.393692  1288.50    319.886000000      9209.4347696400
      -2.028240        75.393692  1311.50    319.628000000      9194.5852545600
      -2.028240        75.393692  1360.00    317.321000000      9062.3355336900
      -2.028240        75.393692  1380.60    316.464000000      9013.4516966400
      -2.028240        75.393692  1432.10    315.742000000      8972.3709507600
      -2.028240        75.393692  1489.70    314.615000000      8908.4338402500
      -2.028240        75.393692  1510.10    314.140000000      8881.5545640000
      -2.028240        75.393692  1531.60    313.884000000      8867.0848910400
      -2.028240        75.393692  1576.90    313.429000000      8841.3964236900
      -2.028240        75.393692  1602.60    313.852000000      8865.2770113600
      -2.028240        75.393692  1636.90    313.788000000      8861.6618049600
      -2.028240        75.393692  1708.80    313.836000000      8864.3731406400
      -2.028240        75.393692  1749.70    312.368000000      8781.6390681600
      -2.028240        75.393692  1899.00    309.094000000      8598.5190752400
      -2.028240        75.393692  1916.20    308.549000000      8568.2236860900
      -2.028240        75.393692  1934.10    307.968000000      8535.9860121600
      -2.028240        75.393692  1952.70    307.107000000      8488.3238504100
      -2.028240        75.393692  1989.64    302.772000000      8250.3795585600
      -0.926750        75.367844    24.40    343.287000000     10606.1367932100
      -0.926750        75.367844    26.60    342.963000000     10586.1257432100
      -0.926750        75.367844    28.80    342.483000000     10556.5144760100
      -0.926750        75.367844    31.00    341.452000000     10493.0521473600
      -0.926750        75.367844    33.30    340.046000000     10406.8153904400
      -0.926750        75.367844    35.50    338.432000000     10308.2596761600
      -0.926750        75.367844    37.80    336.418000000     10185.9363651600
      -0.926750        75.367844    39.90    334.011000000     10040.7013308900
      -0.926750        75.367844    41.90    331.238000000      9874.6751379600
      -0.926750        75.367844    44.00    328.910000000      9736.3609290000
      -0.926750        75.367844    46.00    326.887000000      9616.9599692100
      -0.926750        75.367844    48.40    328.346000000      9702.9986144400
      -0.926750        75.367844    50.70    329.363000000      9763.1987192100
      -0.926750        75.367844    52.90    329.517000000      9772.3307960100
      -0.926750        75.367844    55.20    329.015000000      9742.5783202500
      -0.926750        75.367844    57.50    328.927000000      9737.3674196100
      -0.926750        75.367844    59.80    328.367000000      9704.2398020100
      -0.926750        75.367844    62.00    327.766000000      9668.7495680400
      -0.926750        75.367844    64.20    327.363000000      9644.9880392100
      -0.926750        75.367844    66.50    326.672000000      9604.3136025600
      -0.926750        75.367844    68.80    325.945000000      9561.6128722500
      -0.926750        75.367844    71.00    325.895000000      9558.6795922500
      -0.926750        75.367844    73.30    325.951000000      9561.9648960900
      -0.926750        75.367844    75.60    325.952000000      9562.0235673600
      -0.926750        75.367844    77.70    325.955000000      9562.1995822500
      -0.926750        75.367844    80.00    325.886000000      9558.1516496400
      -0.926750        75.367844    82.20    325.721000000      9548.4752856900
      -0.926750        75.367844    84.40    325.528000000      9537.1630905600
      -0.926750        75.367844    86.70    325.670000000      9545.4854010000
      -0.926750        75.367844    89.00    325.612000000      9542.0857089600
      -0.926750        75.367844    91.20    325.376000000      9528.2587238400
      -0.926750        75.367844    93.50    325.273000000      9522.2272076100
      -0.926750        75.367844    95.70    324.995000000      9505.9575022500
      -0.926750        75.367844    98.00    324.780000000      9493.3843560000
      -0.926750        75.367844   100.30    324.743000000      9491.2214444100
      -0.926750        75.367844   102.70    324.681000000      9487.5976584900
      -0.926750        75.367844   105.00    324.616000000      9483.7992710400
      -0.926750        75.367844   107.30    324.556000000      9480.2937422400
      -0.926750        75.367844   109.60    324.452000000      9474.2190273600
      -0.926750        75.367844   112.00    324.327000000      9466.9202636100
      -0.926750        75.367844   114.20    324.340000000      9467.6792040000
      -0.926750        75.367844   116.60    324.508000000      9477.4897857600
      -0.926750        75.367844   119.00    324.572000000      9481.2284865600
      -0.926750        75.367844   121.20    325.024000000      9507.6540518400
      -0.926750        75.367844   123.10    325.155000000      9515.3196622500
      -0.926750        75.367844   124.60    325.336000000      9525.9161606400
      -0.926750        75.367844   126.10    325.408000000      9530.1329817600
      -0.926750        75.367844   127.50    325.510000000      9536.1084090000
      -0.926750        75.367844   129.00    325.555000000      9538.7452222500
      -0.926750        75.367844   130.60    325.745000000      9549.8824522500
      -0.926750        75.367844   132.20    325.968000000      9562.9623321600
      -0.926750        75.367844   133.70    326.070000000      9568.9480410000
      -0.926750        75.367844   135.20    326.191000000      9576.0511632900
      -0.926750        75.367844   136.90    326.220000000      9577.7539560000
      -0.926750        75.367844   138.50    326.581000000      9598.9634604900
      -0.926750        75.367844   140.10    326.659000000      9603.5492052900
      -0.926750        75.367844   141.70    326.851000000      9614.8418580900
      -0.926750        75.367844   143.30    327.017000000      9624.6106460100
      -0.926750        75.367844   145.00    326.986000000      9622.7859776400
      -0.926750        75.367844   146.70    327.247000000      9638.1539108100
      -0.926750        75.367844   148.40    327.275000000      9639.8033062500
      -0.926750        75.367844   150.10    327.278000000      9639.9800355600
      -0.926750        75.367844   151.90    327.328000000      9642.9257625600
      -0.926750        75.367844   153.60    327.310000000      9641.8652490000
      -0.926750        75.367844   155.50    327.330000000      9643.0436010000
      -0.926750        75.367844   157.30    327.462000000      9650.8225299600
      -0.926750        75.367844   159.00    327.531000000      9654.8900364900
      -0.926750        75.367844   160.80    327.473000000      9651.4709156100
      -0.926750        75.367844   162.50    327.463000000      9650.8814732100
      -0.926750        75.367844   164.40    327.466000000      9651.0583040400
      -0.926750        75.367844   166.20    327.430000000      9648.9364410000
      -0.926750        75.367844   168.10    327.385000000      9646.2844402500
      -0.926750        75.367844   170.00    327.336000000      9643.3971206400
      -0.926750        75.367844   171.70    327.360000000      9644.8112640000
      -0.926750        75.367844   173.60    327.329000000      9642.9846816900
      -0.926750        75.367844   175.50    327.295000000      9640.9815322500
      -0.926750        75.367844   177.50    327.271000000      9639.5676696900
      -0.926750        75.367844   179.30    327.153000000      9632.6176868100
      -0.926750        75.367844   181.20    327.094000000      9629.1436352400
      -0.926750        75.367844   183.20    327.210000000      9635.9745690000
      -0.926750        75.367844   185.00    327.255000000      9638.6251522500
      -0.926750        75.367844   187.10    327.140000000      9631.8521640000
      -0.926750        75.367844   189.00    327.383000000      9646.1665820100
      -0.926750        75.367844   190.90    327.386000000      9646.3433696400
      -0.926750        75.367844   192.90    327.366000000      9645.1648160400
      -0.926750        75.367844   195.00    327.321000000      9642.5133336900
      -0.926750        75.367844   196.90    327.571000000      9657.2484036900
      -0.926750        75.367844   199.00    327.598000000      9658.8404643600
      -0.926750        75.367844   201.00    327.573000000      9657.3663296100
      -0.926750        75.367844   203.00    327.456000000      9650.4688742400
      -0.926750        75.367844   205.10    327.457000000      9650.5278164100
      -0.926750        75.367844   207.20    327.604000000      9659.1942734400
      -0.926750        75.367844   209.20    327.631000000      9660.7864944900
      -0.926750        75.367844   211.30    327.610000000      9659.5480890000
      -0.926750        75.367844   213.50    327.631000000      9660.7864944900
      -0.926750        75.367844   215.50    327.573000000      9657.3663296100
      -0.926750        75.367844   217.70    327.578000000      9657.6611475600
      -0.926750        75.367844   219.70    327.540000000      9655.4206440000
      -0.926750        75.367844   221.90    327.462000000      9650.8225299600
      -0.926750        75.367844   224.00    327.458000000      9650.5867587600
      -0.926750        75.367844   226.20    327.460000000      9650.7046440000
      -0.926750        75.367844   228.30    327.499000000      9653.0035500900
      -0.926750        75.367844   230.40    327.470000000      9651.2940810000
      -0.926750        75.367844   232.60    327.391000000      9646.6380192900
      -0.926750        75.367844   234.70    327.165000000      9633.3243502500
      -0.926750        75.367844   236.80    327.379000000      9645.9308676900
      -0.926750        75.367844   239.00    327.375000000      9645.6951562500
      -0.926750        75.367844   241.20    327.334000000      9643.2792800400
      -0.926750        75.367844   243.30    327.228000000      9637.0347585600
      -0.926750        75.367844   245.50    327.291000000      9640.7458812900
      -0.926750        75.367844   247.70    327.472000000      9651.4119705600
      -0.926750        75.367844   249.80    327.496000000      9652.8267014400
      -0.926750        75.367844   252.10    327.394000000      9646.8148112400
      -0.926750        75.367844   254.20    327.268000000      9639.3909441600
      -0.926750        75.367844   256.40    327.105000000      9629.7912922500
      -0.926750        75.367844   258.60    327.068000000      9627.6128961600
      -0.926750        75.367844   260.90    326.963000000      9621.4323032100
      -0.926750        75.367844   263.10    327.006000000      9623.9631632400
      -0.926750        75.367844   265.30    326.979000000      9622.3739796900
      -0.926750        75.367844   267.60    326.977000000      9622.2562676100
      -0.926750        75.367844   269.80    327.043000000      9626.1411464100
      -0.926750        75.367844   272.10    326.970000000      9621.8442810000
      -0.926750        75.367844   274.30    327.015000000      9624.4929202500
      -0.926750        75.367844   276.60    327.071000000      9627.7895136900
      -0.926750        75.367844   278.90    327.080000000      9628.3193760000
      -0.926750        75.367844   281.10    327.065000000      9627.4362802500
      -0.926750        75.367844   283.50    327.187000000      9634.6199672100
      -0.926750        75.367844   285.70    327.105000000      9629.7912922500
      -0.926750        75.367844   288.00    327.353000000      9644.3987948100
      -0.926750        75.367844   290.40    327.536000000      9655.1848166400
      -0.926750        75.367844   292.60    327.504000000      9653.2983014400
      -0.926750        75.367844   295.00    327.541000000      9655.4796012900
      -0.926750        75.367844   297.40    327.573000000      9657.3663296100
      -0.926750        75.367844   302.80    327.524000000      9654.4773518400
      -0.926750        75.367844   314.60    327.698000000      9664.7381283600
      -0.926750        75.367844   326.60    327.729000000      9666.5667696900
      -0.926750        75.367844   338.80    327.687000000      9664.0892972100
      -0.926750        75.367844   350.90    327.833000000      9672.7028300100
      -0.926750        75.367844   363.20    327.543000000      9655.5975164100
      -0.926750        75.367844   374.70    327.387000000      9646.4022992100
      -0.926750        75.367844   382.60    327.412000000      9647.8755969600
      -0.926750        75.367844   390.60    326.974000000      9622.0797008400
      -0.926750        75.367844   398.90    327.109000000      9630.0268092900
      -0.926750        75.367844   407.50    327.143000000      9632.0288204100
      -0.926750        75.367844   416.40    326.889000000      9617.0776488900
      -0.926750        75.367844   425.70    326.703000000      9606.1365188100
      -0.926750        75.367844   435.30    326.762000000      9609.6064179600
      -0.926750        75.367844   445.10    326.747000000      9608.7241808100
      -0.926750        75.367844   455.00    326.571000000      9598.3756236900
      -0.926750        75.367844   465.10    326.352000000      9585.5065113600
      -0.926750        75.367844   475.40    326.151000000      9573.7027320900
      -0.926750        75.367844   485.90    326.264000000      9580.3377926400
      -0.926750        75.367844   496.60    326.274000000      9580.9250768400
      -0.926750        75.367844   507.70    326.039000000      9567.1286568900
      -0.926750        75.367844   519.10    325.715000000      9548.1235102500
      -0.926750        75.367844   530.70    326.074000000      9569.1828128400
      -0.926750        75.367844   542.40    326.654000000      9603.2552144400
      -0.926750        75.367844   554.30    327.026000000      9625.1404208400
      -0.926750        75.367844   566.60    327.190000000      9634.7966490000
      -0.926750        75.367844   579.00    327.503000000      9653.2393508100
      -0.926750        75.367844   591.50    327.670000000      9663.0866010000
      -0.926750        75.367844   604.20    327.981000000      9681.4382724900
      -0.926750        75.367844   615.10    328.067000000      9686.5160840100
      -0.926750        75.367844   623.10    328.048000000      9685.3941273600
      -0.926750        75.367844   631.40    328.050000000      9685.5122250000
      -0.926750        75.367844   639.90    328.059000000      9686.0436732900
      -0.926750        75.367844   648.60    327.934000000      9678.6637520400
      -0.926750        75.367844   657.40    327.966000000      9680.5527440400
      -0.926750        75.367844   666.40    327.592000000      9658.4866617600
      -0.926750        75.367844   675.80    327.658000000      9662.3788467600
      -0.926750        75.367844   685.40    327.379000000      9645.9308676900
      -0.926750        75.367844   695.30    327.085000000      9628.6137502500
      -0.926750        75.367844   705.50    326.381000000      9587.2101444900
      -0.926750        75.367844   715.70    325.901000000      9559.0315620900
      -0.926750        75.367844   726.10    325.734000000      9549.2374880400
      -0.926750        75.367844   736.60    325.686000000      9546.4233536400
      -0.926750        75.367844   747.30    325.696000000      9547.0095974400
      -0.926750        75.367844   758.10    325.573000000      9539.8000496100
      -0.926750        75.367844   780.30    325.558000000      9538.9210227600
      -0.926750        75.367844   791.80    325.296000000      9523.5738854400
      -0.926750        75.367844   803.40    324.889000000      9499.7576088900
      -0.926750        75.367844   815.30    324.750000000      9491.6306250000
      -0.926750        75.367844   827.30    325.072000000      9510.4624665600
      -0.926750        75.367844   839.60    324.877000000      9499.0558616100
      -0.926750        75.367844   851.90    324.540000000      9479.3590440000
      -0.926750        75.367844   864.40    324.193000000      9459.0991124100
      -0.926750        75.367844   876.20    323.946000000      9444.6909824400
      -0.926750        75.367844   884.10    324.226000000      9461.0249168400
      -0.926750        75.367844   892.10    324.510000000      9477.6066090000
      -0.926750        75.367844   900.30    324.657000000      9486.1950884100
      -0.926750        75.367844   908.70    324.992000000      9505.7820057600
      -0.926750        75.367844   926.10    324.797000000      9494.3782088100
      -0.926750        75.367844   935.10    324.915000000      9501.2781502500
      -0.926750        75.367844   944.20    324.912000000      9501.1026969600
      -0.926750        75.367844   953.60    324.581000000      9481.7543004900
      -0.926750        75.367844   963.00    323.584000000      9423.5944550400
      -0.926750        75.367844   972.60    322.911000000      9384.4362528900
      -0.926750        75.367844   982.60    322.999000000      9389.5518600900
      -0.926750        75.367844   992.80    322.803000000      9378.1599128100
      -0.926750        75.367844  1003.10    321.844000000      9322.5204302400
      -0.926750        75.367844  1024.00    321.645000000      9310.9955422500
      -0.926750        75.367844  1034.90    320.794000000      9261.7911392400
      -0.926750        75.367844  1045.80    320.107000000      9222.1642304100
      -0.926750        75.367844  1056.90    319.576000000      9191.5937798400
      -0.926750        75.367844  1068.10    319.585000000      9192.1115002500
      -0.926750        75.367844  1090.90    319.147000000      9166.9326848100
      -0.926750        75.367844  1114.50    319.288000000      9175.0344249600
      -0.926750        75.367844  1139.10    320.544000000      9247.3610342400
      -0.926750        75.367844  1156.00    320.809000000      9262.6573032900
      -0.926750        75.367844  1172.50    320.907000000      9268.3172384100
      -0.926750        75.367844  1189.70    320.907000000      9268.3172384100
      -0.926750        75.367844  1207.60    320.715000000      9257.2300102500
      -0.926750        75.367844  1226.10    320.325000000      9234.7295062500
      -0.926750        75.367844  1245.20    319.685000000      9197.8649302500
      -0.926750        75.367844  1265.00    318.503000000      9129.9744908100
      -0.926750        75.367844  1306.70    316.502000000      9015.6164403600
      -0.926750        75.367844  1328.50    315.479000000      8957.4299496900
      -0.926750        75.367844  1401.45    314.047000000      8876.2966388100
      -0.926750        75.367844  1451.10    313.829000000      8863.9777116900
      -0.926750        75.367844  1487.60    313.830000000      8864.0342010000
      -0.926750        75.367844  1527.10    313.936000000      8870.0230886400
      -0.926750        75.367844  1547.90    313.578000000      8849.8045875600
      -0.926750        75.367844  1569.70    313.618000000      8852.0624931600
      -0.926750        75.367844  1592.30    313.615000000      8851.8931402500
      -0.926750        75.367844  1659.10    312.716000000      8801.2166990400
      -0.926750        75.367844  1732.40    310.485000000      8676.0841702500
      -0.926750        75.367844  1752.70    309.960000000      8646.7681440000
      -0.926750        75.367844  1774.20    308.923000000      8589.0077936100
      -0.926750        75.367844  1819.80    307.215000000      8494.2950602500
      -0.926750        75.367844  1890.40    305.001000000      8372.3049000900
      -0.926750        75.367844  1906.90    304.622000000      8351.5106595600
      -0.926750        75.367844  1941.80    303.494000000      8289.7747232400
      -0.926750        75.367844  1960.30    302.966000000      8260.9557440400
      -0.926750        75.367844  1979.40    302.417000000      8231.0437700100
      -0.926750        75.367844  1996.47    302.198000000      8219.1268083600
       0.755050        69.545601    44.25    323.781000000      9435.0722364900
       0.755050        69.545601    48.18    323.801000000      9436.2378840900
       0.755050        69.545601    50.79    323.786000000      9435.3636416400
       0.755050        69.545601    54.51    323.376000000      9411.4833638400
       0.755050        69.545601    58.06    323.119000000      9396.5299344900
       0.755050        69.545601    63.94    322.107000000      9337.7627504100
       0.755050        69.545601    65.50    320.564000000      9248.5150286400
       0.755050        69.545601    67.01    320.253000000      9230.5785608100
       0.755050        69.545601    69.58    319.723000000      9200.0517056100
       0.755050        69.545601    71.36    319.006000000      9158.8345232400
       0.755050        69.545601    74.33    317.080000000      9048.5753760000
       0.755050        69.545601    76.25    316.095000000      8992.4444122500
       0.755050        69.545601    78.95    314.865000000      8922.5971402500
       0.755050        69.545601    82.28    312.208000000      8772.6451737600
       0.755050        69.545601    84.75    309.872000000      8641.8590745600
       0.755050        69.545601    87.16    308.709000000      8577.1122012900
       0.755050        69.545601    90.96    307.322000000      8500.2130515600
       0.755050        69.545601    92.48    306.865000000      8474.9515402500
       0.755050        69.545601    95.59    306.865000000      8474.9515402500
       0.755050        69.545601   100.01    306.714000000      8466.6130016400
       0.755050        69.545601   104.37    306.633000000      8462.1417020100
       0.755050        69.545601   109.37    306.732000000      8467.6067841600
       0.755050        69.545601   114.53    306.749000000      8468.5454100900
       0.755050        69.545601   119.85    306.716000000      8466.7234190400
       0.755050        69.545601   124.12    306.682000000      8464.8464211600
       0.755050        69.545601   129.68    306.731000000      8467.5515724900
       0.755050        69.545601   134.83    306.690000000      8465.2880490000
       0.755050        69.545601   139.88    306.699000000      8465.7848940900
       0.755050        69.545601   144.80    306.621000000      8461.4793876900
       0.755050        69.545601   149.96    306.595000000      8460.0444622500
       0.755050        69.545601   154.85    306.430000000      8450.9410410000
       0.755050        69.545601   159.63    306.349000000      8446.4738820900
       0.755050        69.545601   164.58    306.501000000      8454.8576700900
       0.755050        69.545601   169.83    306.231000000      8439.9682824900
       0.755050        69.545601   173.63    306.414000000      8450.0585456400
       0.755050        69.545601   178.76    306.375000000      8447.9076562500
       0.755050        69.545601   184.48    306.161000000      8436.1102128900
       0.755050        69.545601   189.58    306.059000000      8430.4900332900
       0.755050        69.545601   194.74    305.910000000      8422.2835290000
       0.755050        69.545601   199.43    305.864000000      8419.7507846400
       0.755050        69.545601   204.81    306.112000000      8433.4100889600
       0.755050        69.545601   209.88    306.112000000      8433.4100889600
       0.755050        69.545601   214.73    305.780000000      8415.1267560000
       0.755050        69.545601   219.39    306.012000000      8427.9009729600
       0.755050        69.545601   224.35    305.965000000      8425.3123102500
       0.755050        69.545601   229.74    305.995000000      8426.9646022500
       0.755050        69.545601   234.43    306.029000000      8428.8373956900
       0.755050        69.545601   238.73    305.964000000      8425.2572366400
       0.755050        69.545601   244.42    305.952000000      8424.5963673600
       0.755050        69.545601   249.82    305.914000000      8422.5037856400
       0.755050        69.545601   254.78    305.670000000      8409.0734010000
       0.755050        69.545601   259.74    305.975000000      8425.8630562500
       0.755050        69.545601   264.73    305.915000000      8422.5588502500
       0.755050        69.545601   269.56    305.610000000      8405.7724890000
       0.755050        69.545601   274.54    305.819000000      8417.2734684900
       0.755050        69.545601   279.72    305.692000000      8410.2838977600
       0.755050        69.545601   284.87    305.846000000      8418.7598144400
       0.755050        69.545601   289.82    305.876000000      8420.4114638400
       0.755050        69.545601   294.59    305.585000000      8404.3973002500
       0.755050        69.545601   299.61    305.435000000      8396.1485302500
       0.755050        69.545601   304.62    305.591000000      8404.7273352900
       0.755050        69.545601   309.62    305.250000000      8385.9806250000
       0.755050        69.545601   314.52    305.156000000      8380.8165902400
       0.755050        69.545601   319.78    305.293000000      8388.3434264100
       0.755050        69.545601   324.77    305.458000000      8397.4130787600
       0.755050        69.545601   329.65    305.396000000      8394.0045134400
       0.755050        69.545601   334.64    305.365000000      8392.3004902500
       0.755050        69.545601   339.68    305.371000000      8392.6302876900
       0.755050        69.545601   344.56    305.043000000      8374.6108664100
       0.755050        69.545601   349.48    305.259000000      8386.4751372900
       0.755050        69.545601   354.58    305.281000000      8387.6840064900
       0.755050        69.545601   359.67    304.976000000      8370.9324518400
       0.755050        69.545601   364.65    305.016000000      8373.1284230400
       0.755050        69.545601   369.69    305.149000000      8380.4320980900
       0.755050        69.545601   374.76    304.905000000      8367.0353122500
       0.755050        69.545601   379.67    304.899000000      8366.7060180900
       0.755050        69.545601   384.60    305.194000000      8382.9039872400
       0.755050        69.545601   394.67    304.794000000      8360.9444192400
       0.755050        69.545601   399.60    305.187000000      8382.5194472100
       0.755050        69.545601   404.59    305.143000000      8380.1025404100
       0.755050        69.545601   409.69    305.106000000      8378.0704112400
       0.755050        69.545601   419.55    304.836000000      8363.2488206400
       0.755050        69.545601   424.51    305.273000000      8387.2444076100
       0.755050        69.545601   429.80    305.073000000      8376.2581796100
       0.755050        69.545601   444.62    305.033000000      8374.0617980100
       0.755050        69.545601   449.60    304.873000000      8365.2791516100
       0.755050        69.545601   454.61    304.552000000      8347.6728633600
       0.755050        69.545601   459.64    304.788000000      8360.6152449600
       0.755050        69.545601   489.58    304.540000000      8347.0150440000
       0.755050        69.545601   494.08    304.284000000      8332.9877390400
       0.755050        69.545601   498.94    304.476000000      8343.5071118400
       0.755050        69.545601   509.66    304.164000000      8326.4165006400
       0.755050        69.545601   519.73    304.108000000      8323.3508097600
       0.755050        69.545601   529.65    304.071000000      8321.3255736900
       0.755050        69.545601   539.66    304.081000000      8321.8729104900
       0.755050        69.545601   559.15    304.156000000      8325.9785102400
       0.755050        69.545601   579.73    303.976000000      8316.1267718400
       0.755050        69.545601   589.67    304.144000000      8325.3215462400
       0.755050        69.545601   598.42    304.212000000      8329.0446849600
       0.755050        69.545601   609.31    304.069000000      8321.2161084900
       0.755050        69.545601   619.72    303.929000000      8313.5553336900
       0.755050        69.545601   629.23    303.895000000      8311.6953922500
       0.755050        69.545601   649.22    304.138000000      8324.9930739600
       0.755050        69.545601   659.66    304.094000000      8322.5844752400
       0.755050        69.545601   669.13    303.948000000      8314.5948033600
       0.755050        69.545601   679.66    303.944000000      8314.3759622400
       0.755050        69.545601   709.65    304.122000000      8324.1171795600
       0.755050        69.545601   719.01    303.960000000      8315.2513440000
       0.755050        69.545601   729.12    303.857000000      8309.6168804100
       0.755050        69.545601   749.67    303.784000000      8305.6246790400
       0.755050        69.545601   758.40    303.859000000      8309.7262692900
       0.755050        69.545601   789.20    304.026000000      8318.8627808400
       0.755050        69.545601   799.72    303.996000000      8317.2211214400
       0.755050        69.545601   809.68    303.779000000      8305.3512756900
       0.755050        69.545601   819.05    303.766000000      8304.6404480400
       0.755050        69.545601   829.74    303.933000000      8313.7741640100
       0.755050        69.545601   859.71    303.744000000      8303.4375782400
       0.755050        69.545601   869.63    303.414000000      8285.4049856400
       0.755050        69.545601   879.59    303.571000000      8293.9816836900
       0.755050        69.545601   899.23    303.445000000      8287.0981222500
       0.755050        69.545601   909.24    303.329000000      8280.7634016900
       0.755050        69.545601   919.22    303.287000000      8278.4703932100
       0.755050        69.545601   939.65    302.905000000      8257.6295122500
       0.755050        69.545601   949.66    302.726000000      8247.8727968400
       0.755050        69.545601   959.62    302.522000000      8236.7604435600
       0.755050        69.545601   988.83    301.347000000      8172.9012968100
       0.755050        69.545601   999.55    301.003000000      8154.2525408100
       0.755050        69.545601  1009.40    300.642000000      8134.7050947600
       0.755050        69.545601  1019.45    300.092000000      8104.9687617600
       0.755050        69.545601  1029.59    299.519000000      8074.0468224900
       0.755050        69.545601  1039.42    299.486000000      8072.2677776400
       0.755050        69.545601  1049.31    299.023000000      8047.3279076100
       0.755050        69.545601  1058.81    298.288000000      8007.8157849600
       0.755050        69.545601  1069.52    297.215000000      7950.3080602500
       0.755050        69.545601  1079.65    296.604000000      7917.6539534400
       0.755050        69.545601  1089.42    296.618000000      7918.4014131600
       0.755050        69.545601  1098.52    296.421000000      7907.8868316900
       0.755050        69.545601  1109.24    297.351000000      7957.5855480900
       0.755050        69.545601  1119.82    298.631000000      8026.2426744900
       0.755050        69.545601  1129.77    300.205000000      8111.0737822500
       0.755050        69.545601  1139.86    302.491000000      8235.0724572900
       0.755050        69.545601  1148.91    304.053000000      8320.3404128100
       0.755050        69.545601  1158.57    305.003000000      8372.4147008100
       0.755050        69.545601  1169.64    305.449000000      8396.9182440900
       0.755050        69.545601  1179.73    305.613000000      8405.9375192100
       0.755050        69.545601  1189.72    306.295000000      8443.4964322500
       0.755050        69.545601  1199.19    306.482000000      8453.8094691600
       0.755050        69.545601  1209.03    306.679000000      8464.6808136900
       0.755050        69.545601  1219.00    306.827000000      8472.8527136100
       0.755050        69.545601  1229.46    307.008000000      8482.8520857600
       0.755050        69.545601  1239.05    307.060000000      8485.7259240000
       0.755050        69.545601  1249.52    307.110000000      8488.4896890000
       0.755050        69.545601  1259.20    307.559000000      8513.3284632900
       0.755050        69.545601  1269.50    307.612000000      8516.2628289600
       0.755050        69.545601  1279.53    307.610000000      8516.1520890000
       0.755050        69.545601  1288.82    307.955000000      8535.2653822500
       0.755050        69.545601  1298.98    308.017000000      8538.7025060100
       0.755050        69.545601  1309.42    307.901000000      8532.2723220900
       0.755050        69.545601  1319.42    307.914000000      8532.9928256400
       0.755050        69.545601  1329.46    307.864000000      8530.2218246400
       0.755050        69.545601  1338.67    307.911000000      8532.8265528900
       0.755050        69.545601  1349.38    307.827000000      8528.1715736100
       0.755050        69.545601  1359.51    307.760000000      8524.4595840000
       0.755050        69.545601  1369.47    307.971000000      8536.1523156900
       0.755050        69.545601  1378.93    307.756000000      8524.2379982400
       0.755050        69.545601  1389.34    307.838000000      8528.7810819600
       0.755050        69.545601  1399.16    307.878000000      8530.9976595600
       0.755050        69.545601  1408.87    307.867000000      8530.3880720100
       0.755050        69.545601  1418.80    307.806000000      8527.0080272400
       0.755050        69.545601  1428.99    307.893000000      8531.8289504100
       0.755050        69.545601  1439.46    307.769000000      8524.9581624900
       0.755050        69.545601  1449.52    307.682000000      8520.1391811600
       0.755050        69.545601  1459.52    307.627000000      8517.0934016100
       0.755050        69.545601  1469.12    307.516000000      8510.9481230400
       0.755050        69.545601  1479.52    307.527000000      8511.5570156100
       0.755050        69.545601  1488.47    307.529000000      8511.6677256900
       0.755050        69.545601  1499.32    307.348000000      8501.6513793600
       0.755050        69.545601  1509.70    307.288000000      8498.3323449600
       0.755050        69.545601  1519.68    307.183000000      8492.5255940100
       0.755050        69.545601  1529.26    307.256000000      8496.5624582400
       0.755050        69.545601  1539.48    307.183000000      8492.5255940100
       0.755050        69.545601  1549.60    307.338000000      8501.0981619600
       0.755050        69.545601  1558.86    307.332000000      8500.7662401600
       0.755050        69.545601  1569.70    307.330000000      8500.6556010000
       0.755050        69.545601  1579.64    307.276000000      8497.6686158400
       0.755050        69.545601  1589.71    307.162000000      8491.3644819600
       0.755050        69.545601  1599.14    307.180000000      8492.3597160000
       0.755050        69.545601  1609.13    307.220000000      8494.5715560000
       0.755050        69.545601  1619.03    307.030000000      8484.0678810000
       0.755050        69.545601  1628.24    307.012000000      8483.0731329600
       0.755050        69.545601  1639.65    306.961000000      8480.2549968900
       0.755050        69.545601  1649.17    307.006000000      8482.7415632400
       0.755050        69.545601  1659.13    306.981000000      8481.3600924900
       0.755050        69.545601  1669.13    306.880000000      8475.7800960000
       0.755050        69.545601  1679.69    306.856000000      8474.4544262400
       0.755050        69.545601  1689.13    306.805000000      8471.6377222500
       0.755050        69.545601  1699.56    306.678000000      8464.6256115600
       0.755050        69.545601  1719.49    306.569000000      8458.6096584900
       0.755050        69.545601  1729.01    306.352000000      8446.6393113600
       0.755050        69.545601  1739.70    306.270000000      8442.1181610000
       0.755050        69.545601  1749.61    306.046000000      8429.7738704400
       0.755050        69.545601  1759.54    306.040000000      8429.4433440000
       0.755050        69.545601  1768.08    305.937000000      8423.7703172100
       0.755050        69.545601  1779.52    305.868000000      8419.9710081600
       0.755050        69.545601  1789.77    305.614000000      8405.9925296400
       0.755050        69.545601  1799.80    305.562000000      8403.1322259600
       0.755050        69.545601  1809.66    305.424000000      8395.5437798400
       0.755050        69.545601  1819.24    305.255000000      8386.2553522500
       0.755050        69.545601  1829.72    305.145000000      8380.2123922500
       0.755050        69.545601  1839.61    305.039000000      8374.3912368900
       0.755050        69.545601  1849.60    304.787000000      8360.5603832100
       0.755050        69.545601  1859.06    304.815000000      8362.0965802500
       0.755050        69.545601  1869.02    304.528000000      8346.3572505600
       0.755050        69.545601  1879.06    304.343000000      8336.2195484100
       0.755050        69.545601  1889.01    304.188000000      8327.7305409600
       0.755050        69.545601  1899.04    304.042000000      8319.7383987600
       0.755050        69.545601  1909.05    303.800000000      8306.4996000000
       0.755050        69.545601  1929.56    303.706000000      8301.3600992400
       0.755050        69.545601  1939.56    303.469000000      8288.4090564900
       0.755050        69.545601  1949.62    303.373000000      8283.1659416100
       0.755050        69.545601  1958.10    303.236000000      8275.6864526400
       0.755050        69.545601  1969.17    303.013000000      8263.5190352100
       0.755050        69.545601  1978.96    302.887000000      8256.6481292100
       0.755050        69.545601  1989.49    302.581000000      8239.9735404900
       0.755050        69.545601  1995.00    302.499000000      8235.5080500900
       0.755050        69.545601  2014.51    302.471000000      8233.9835256900
       0.097930        67.647141    17.79    305.897000000      8421.5677148100
       0.097930        67.647141    19.67    305.367000000      8392.4104220100
       0.097930        67.647141    25.38    303.423000000      8285.8965236100
       0.097930        67.647141    27.88    303.894000000      8311.6406912400
       0.097930        67.647141    31.64    304.000000000      8317.4400000000
       0.097930        67.647141    34.00    303.538000000      8292.1785699600
       0.097930        67.647141    35.61    304.590000000      8349.7561290000
       0.097930        67.647141    39.96    304.476000000      8343.5071118400
       0.097930        67.647141    42.69    303.933000000      8313.7741640100
       0.097930        67.647141    44.59    303.766000000      8304.6404480400
       0.097930        67.647141    47.38    302.968000000      8261.0648121600
       0.097930        67.647141    49.38    302.119000000      8214.8301144900
       0.097930        67.647141    54.50    302.752000000      8249.2896153600
       0.097930        67.647141    59.57    302.087000000      8213.0900012100
       0.097930        67.647141    64.60    300.352000000      8119.0191513600
       0.097930        67.647141    67.73    299.695000000      8083.5383722500
       0.097930        67.647141    69.90    299.012000000      8046.7358529600
       0.097930        67.647141    72.95    298.380000000      8012.7561960000
       0.097930        67.647141    75.03    298.343000000      8010.7691084100
       0.097930        67.647141    78.06    298.373000000      8012.3802416100
       0.097930        67.647141    80.11    298.262000000      8006.4198579600
       0.097930        67.647141    83.22    298.833000000      8037.1045700100
       0.097930        67.647141    85.42    298.943000000      8043.0225524100
       0.097930        67.647141    88.48    299.512000000      8073.6694329600
       0.097930        67.647141    90.54    300.203000000      8110.9657088100
       0.097930        67.647141    93.77    300.604000000      8132.6488334400
       0.097930        67.647141    95.85    300.967000000      8152.3021580100
       0.097930        67.647141    99.01    301.202000000      8165.0380323600
       0.097930        67.647141   109.01    302.656000000      8244.0588902400
       0.097930        67.647141   118.81    302.714000000      8247.2189216400
       0.097930        67.647141   124.12    303.012000000      8263.4644929600
       0.097930        67.647141   129.07    302.840000000      8254.0859040000
       0.097930        67.647141   133.94    303.127000000      8269.7380316100
       0.097930        67.647141   138.87    303.061000000      8266.1372748900
       0.097930        67.647141   143.95    303.823000000      8307.7573796100
       0.097930        67.647141   148.85    304.221000000      8329.5375156900
       0.097930        67.647141   154.01    303.903000000      8312.1330068100
       0.097930        67.647141   159.02    303.479000000      8288.9553096900
       0.097930        67.647141   163.92    302.032000000      8210.0996121600
       0.097930        67.647141   168.90    301.293000000      8169.9724664100
       0.097930        67.647141   178.69    298.894000000      8040.3860912400
       0.097930        67.647141   193.70    296.206000000      7896.4194992400
       0.097930        67.647141   204.15    295.887000000      7879.4205092100
       0.097930        67.647141   209.32    296.902000000      7933.5717843600
       0.097930        67.647141   224.14    294.479000000      7804.6093296900
       0.097930        67.647141   229.05    292.166000000      7682.4874400400
       0.097930        67.647141   239.00    293.515000000      7753.5949702500
       0.097930        67.647141   244.07    294.112000000      7785.1681689600
       0.097930        67.647141   249.24    294.606000000      7811.3425712400
       0.097930        67.647141   258.69    295.781000000      7873.7759964900
       0.097930        67.647141   263.07    296.173000000      7894.6601336100
       0.097930        67.647141   268.57    296.726000000      7924.1687168400
       0.097930        67.647141   288.88    297.673000000      7974.8293436100
       0.097930        67.647141   294.09    297.529000000      7967.1155256900
       0.097930        67.647141   299.36    298.348000000      8011.0376193600
       0.097930        67.647141   304.17    298.336000000      8010.3932006400
       0.097930        67.647141   308.86    299.054000000      8048.9965424400
       0.097930        67.647141   328.91    300.442000000      8123.8855827600
       0.097930        67.647141   338.90    301.355000000      8173.3352422500
       0.097930        67.647141   348.93    301.845000000      8199.9363622500
       0.097930        67.647141   354.00    302.656000000      8244.0588902400
       0.097930        67.647141   358.98    303.055000000      8265.8099722500
       0.097930        67.647141   364.05    303.255000000      8276.7235522500
       0.097930        67.647141   369.04    304.018000000      8318.4249891600
       0.097930        67.647141   373.90    304.198000000      8328.2780883600
       0.097930        67.647141   384.09    303.682000000      8300.0481411600
       0.097930        67.647141   389.04    305.035000000      8374.1716102500
       0.097930        67.647141   393.26    305.135000000      8379.6631402500
       0.097930        67.647141   398.34    305.449000000      8396.9182440900
       0.097930        67.647141   409.30    305.816000000      8417.1083270400
       0.097930        67.647141   414.32    305.988000000      8426.5790529600
       0.097930        67.647141   424.27    306.189000000      8437.6533348900
       0.097930        67.647141   429.23    306.389000000      8448.6797388900
       0.097930        67.647141   433.73    306.529000000      8456.4025056900
       0.097930        67.647141   438.98    306.171000000      8436.6613116900
       0.097930        67.647141   444.01    307.134000000      8489.8164560400
       0.097930        67.647141   449.18    307.396000000      8504.3070734400
       0.097930        67.647141   454.11    307.847000000      8529.2797868100
       0.097930        67.647141   459.00    307.908000000      8532.6602817600
       0.097930        67.647141   463.95    308.338000000      8556.5090019600
       0.097930        67.647141   469.04    307.765000000      8524.7365702500
       0.097930        67.647141   473.93    307.963000000      8535.7088432100
       0.097930        67.647141   483.30    308.847000000      8584.7822468100
       0.097930        67.647141   488.48    308.886000000      8586.9504896400
       0.097930        67.647141   494.12    308.873000000      8586.2277116100
       0.097930        67.647141   499.18    309.035000000      8595.2368102500
       0.097930        67.647141   509.20    309.041000000      8595.5705712900
       0.097930        67.647141   519.17    308.531000000      8567.2240164900
       0.097930        67.647141   528.89    308.931000000      8589.4526484900
       0.097930        67.647141   538.45    308.797000000      8582.0028488100
       0.097930        67.647141   548.60    308.579000000      8569.8899316900
       0.097930        67.647141   559.26    308.579000000      8569.8899316900
       0.097930        67.647141   567.86    308.378000000      8558.7291795600
       0.097930        67.647141   578.09    307.943000000      8534.6002124100
       0.097930        67.647141   588.88    308.503000000      8565.6690908100
       0.097930        67.647141   598.46    308.488000000      8564.8361529600
       0.097930        67.647141   608.69    308.266000000      8552.5134080400
       0.097930        67.647141   618.99    308.312000000      8555.0660409600
       0.097930        67.647141   628.50    308.323000000      8555.6765096100
       0.097930        67.647141   638.45    308.222000000      8550.0721155600
       0.097930        67.647141   648.30    308.109000000      8543.8040292900
       0.097930        67.647141   658.45    308.077000000      8542.0294136100
       0.097930        67.647141   668.44    307.920000000      8533.3253760000
       0.097930        67.647141   678.43    307.075000000      8486.5550062500
       0.097930        67.647141   688.44    307.600000000      8515.5984000000
       0.097930        67.647141   698.63    307.647000000      8518.2008948100
       0.097930        67.647141   708.46    307.487000000      8509.3429652100
       0.097930        67.647141   718.49    306.918000000      8477.8792851600
       0.097930        67.647141   728.97    307.361000000      8502.3705888900
       0.097930        67.647141   738.98    307.392000000      8504.0857497600
       0.097930        67.647141   748.95    307.396000000      8504.3070734400
       0.097930        67.647141   758.89    307.312000000      8499.6598809600
       0.097930        67.647141   769.10    307.255000000      8496.5071522500
       0.097930        67.647141   778.89    306.546000000      8457.3405104400
       0.097930        67.647141   789.04    307.337000000      8501.0428412100
       0.097930        67.647141   798.37    307.220000000      8494.5715560000
       0.097930        67.647141   808.91    306.621000000      8461.4793876900
       0.097930        67.647141   818.92    307.284000000      8498.1110990400
       0.097930        67.647141   827.97    307.201000000      8493.5208960900
       0.097930        67.647141   838.61    306.597000000      8460.1548368100
       0.097930        67.647141   849.10    307.296000000      8498.7748454400
       0.097930        67.647141   868.71    307.384000000      8503.6431110400
       0.097930        67.647141   888.86    307.454000000      8507.5165904400
       0.097930        67.647141   898.48    307.508000000      8510.5053057600
       0.097930        67.647141   909.14    307.536000000      8512.0552166400
       0.097930        67.647141   918.56    307.538000000      8512.1659299600
       0.097930        67.647141   929.05    306.916000000      8477.7687950400
       0.097930        67.647141   938.34    307.667000000      8519.3084600100
       0.097930        67.647141   948.85    307.776000000      8525.3459558400
       0.097930        67.647141   958.68    307.727000000      8522.6315876100
       0.097930        67.647141   969.07    307.722000000      8522.3546355600
       0.097930        67.647141   979.13    307.720000000      8522.2438560000
       0.097930        67.647141   988.65    307.648000000      8518.2562713600
       0.097930        67.647141   998.53    307.726000000      8522.5761968400
       0.097930        67.647141  1008.37    307.721000000      8522.2992456900
       0.097930        67.647141  1018.52    307.709000000      8521.6345812900
       0.097930        67.647141  1028.41    307.654000000      8518.5885344400
       0.097930        67.647141  1038.24    307.538000000      8512.1659299600
       0.097930        67.647141  1048.57    307.512000000      8510.7267129600
       0.097930        67.647141  1058.80    307.312000000      8499.6598809600
       0.097930        67.647141  1069.06    307.459000000      8507.7933012900
       0.097930        67.647141  1078.50    307.320000000      8500.1024160000
       0.097930        67.647141  1089.05    307.325000000      8500.3790062500
       0.097930        67.647141  1098.58    307.327000000      8500.4896436100
       0.097930        67.647141  1108.41    307.219000000      8494.5162564900
       0.097930        67.647141  1118.56    307.144000000      8490.3693062400
       0.097930        67.647141  1128.48    307.166000000      8491.5856400400
       0.097930        67.647141  1138.50    306.593000000      8459.9340884100
       0.097930        67.647141  1148.81    306.379000000      8448.1282476900
       0.097930        67.647141  1158.55    307.019000000      8483.4599724900
       0.097930        67.647141  1169.15    306.949000000      8479.5919740900
       0.097930        67.647141  1189.07    306.060000000      8430.5451240000
       0.097930        67.647141  1198.86    306.715000000      8466.6682102500
       0.097930        67.647141  1208.44    306.514000000      8455.5748976400
       0.097930        67.647141  1218.39    306.456000000      8452.3751942400
       0.097930        67.647141  1228.56    306.390000000      8448.7348890000
       0.097930        67.647141  1238.93    306.353000000      8446.6944548100
       0.097930        67.647141  1247.85    306.192000000      8437.8186777600
       0.097930        67.647141  1258.63    305.940000000      8423.9355240000
       0.097930        67.647141  1269.05    305.783000000      8415.2918780100
       0.097930        67.647141  1278.93    305.594000000      8404.8923552400
       0.097930        67.647141  1288.51    305.387000000      8393.5097792100
       0.097930        67.647141  1299.03    304.668000000      8354.0331201600
       0.097930        67.647141  1308.94    304.965000000      8370.3286102500
       0.097930        67.647141  1318.53    304.195000000      8328.1138222500
       0.097930        67.647141  1328.98    304.736000000      8357.7626726400
       0.097930        67.647141  1339.04    304.366000000      8337.4795760400
       0.097930        67.647141  1348.49    304.452000000      8342.1918273600
       0.097930        67.647141  1359.06    303.741000000      8303.2735572900
       0.097930        67.647141  1368.94    304.165000000      8326.4712502500
       0.097930        67.647141  1379.11    304.015000000      8318.2608202500
       0.097930        67.647141  1398.66    303.201000000      8273.7761760900
       0.097930        67.647141  1409.02    303.590000000      8295.0199290000
       0.097930        67.647141  1418.43    303.482000000      8289.1191891600
       0.097930        67.647141  1428.57    302.798000000      8251.7965923600
       0.097930        67.647141  1438.89    302.524000000      8236.8693518400
       0.097930        67.647141  1448.60    303.070000000      8266.6282410000
       0.097930        67.647141  1459.17    302.937000000      8259.3743372100
       0.097930        67.647141  1468.36    302.962000000      8260.7376099600
       0.097930        67.647141  1477.84    302.660000000      8244.2768040000
       0.097930        67.647141  1488.72    302.470000000      8233.9290810000
       0.097930        67.647141  1499.02    302.366000000      8228.2678160400
       0.097930        67.647141  1508.92    302.287000000      8223.9687332100
       0.097930        67.647141  1519.13    302.045000000      8210.8063822500
       0.097930        67.647141  1528.64    301.403000000      8175.9391568100
       0.097930        67.647141  1549.07    301.137000000      8161.5143492100
       0.097930        67.647141  1559.09    301.715000000      8192.8747102500
       0.097930        67.647141  1568.91    301.627000000      8188.0962416100
       0.097930        67.647141  1577.86    301.481000000      8180.1714024900
       0.097930        67.647141  1588.73    300.653000000      8135.3003768100
       0.097930        67.647141  1599.07    300.644000000      8134.8133262400
       0.097930        67.647141  1618.63    301.171000000      8163.3574116900
       0.097930        67.647141  1629.07    300.544000000      8129.4026342400
       0.097930        67.647141  1638.86    301.003000000      8154.2525408100
       0.097930        67.647141  1648.58    300.325000000      8117.5595062500
       0.097930        67.647141  1659.05    300.933000000      8150.4603440100
       0.097930        67.647141  1668.62    300.917000000      8149.5936800100
       0.097930        67.647141  1678.64    300.807000000      8143.6366124100
       0.097930        67.647141  1689.00    300.746000000      8140.3340864400
       0.097930        67.647141  1698.61    300.622000000      8133.6228195600
       0.097930        67.647141  1708.48    300.555000000      8129.9977222500
       0.097930        67.647141  1718.55    300.542000000      8129.2944387600
       0.097930        67.647141  1728.35    300.475000000      8125.6703062500
       0.097930        67.647141  1738.39    300.612000000      8133.0817089600
       0.097930        67.647141  1748.21    300.336000000      8118.1541606400
       0.097930        67.647141  1758.62    300.203000000      8110.9657088100
       0.097930        67.647141  1778.97    300.188000000      8110.1551809600
       0.097930        67.647141  1788.74    299.961000000      8097.8941368900
       0.097930        67.647141  1799.21    300.019000000      8101.0260324900
       0.097930        67.647141  1808.99    299.922000000      8095.7885475600
       0.097930        67.647141  1818.52    299.295000000      8061.9747322500
       0.097930        67.647141  1828.99    299.217000000      8057.7731780100
       0.097930        67.647141  1839.01    299.831000000      8090.8765704900
       0.097930        67.647141  1847.84    299.906000000      8094.9247952400
       0.097930        67.647141  1858.64    298.993000000      8045.7132644100
       0.097930        67.647141  1868.99    299.770000000      8087.5847610000
       0.097930        67.647141  1879.12    299.630000000      8080.0323210000
       0.097930        67.647141  1888.56    299.531000000      8074.6937964900
       0.097930        67.647141  1899.06    298.862000000      8038.6645539600
       0.097930        67.647141  1908.59    299.491000000      8072.5373172900
       0.097930        67.647141  1918.54    299.481000000      8071.9982424900
       0.097930        67.647141  1928.37    299.466000000      8071.1896640400
       0.097930        67.647141  1939.01    299.472000000      8071.5130905600
       0.097930        67.647141  1948.34    299.408000000      8068.0635417600
       0.097930        67.647141  1958.35    299.495000000      8072.7529522500
       0.097930        67.647141  1967.68    299.395000000      8067.3629422500
       0.097930        67.647141  1979.07    299.387000000      8066.9318192100
       0.097930        67.647141  1986.26    299.307000000      8062.6212224100
       0.097930        67.647141  2011.85    299.185000000      8056.0497802500
      -2.596950        75.593857    37.00    349.974000000     11023.3620608400
      -2.596950        75.593857    41.17    348.453000000     10927.7543888100
      -2.596950        75.593857    43.88    346.343000000     10795.8126284100
      -2.596950        75.593857    45.70    345.369000000     10735.1771544900
      -2.596950        75.593857    48.48    343.617000000     10626.5378420100
      -2.596950        75.593857    50.48    342.391000000     10550.8437192900
      -2.596950        75.593857    53.49    340.231000000     10418.1420024900
      -2.596950        75.593857    55.56    339.265000000     10359.0666202500
      -2.596950        75.593857    58.72    338.326000000     10301.8034048400
      -2.596950        75.593857    60.91    337.993000000     10281.5341244100
      -2.596950        75.593857    66.47    337.022000000     10222.5445635600
      -2.596950        75.593857    73.28    336.419000000     10185.9969204900
      -2.596950        75.593857    75.49    337.939000000     10278.2490948900
      -2.596950        75.593857    78.89    338.121000000     10289.3229576900
      -2.596950        75.593857    81.08    336.319000000     10179.9422784900
      -2.596950        75.593857    84.36    334.845000000     10090.9056622500
      -2.596950        75.593857    86.49    335.210000000     10112.9169690000
      -2.596950        75.593857    89.56    334.650000000     10079.1560250000
      -2.596950        75.593857    91.65    334.560000000     10073.7354240000
      -2.596950        75.593857    94.66    333.502000000     10010.1225603600
      -2.596950        75.593857    96.65    333.658000000     10019.4894867600
      -2.596950        75.593857    99.61    333.013000000      9980.7892352100
      -2.596950        75.593857   109.70    332.533000000      9952.0376480100
      -2.596950        75.593857   114.80    331.692000000      9901.7624577600
      -2.596950        75.593857   119.77    332.207000000      9932.5341764100
      -2.596950        75.593857   129.73    333.379000000     10002.7401876900
      -2.596950        75.593857   134.78    332.997000000      9979.8301808100
      -2.596950        75.593857   139.63    331.627000000      9897.8820416100
      -2.596950        75.593857   149.65    329.983000000      9799.9902260100
      -2.596950        75.593857   154.59    330.355000000      9822.0983422500
      -2.596950        75.593857   159.46    332.052000000      9923.2677633600
      -2.596950        75.593857   164.50    333.625000000     10017.5076562500
      -2.596950        75.593857   169.54    336.645000000     10199.6870422500
      -2.596950        75.593857   174.63    339.114000000     10349.8474496400
      -2.596950        75.593857   179.71    341.465000000     10493.8511602500
      -2.596950        75.593857   184.64    341.659000000     10505.7785052900
      -2.596950        75.593857   189.54    341.840000000     10516.9127040000
      -2.596950        75.593857   194.59    342.245000000     10541.8476022500
      -2.596950        75.593857   199.64    341.872000000     10518.8817945600
      -2.596950        75.593857   204.57    341.029000000     10467.0700956900
      -2.596950        75.593857   208.96    340.024000000     10405.4688518400
      -2.596950        75.593857   214.00    339.557000000     10376.9060624100
      -2.596950        75.593857   218.85    339.729000000     10387.4214096900
      -2.596950        75.593857   224.72    338.125000000     10289.5664062500
      -2.596950        75.593857   229.71    337.184000000     10232.3744870400
      -2.596950        75.593857   234.77    336.110000000     10167.2938890000
      -2.596950        75.593857   244.78    336.253000000     10175.9472008100
      -2.596950        75.593857   249.82    336.846000000     10211.8704944400
      -2.596950        75.593857   254.75    336.726000000     10204.5959168400
      -2.596950        75.593857   259.68    336.570000000     10195.1428410000
      -2.596950        75.593857   264.82    335.848000000     10151.4491193600
      -2.596950        75.593857   269.70    335.167000000     10110.3226100100
      -2.596950        75.593857   274.78    333.596000000     10015.7662094400
      -2.596950        75.593857   279.71    332.915000000      9974.9157502500
      -2.596950        75.593857   284.66    332.932000000      9975.9344961600
      -2.596950        75.593857   289.55    333.262000000      9995.7204579600
      -2.596950        75.593857   294.60    333.557000000     10013.4245024100
      -2.596950        75.593857   299.67    333.639000000     10018.3484088900
      -2.596950        75.593857   304.61    333.522000000     10011.3232035600
      -2.596950        75.593857   309.62    333.657000000     10019.4294284100
      -2.596950        75.593857   314.57    333.344000000     10000.6400102400
      -2.596950        75.593857   319.55    333.082000000      9984.9256851600
      -2.596950        75.593857   324.55    333.151000000      9989.0629920900
      -2.596950        75.593857   329.55    332.929000000      9975.7547136900
      -2.596950        75.593857   334.58    332.718000000      9963.1140771600
      -2.596950        75.593857   339.63    332.765000000      9965.9290702500
      -2.596950        75.593857   344.53    333.746000000     10024.7753264400
      -2.596950        75.593857   349.59    333.966000000     10037.9960240400
      -2.596950        75.593857   353.86    333.822000000     10029.3414915600
      -2.596950        75.593857   358.89    333.574000000     10014.4452128400
      -2.596950        75.593857   363.97    333.341000000     10000.4600052900
      -2.596950        75.593857   369.75    332.693000000      9961.6169024100
      -2.596950        75.593857   374.74    332.274000000      9936.5409968400
      -2.596950        75.593857   379.71    332.060000000      9923.7459240000
      -2.596950        75.593857   384.64    332.303000000      9938.2755428100
      -2.596950        75.593857   389.79    332.801000000      9968.0855040900
      -2.596950        75.593857   394.68    333.043000000      9982.5875864100
      -2.596950        75.593857   399.73    332.830000000      9969.8228010000
      -2.596950        75.593857   404.71    332.971000000      9978.2718156900
      -2.596950        75.593857   409.76    333.941000000     10036.4932332900
      -2.596950        75.593857   414.80    334.070000000     10044.2488410000
      -2.596950        75.593857   419.76    334.100000000     10046.0529000000
      -2.596950        75.593857   424.70    334.137000000     10048.2781292100
      -2.596950        75.593857   429.72    333.667000000     10020.0300200100
      -2.596950        75.593857   434.71    333.560000000     10013.6046240000
      -2.596950        75.593857   439.62    333.765000000     10025.9167702500
      -2.596950        75.593857   444.66    334.026000000     10041.6031808400
      -2.596950        75.593857   449.65    334.346000000     10060.8522944400
      -2.596950        75.593857   454.65    334.339000000     10060.4310228900
      -2.596950        75.593857   459.63    334.350000000     10061.0930250000
      -2.596950        75.593857   464.61    334.376000000     10062.6578438400
      -2.596950        75.593857   469.66    334.543000000     10072.7116964100
      -2.596950        75.593857   474.58    334.639000000     10078.4934288900
      -2.596950        75.593857   484.66    334.492000000     10069.6408257600
      -2.596950        75.593857   489.59    334.547000000     10072.9525688100
      -2.596950        75.593857   494.62    334.577000000     10074.7592036100
      -2.596950        75.593857   499.08    334.599000000     10076.0841720900
      -2.596950        75.593857   508.39    334.656000000     10079.5174502400
      -2.596950        75.593857   519.32    334.626000000     10077.7103888400
      -2.596950        75.593857   529.74    334.848000000     10091.0864793600
      -2.596950        75.593857   539.24    334.777000000     10086.8075756100
      -2.596950        75.593857   549.19    334.971000000     10098.5013756900
      -2.596950        75.593857   559.68    335.125000000     10107.7889062500
      -2.596950        75.593857   569.72    335.125000000     10107.7889062500
      -2.596950        75.593857   579.14    335.090000000     10105.6777290000
      -2.596950        75.593857   589.10    334.716000000     10083.1320590400
      -2.596950        75.593857   599.79    334.729000000     10083.9153096900
      -2.596950        75.593857   609.16    334.794000000     10087.8320192400
      -2.596950        75.593857   619.09    334.945000000     10096.9337722500
      -2.596950        75.593857   629.59    335.001000000     10100.3103000900
      -2.596950        75.593857   639.64    334.956000000     10097.5969742400
      -2.596950        75.593857   649.57    335.039000000     10102.6018368900
      -2.596950        75.593857   658.39    335.124000000     10107.7285838400
      -2.596950        75.593857   669.38    335.107000000     10106.7031304100
      -2.596950        75.593857   679.28    335.082000000     10105.1952051600
      -2.596950        75.593857   689.23    335.040000000     10102.6621440000
      -2.596950        75.593857   699.76    334.848000000     10091.0864793600
      -2.596950        75.593857   709.66    334.675000000     10080.6620062500
      -2.596950        75.593857   729.66    334.025000000     10041.5430562500
      -2.596950        75.593857   739.80    334.109000000     10046.5941492900
      -2.596950        75.593857   749.66    334.136000000     10048.2179846400
      -2.596950        75.593857   759.19    334.218000000     10053.1504371600
      -2.596950        75.593857   769.09    333.875000000     10032.5264062500
      -2.596950        75.593857   789.15    333.080000000      9984.8057760000
      -2.596950        75.593857   799.07    333.005000000      9980.3097022500
      -2.596950        75.593857   809.62    333.167000000      9990.0224900100
      -2.596950        75.593857   829.49    333.215000000      9992.9012602500
      -2.596950        75.593857   839.30    333.132000000      9987.9236481600
      -2.596950        75.593857   849.28    332.994000000      9979.6503632400
      -2.596950        75.593857   869.23    332.788000000      9967.3067649600
      -2.596950        75.593857   879.65    332.448000000      9946.9505433600
      -2.596950        75.593857   929.04    331.630000000      9898.0611210000
      -2.596950        75.593857   969.66    331.458000000      9887.7965187600
      -2.596950        75.593857   979.68    330.923000000      9855.9028736100
      -2.596950        75.593857   989.67    330.179000000      9811.6354836900
      -2.596950        75.593857  1009.19    328.765000000      9727.7782702500
      -2.596950        75.593857  1049.08    327.981000000      9681.4382724900
      -2.596950        75.593857  1069.05    327.295000000      9640.9815322500
      -2.596950        75.593857  1119.76    327.417000000      9648.1702700100
      -2.596950        75.593857  1139.15    327.664000000      9662.7327206400
      -2.596950        75.593857  1159.21    327.882000000      9675.5945331600
      -2.596950        75.593857  1189.13    327.755000000      9668.1006022500
      -2.596950        75.593857  1199.16    327.568000000      9657.0715161600
      -2.596950        75.593857  1209.59    327.531000000      9654.8900364900
      -2.596950        75.593857  1248.34    327.290000000      9640.6869690000
      -2.596950        75.593857  1259.34    326.861000000      9615.4301988900
      -2.596950        75.593857  1269.26    326.531000000      9596.0244564900
      -2.596950        75.593857  1289.76    326.190000000      9575.9924490000
      -2.596950        75.593857  1359.10    323.408000000      9413.3461017600
      -2.596950        75.593857  1469.23    320.930000000      9269.6458410000
      -2.596950        75.593857  1529.61    320.295000000      9232.9998322500
      -2.596950        75.593857  1539.07    320.312000000      9233.9799609600
      -2.596950        75.593857  1549.06    320.319000000      9234.3835584900
      -2.596950        75.593857  1569.16    320.632000000      9252.4391481600
      -2.596950        75.593857  1619.73    320.283000000      9232.3080080100
      -2.596950        75.593857  1639.71    320.263000000      9231.1550252100
      -2.596950        75.593857  1779.71    318.410000000      9124.6435290000
      -2.596950        75.593857  1869.28    315.313000000      8948.0059172100
      -2.596950        75.593857  1909.22    314.004000000      8873.8660814400
      -2.596950        75.593857  1919.69    313.554000000      8848.4499824400
      -2.596950        75.593857  1929.12    313.306000000      8834.4584672400
      -2.596950        75.593857  1939.65    313.141000000      8825.1557292900
      -2.596950        75.593857  2003.32    312.045000000      8763.4873822500
      -1.825920        75.293419    23.33    349.240000000     10977.1719840000
      -1.825920        75.293419    25.51    348.887000000     10954.9924892100
      -1.825920        75.293419    28.79    348.544000000     10933.4627942400
      -1.825920        75.293419    30.97    348.177000000     10910.4500996100
      -1.825920        75.293419    34.37    347.335000000     10857.7442002500
      -1.825920        75.293419    37.78    346.161000000     10784.4694128900
      -1.825920        75.293419    40.08    345.225000000     10726.2270562500
      -1.825920        75.293419    43.67    343.135000000     10596.7465402500
      -1.825920        75.293419    46.01    342.133000000     10534.9490720100
      -1.825920        75.293419    49.64    342.187000000     10538.2748672100
      -1.825920        75.293419    53.54    340.424000000     10429.9649798400
      -1.825920        75.293419    57.59    340.391000000     10427.9429592900
      -1.825920        75.293419    60.47    341.620000000     10503.3801960000
      -1.825920        75.293419    64.63    339.776000000     10390.2957158400
      -1.825920        75.293419    68.56    340.310000000     10422.9806490000
      -1.825920        75.293419    71.07    341.228000000     10479.2893185600
      -1.825920        75.293419    74.82    342.518000000     10558.6722291600
      -1.825920        75.293419    78.33    342.458000000     10554.9733587600
      -1.825920        75.293419    80.67    341.866000000     10518.5125760400
      -1.825920        75.293419    83.99    340.914000000     10460.0119856400
      -1.825920        75.293419    86.11    339.864000000     10395.6784646400
      -1.825920        75.293419    89.31    337.811000000     10270.4644548900
      -1.825920        75.293419    91.40    335.873000000     10152.9604916100
      -1.825920        75.293419    94.53    335.047000000     10103.0842988100
      -1.825920        75.293419    96.57    334.525000000     10071.6278062500
      -1.825920        75.293419    99.51    333.660000000     10019.6096040000
      -1.825920        75.293419   104.58    332.631000000      9957.9043944900
      -1.825920        75.293419   109.64    332.897000000      9973.8371348100
      -1.825920        75.293419   114.64    332.000000000      9920.1600000000
      -1.825920        75.293419   118.80    331.773000000      9906.5991176100
      -1.825920        75.293419   124.35    331.677000000      9900.8669096100
      -1.825920        75.293419   129.79    330.699000000      9842.5645740900
      -1.825920        75.293419   134.69    330.800000000      9848.5776000000
      -1.825920        75.293419   139.77    331.181000000      9871.2769284900
      -1.825920        75.293419   144.81    331.750000000      9905.2256250000
      -1.825920        75.293419   149.77    331.172000000      9870.7404225600
      -1.825920        75.293419   154.55    331.292000000      9877.8950337600
      -1.825920        75.293419   158.76    332.044000000      9922.7896142400
      -1.825920        75.293419   164.39    332.480000000      9948.8655360000
      -1.825920        75.293419   169.82    332.183000000      9931.0990940100
      -1.825920        75.293419   174.73    331.454000000      9887.5578704400
      -1.825920        75.293419   179.61    331.537000000      9892.5104132100
      -1.825920        75.293419   184.66    332.783000000      9967.0072580100
      -1.825920        75.293419   189.63    334.325000000     10059.5885062500
      -1.825920        75.293419   194.59    335.206000000     10112.6756192400
      -1.825920        75.293419   199.56    335.320000000     10119.5552160000
      -1.825920        75.293419   204.53    334.421000000     10065.3664716900
      -1.825920        75.293419   209.53    333.550000000     10013.0042250000
      -1.825920        75.293419   214.61    333.037000000      9982.2279032100
      -1.825920        75.293419   219.61    333.701000000     10022.0721660900
      -1.825920        75.293419   224.51    333.855000000     10031.3244922500
      -1.825920        75.293419   229.49    333.521000000     10011.2631696900
      -1.825920        75.293419   234.58    331.439000000      9886.6629648900
      -1.825920        75.293419   239.52    331.050000000      9863.4692250000
      -1.825920        75.293419   244.48    331.089000000      9865.7933328900
      -1.825920        75.293419   249.56    331.661000000      9899.9117028900
      -1.825920        75.293419   254.55    332.299000000      9938.0362860900
      -1.825920        75.293419   259.45    333.526000000     10011.5633408400
      -1.825920        75.293419   264.49    334.036000000     10042.2044366400
      -1.825920        75.293419   269.55    334.696000000     10081.9271174400
      -1.825920        75.293419   274.43    334.848000000     10091.0864793600
      -1.825920        75.293419   279.55    334.738000000     10084.4575779600
      -1.825920        75.293419   284.48    334.240000000     10054.4739840000
      -1.825920        75.293419   289.39    334.146000000     10048.8194384400
      -1.825920        75.293419   294.09    334.291000000     10057.5425412900
      -1.825920        75.293419   298.61    334.597000000     10075.9637168100
      -1.825920        75.293419   303.77    334.973000000     10098.6219656100
      -1.825920        75.293419   309.57    334.992000000     10099.7676057600
      -1.825920        75.293419   314.59    334.712000000     10082.8910649600
      -1.825920        75.293419   319.68    334.110000000     10046.6542890000
      -1.825920        75.293419   324.65    333.089000000      9985.3453728900
      -1.825920        75.293419   329.58    332.741000000      9964.4915772900
      -1.825920        75.293419   334.58    332.661000000      9959.7006828900
      -1.825920        75.293419   339.59    333.130000000      9987.8037210000
      -1.825920        75.293419   344.67    333.438000000     10006.2809859600
      -1.825920        75.293419   349.66    333.506000000     10010.3626832400
      -1.825920        75.293419   354.55    333.523000000     10011.3832376100
      -1.825920        75.293419   359.65    333.602000000     10016.1264963600
      -1.825920        75.293419   364.51    333.605000000     10016.3066422500
      -1.825920        75.293419   369.47    333.588000000     10015.2858369600
      -1.825920        75.293419   374.54    333.934000000     10036.0724720400
      -1.825920        75.293419   379.58    334.322000000     10059.4079715600
      -1.825920        75.293419   384.58    334.354000000     10061.3337584400
      -1.825920        75.293419   389.54    334.119000000     10047.1955544900
      -1.825920        75.293419   394.49    333.850000000     10031.0240250000
      -1.825920        75.293419   399.45    333.988000000     10039.3185729600
      -1.825920        75.293419   404.46    334.341000000     10060.5513852900
      -1.825920        75.293419   409.55    334.573000000     10074.5183096100
      -1.825920        75.293419   414.53    334.411000000     10064.7645228900
      -1.825920        75.293419   419.48    334.447000000     10066.9316228100
      -1.825920        75.293419   424.45    334.552000000     10073.2536633600
      -1.825920        75.293419   429.50    334.752000000     10085.3011353600
      -1.825920        75.293419   434.42    335.162000000     10110.0209619600
      -1.825920        75.293419   438.65    335.061000000     10103.9286348900
      -1.825920        75.293419   443.78    334.893000000     10093.7989304100
      -1.825920        75.293419   448.85    335.041000000     10102.7224512900
      -1.825920        75.293419   454.56    334.472000000     10068.4366905600
      -1.825920        75.293419   459.60    333.389000000     10003.3402788900
      -1.825920        75.293419   464.73    332.032000000      9922.0724121600
      -1.825920        75.293419   469.49    331.661000000      9899.9117028900
      -1.825920        75.293419   474.64    331.079000000      9865.1973816900
      -1.825920        75.293419   479.62    331.159000000      9869.9654952900
      -1.825920        75.293419   484.60    330.937000000      9856.7368172100
      -1.825920        75.293419   489.71    330.938000000      9856.7963859600
      -1.825920        75.293419   494.60    331.066000000      9864.4226720400
      -1.825920        75.293419   499.02    330.877000000      9853.1630216100
      -1.825920        75.293419   509.48    331.042000000      9862.9925187600
      -1.825920        75.293419   519.06    332.187000000      9931.3382672100
      -1.825920        75.293419   529.51    333.577000000     10014.6253436100
      -1.825920        75.293419   539.03    334.390000000     10063.5004890000
      -1.825920        75.293419   549.50    334.719000000     10083.3128064900
      -1.825920        75.293419   559.52    334.645000000     10078.8548422500
      -1.825920        75.293419   568.93    334.614000000     10076.9876096400
      -1.825920        75.293419   579.56    334.310000000     10058.6858490000
      -1.825920        75.293419   589.47    334.463000000     10067.8948532100
      -1.825920        75.293419   599.38    334.259000000     10055.6171172900
      -1.825920        75.293419   609.43    334.313000000     10058.8663772100
      -1.825920        75.293419   619.53    334.376000000     10062.6578438400
      -1.825920        75.293419   629.52    334.344000000     10060.7319302400
      -1.825920        75.293419   638.77    334.459000000     10067.6540412900
      -1.825920        75.293419   648.81    334.579000000     10074.8796516900
      -1.825920        75.293419   659.59    334.676000000     10080.7222478400
      -1.825920        75.293419   669.58    335.024000000     10101.6972518400
      -1.825920        75.293419   679.10    335.080000000     10105.0745760000
      -1.825920        75.293419   689.62    335.127000000     10107.9095516100
      -1.825920        75.293419   709.67    335.013000000     10101.0339152100
      -1.825920        75.293419   728.94    335.103000000     10106.4618548100
      -1.825920        75.293419   739.64    335.067000000     10104.2905040100
      -1.825920        75.293419   759.45    334.931000000     10096.0897284900
      -1.825920        75.293419   769.49    334.809000000     10088.7359832900
      -1.825920        75.293419   779.51    334.701000000     10082.2283460900
      -1.825920        75.293419   788.27    334.556000000     10073.4945422400
      -1.825920        75.293419   819.46    333.346000000     10000.7600144400
      -1.825920        75.293419   829.60    333.105000000      9986.3046922500
      -1.825920        75.293419   849.56    333.640000000     10018.4084640000
      -1.825920        75.293419   859.59    333.885000000     10033.1273902500
      -1.825920        75.293419   909.52    332.774000000      9966.4681568400
      -1.825920        75.293419   919.41    331.565000000      9894.1814302500
      -1.825920        75.293419   958.77    331.390000000      9883.7398890000
      -1.825920        75.293419   998.24    331.170000000      9870.6212010000
      -1.825920        75.293419  1019.58    332.344000000      9940.7280902400
      -1.825920        75.293419  1039.47    331.715000000      9903.1357102500
      -1.825920        75.293419  1049.57    329.741000000      9785.6214372900
      -1.825920        75.293419  1059.09    328.868000000      9733.8745281600
      -1.825920        75.293419  1089.57    329.898000000      9794.9421363600
      -1.825920        75.293419  1099.53    328.686000000      9723.1037936400
      -1.825920        75.293419  1139.58    327.944000000      9679.2540422400
      -1.825920        75.293419  1149.59    327.796000000      9670.5195854400
      -1.825920        75.293419  1159.43    327.694000000      9664.5021872400
      -1.825920        75.293419  1179.63    327.720000000      9666.0358560000
      -1.825920        75.293419  1189.48    327.319000000      9642.3954984900
      -1.825920        75.293419  1199.43    327.701000000      9664.9150860900
      -1.825920        75.293419  1208.96    327.951000000      9679.6672560900
      -1.825920        75.293419  1238.85    328.276000000      9698.8618958400
      -1.825920        75.293419  1248.89    328.479000000      9710.8608096900
      -1.825920        75.293419  1258.08    328.586000000      9717.1883456400
      -1.825920        75.293419  1458.97    322.755000000      9375.3711022500
      -1.825920        75.293419  1489.55    322.118000000      9338.4005331600
      -1.825920        75.293419  1508.75    321.649000000      9311.2271280900
      -1.825920        75.293419  1559.06    321.359000000      9294.4446192900
      -1.825920        75.293419  1609.34    321.195000000      9284.9605222500
      -1.825920        75.293419  1628.96    321.216000000      9286.1746790400
      -1.825920        75.293419  1648.98    321.353000000      9294.0975548100
      -1.825920        75.293419  1679.36    321.379000000      9295.6015476900
      -1.825920        75.293419  1768.98    320.069000000      9219.9748284900
      -1.825920        75.293419  1838.91    318.979000000      9157.2842196900
      -1.825920        75.293419  1859.65    318.340000000      9120.6320040000
